pytest (3.12)	Set up job	﻿2026-10-06T10:31:55.4936493Z Current runner version: '2.337.0'
pytest (3.12)	Set up job	2026-10-06T10:31:55.4990413Z ##[group]Runner Image Provisioner
pytest (3.12)	Set up job	2026-10-06T10:31:55.4991330Z Hosted Compute Agent
pytest (3.12)	Set up job	2026-10-06T10:31:55.4991942Z Version: 20260901.588
pytest (3.12)	Set up job	2026-10-06T10:31:55.4992557Z Commit: f88ec8081b781fac6c440065ac7ff9e710ce3d0b
pytest (3.12)	Set up job	2026-10-06T10:31:55.4993430Z Build Date: 2026-09-01T19:56:44Z
pytest (3.12)	Set up job	2026-10-06T10:31:55.4994126Z Worker ID: {1e8b7d75-bf4d-40da-8bac-14cdaa51978d}
pytest (3.12)	Set up job	2026-10-06T10:31:55.4994848Z Azure Region: westcentralus
pytest (3.12)	Set up job	2026-10-06T10:31:55.4995440Z ##[endgroup]
pytest (3.12)	Set up job	2026-10-06T10:31:55.4996736Z ##[group]Operating System
pytest (3.12)	Set up job	2026-10-06T10:31:55.4997385Z Microsoft Windows Server 2025
pytest (3.12)	Set up job	2026-10-06T10:31:55.4998072Z 10.0.26100
pytest (3.12)	Set up job	2026-10-06T10:31:55.4998586Z Datacenter
pytest (3.12)	Set up job	2026-10-06T10:31:55.4999088Z ##[endgroup]
pytest (3.12)	Set up job	2026-10-06T10:31:55.4999635Z ##[group]Runner Image
pytest (3.12)	Set up job	2026-10-06T10:31:55.5000244Z Image: windows-2025-vs2026
pytest (3.12)	Set up job	2026-10-06T10:31:55.5000854Z Version: 20260925.250.1
pytest (3.12)	Set up job	2026-10-06T10:31:55.5002900Z Included Software: https://github.com/actions/runner-images/blob/win25-vs2026/20260925.250/images/windows/Windows2025-VS2026-Readme.md
pytest (3.12)	Set up job	2026-10-06T10:31:55.5005102Z Image Release: https://github.com/actions/runner-images/releases/tag/win25-vs2026%2F20260925.250
pytest (3.12)	Set up job	2026-10-06T10:31:55.5006091Z ##[endgroup]
pytest (3.12)	Set up job	2026-10-06T10:31:55.5007283Z ##[group]GITHUB_TOKEN Permissions
pytest (3.12)	Set up job	2026-10-06T10:31:55.5009584Z Contents: read
pytest (3.12)	Set up job	2026-10-06T10:31:55.5010171Z Metadata: read
pytest (3.12)	Set up job	2026-10-06T10:31:55.5010717Z Packages: read
pytest (3.12)	Set up job	2026-10-06T10:31:55.5011235Z ##[endgroup]
pytest (3.12)	Set up job	2026-10-06T10:31:55.5013307Z Secret source: Actions
pytest (3.12)	Set up job	2026-10-06T10:31:55.5014210Z Cache mode: write
pytest (3.12)	Set up job	2026-10-06T10:31:55.5014916Z Prepare workflow directory
pytest (3.12)	Set up job	2026-10-06T10:31:55.5387248Z Prepare all required actions
pytest (3.12)	Set up job	2026-10-06T10:31:55.5438195Z Getting action download info
pytest (3.12)	Set up job	2026-10-06T10:31:55.8409543Z Download action repository 'actions/checkout@v4' (SHA:11d5960a326750d5838078e36cf38b85af677262)
pytest (3.12)	Set up job	2026-10-06T10:31:55.9696264Z Download action repository 'actions/setup-python@v5' (SHA:a26af69be951a213d495a4c3e4e4022e16d87065)
pytest (3.12)	Set up job	2026-10-06T10:31:56.3094888Z Complete job name: pytest (3.12)
pytest (3.12)	Run actions/checkout@v4	﻿2026-10-06T10:31:56.4670126Z ##[group]Run actions/checkout@v4
pytest (3.12)	Run actions/checkout@v4	2026-10-06T10:31:56.4671898Z with:
pytest (3.12)	Run actions/checkout@v4	2026-10-06T10:31:56.4672487Z   repository: AblazeGHR/pan
pytest (3.12)	Run actions/checkout@v4	2026-10-06T10:31:56.4677107Z   token: ***
pytest (3.12)	Run actions/checkout@v4	2026-10-06T10:31:56.4678367Z   ssh-strict: true
pytest (3.12)	Run actions/checkout@v4	2026-10-06T10:31:56.4679571Z   ssh-user: git
pytest (3.12)	Run actions/checkout@v4	2026-10-06T10:31:56.4680229Z   persist-credentials: true
pytest (3.12)	Run actions/checkout@v4	2026-10-06T10:31:56.4681203Z   clean: true
pytest (3.12)	Run actions/checkout@v4	2026-10-06T10:31:56.4681874Z   sparse-checkout-cone-mode: true
pytest (3.12)	Run actions/checkout@v4	2026-10-06T10:31:56.4682651Z   fetch-depth: 1
pytest (3.12)	Run actions/checkout@v4	2026-10-06T10:31:56.4683359Z   fetch-tags: false
pytest (3.12)	Run actions/checkout@v4	2026-10-06T10:31:56.4683945Z   show-progress: true
pytest (3.12)	Run actions/checkout@v4	2026-10-06T10:31:56.4684515Z   lfs: false
pytest (3.12)	Run actions/checkout@v4	2026-10-06T10:31:56.4685099Z   submodules: false
pytest (3.12)	Run actions/checkout@v4	2026-10-06T10:31:56.4685726Z   set-safe-directory: true
pytest (3.12)	Run actions/checkout@v4	2026-10-06T10:31:56.4686381Z   allow-unsafe-pr-checkout: false
pytest (3.12)	Run actions/checkout@v4	2026-10-06T10:31:56.4687533Z ##[endgroup]
pytest (3.12)	Run actions/checkout@v4	2026-10-06T10:31:56.6249150Z Syncing repository: AblazeGHR/pan
pytest (3.12)	Run actions/checkout@v4	2026-10-06T10:31:56.6251390Z ##[group]Getting Git version info
pytest (3.12)	Run actions/checkout@v4	2026-10-06T10:31:56.6252343Z Working directory is 'D:\a\pan\pan'
pytest (3.12)	Run actions/checkout@v4	2026-10-06T10:31:56.7096244Z [command]"C:\Program Files\Git\bin\git.exe" version
pytest (3.12)	Run actions/checkout@v4	2026-10-06T10:31:57.2858906Z git version 2.55.0.windows.5
pytest (3.12)	Run actions/checkout@v4	2026-10-06T10:31:57.2908588Z ##[endgroup]
pytest (3.12)	Run actions/checkout@v4	2026-10-06T10:31:57.2929600Z Temporarily overriding HOME='D:\a\_temp\78f6c8fd-41a2-4f57-a5d0-036b237caf86' before making global git config changes
pytest (3.12)	Run actions/checkout@v4	2026-10-06T10:31:57.2932705Z Adding repository directory to the temporary git global config as a safe directory
pytest (3.12)	Run actions/checkout@v4	2026-10-06T10:31:57.2940621Z [command]"C:\Program Files\Git\bin\git.exe" config --global --add safe.directory D:\a\pan\pan
pytest (3.12)	Run actions/checkout@v4	2026-10-06T10:31:57.3637602Z Deleting the contents of 'D:\a\pan\pan'
pytest (3.12)	Run actions/checkout@v4	2026-10-06T10:31:57.3644993Z ##[group]Initializing the repository
pytest (3.12)	Run actions/checkout@v4	2026-10-06T10:31:57.3654272Z [command]"C:\Program Files\Git\bin\git.exe" init D:\a\pan\pan
pytest (3.12)	Run actions/checkout@v4	2026-10-06T10:31:57.4616892Z Initialized empty Git repository in D:/a/pan/pan/.git/
pytest (3.12)	Run actions/checkout@v4	2026-10-06T10:31:57.4670252Z [command]"C:\Program Files\Git\bin\git.exe" remote add origin https://github.com/AblazeGHR/pan
pytest (3.12)	Run actions/checkout@v4	2026-10-06T10:31:57.5341882Z ##[endgroup]
pytest (3.12)	Run actions/checkout@v4	2026-10-06T10:31:57.5343856Z ##[group]Disabling automatic garbage collection
pytest (3.12)	Run actions/checkout@v4	2026-10-06T10:31:57.5351011Z [command]"C:\Program Files\Git\bin\git.exe" config --local gc.auto 0
pytest (3.12)	Run actions/checkout@v4	2026-10-06T10:31:57.5661030Z ##[endgroup]
pytest (3.12)	Run actions/checkout@v4	2026-10-06T10:31:57.5663188Z ##[group]Setting up auth
pytest (3.12)	Run actions/checkout@v4	2026-10-06T10:31:57.5673017Z [command]"C:\Program Files\Git\bin\git.exe" config --local --name-only --get-regexp core\.sshCommand
pytest (3.12)	Run actions/checkout@v4	2026-10-06T10:31:57.5983874Z [command]"C:\Program Files\Git\bin\git.exe" submodule foreach --recursive "sh -c \"git config --local --name-only --get-regexp 'core\.sshCommand' && git config --local --unset-all 'core.sshCommand' || :\""
pytest (3.12)	Run actions/checkout@v4	2026-10-06T10:31:59.2427893Z [command]"C:\Program Files\Git\bin\git.exe" config --local --name-only --get-regexp http\.https\:\/\/github\.com\/\.extraheader
pytest (3.12)	Run actions/checkout@v4	2026-10-06T10:31:59.2746175Z [command]"C:\Program Files\Git\bin\git.exe" submodule foreach --recursive "sh -c \"git config --local --name-only --get-regexp 'http\.https\:\/\/github\.com\/\.extraheader' && git config --local --unset-all 'http.https://github.com/.extraheader' || :\""
pytest (3.12)	Run actions/checkout@v4	2026-10-06T10:31:59.8537205Z [command]"C:\Program Files\Git\bin\git.exe" config --local --name-only --get-regexp ^includeIf\.gitdir:
pytest (3.12)	Run actions/checkout@v4	2026-10-06T10:31:59.8846654Z [command]"C:\Program Files\Git\bin\git.exe" submodule foreach --recursive "git config --local --show-origin --name-only --get-regexp remote.origin.url"
pytest (3.12)	Run actions/checkout@v4	2026-10-06T10:32:00.4528622Z [command]"C:\Program Files\Git\bin\git.exe" config --local http.https://github.com/.extraheader "AUTHORIZATION: basic ***"
pytest (3.12)	Run actions/checkout@v4	2026-10-06T10:32:00.4857155Z ##[endgroup]
pytest (3.12)	Run actions/checkout@v4	2026-10-06T10:32:00.4857978Z ##[group]Fetching the repository
pytest (3.12)	Run actions/checkout@v4	2026-10-06T10:32:00.4871300Z [command]"C:\Program Files\Git\bin\git.exe" -c protocol.version=2 fetch --no-tags --prune --no-recurse-submodules --depth=1 origin +9f1108a940cf3a0cc514724ad23ccd83daf99de4:refs/remotes/origin/main
pytest (3.12)	Run actions/checkout@v4	2026-10-06T10:32:02.7909155Z From https://github.com/AblazeGHR/pan
pytest (3.12)	Run actions/checkout@v4	2026-10-06T10:32:02.7910088Z  * [new ref]         9f1108a940cf3a0cc514724ad23ccd83daf99de4 -> origin/main
pytest (3.12)	Run actions/checkout@v4	2026-10-06T10:32:02.7962181Z ##[endgroup]
pytest (3.12)	Run actions/checkout@v4	2026-10-06T10:32:02.7963000Z ##[group]Determining the checkout info
pytest (3.12)	Run actions/checkout@v4	2026-10-06T10:32:02.7964529Z ##[endgroup]
pytest (3.12)	Run actions/checkout@v4	2026-10-06T10:32:02.7974073Z [command]"C:\Program Files\Git\bin\git.exe" sparse-checkout disable
pytest (3.12)	Run actions/checkout@v4	2026-10-06T10:32:02.8427589Z [command]"C:\Program Files\Git\bin\git.exe" config --local --unset-all extensions.worktreeConfig
pytest (3.12)	Run actions/checkout@v4	2026-10-06T10:32:02.8746480Z ##[group]Checking out the ref
pytest (3.12)	Run actions/checkout@v4	2026-10-06T10:32:02.8756889Z [command]"C:\Program Files\Git\bin\git.exe" checkout --progress --force -B main refs/remotes/origin/main
pytest (3.12)	Run actions/checkout@v4	2026-10-06T10:32:03.5839446Z Switched to a new branch 'main'
pytest (3.12)	Run actions/checkout@v4	2026-10-06T10:32:03.5912807Z branch 'main' set up to track 'origin/main'.
pytest (3.12)	Run actions/checkout@v4	2026-10-06T10:32:03.6002069Z ##[endgroup]
pytest (3.12)	Run actions/checkout@v4	2026-10-06T10:32:03.6432758Z [command]"C:\Program Files\Git\bin\git.exe" log -1 --format=%H
pytest (3.12)	Run actions/checkout@v4	2026-10-06T10:32:03.6698024Z 9f1108a940cf3a0cc514724ad23ccd83daf99de4
pytest (3.12)	Run actions/setup-python@v5	﻿2026-10-06T10:32:03.7212367Z ##[group]Run actions/setup-python@v5
pytest (3.12)	Run actions/setup-python@v5	2026-10-06T10:32:03.7213096Z with:
pytest (3.12)	Run actions/setup-python@v5	2026-10-06T10:32:03.7213419Z   python-version: 3.12
pytest (3.12)	Run actions/setup-python@v5	2026-10-06T10:32:03.7213763Z   check-latest: false
pytest (3.12)	Run actions/setup-python@v5	2026-10-06T10:32:03.7216227Z   token: ***
pytest (3.12)	Run actions/setup-python@v5	2026-10-06T10:32:03.7216528Z   update-environment: true
pytest (3.12)	Run actions/setup-python@v5	2026-10-06T10:32:03.7216894Z   allow-prereleases: false
pytest (3.12)	Run actions/setup-python@v5	2026-10-06T10:32:03.7217252Z   freethreaded: false
pytest (3.12)	Run actions/setup-python@v5	2026-10-06T10:32:03.7217582Z ##[endgroup]
pytest (3.12)	Run actions/setup-python@v5	2026-10-06T10:32:03.8902365Z ##[group]Installed versions
pytest (3.12)	Run actions/setup-python@v5	2026-10-06T10:32:03.9242605Z (node:7300) [DEP0040] DeprecationWarning: The `punycode` module is deprecated. Please use a userland alternative instead.
pytest (3.12)	Run actions/setup-python@v5	2026-10-06T10:32:03.9243440Z (Use `node --trace-deprecation ...` to show where the warning was created)
pytest (3.12)	Run actions/setup-python@v5	2026-10-06T10:32:03.9244140Z Successfully set up CPython (3.12.10)
pytest (3.12)	Run actions/setup-python@v5	2026-10-06T10:32:03.9245860Z ##[endgroup]
pytest (3.12)	Install dependencies	﻿2026-10-06T10:32:03.9919863Z ##[group]Run python -m pip install --upgrade pip
pytest (3.12)	Install dependencies	2026-10-06T10:32:03.9922368Z ^[[36;1mpython -m pip install --upgrade pip^[[0m
pytest (3.12)	Install dependencies	2026-10-06T10:32:03.9923913Z ^[[36;1mpip install -r minimal-requirements.txt^[[0m
pytest (3.12)	Install dependencies	2026-10-06T10:32:03.9924561Z ^[[36;1mpip install -r packages/qq/requirements.txt^[[0m
pytest (3.12)	Install dependencies	2026-10-06T10:32:03.9925168Z ^[[36;1mpip install pytest-timeout^[[0m
pytest (3.12)	Install dependencies	2026-10-06T10:32:04.1287492Z shell: C:\Program Files\PowerShell\7\pwsh.EXE -command ". '{0}'"
pytest (3.12)	Install dependencies	2026-10-06T10:32:04.1288026Z env:
pytest (3.12)	Install dependencies	2026-10-06T10:32:04.1288481Z   pythonLocation: C:\hostedtoolcache\windows\Python\3.12.10\x64
pytest (3.12)	Install dependencies	2026-10-06T10:32:04.1289032Z   PKG_CONFIG_PATH: C:\hostedtoolcache\windows\Python\3.12.10\x64/lib/pkgconfig
pytest (3.12)	Install dependencies	2026-10-06T10:32:04.1289545Z   Python_ROOT_DIR: C:\hostedtoolcache\windows\Python\3.12.10\x64
pytest (3.12)	Install dependencies	2026-10-06T10:32:04.1290081Z   Python2_ROOT_DIR: C:\hostedtoolcache\windows\Python\3.12.10\x64
pytest (3.12)	Install dependencies	2026-10-06T10:32:04.1290756Z   Python3_ROOT_DIR: C:\hostedtoolcache\windows\Python\3.12.10\x64
pytest (3.12)	Install dependencies	2026-10-06T10:32:04.1293783Z ##[endgroup]
pytest (3.12)	Install dependencies	2026-10-06T10:32:09.2421988Z Requirement already satisfied: pip in C:\hostedtoolcache\windows\Python\3.12.10\x64\Lib\site-packages (26.2.1)
pytest (3.12)	Install dependencies	2026-10-06T10:32:11.5219258Z Collecting fastapi (from -r minimal-requirements.txt (line 1))
pytest (3.12)	Install dependencies	2026-10-06T10:32:11.7720348Z   Downloading fastapi-0.142.2-py3-none-any.whl.metadata (27 kB)
pytest (3.12)	Install dependencies	2026-10-06T10:32:11.8932758Z Collecting uvicorn (from -r minimal-requirements.txt (line 2))
pytest (3.12)	Install dependencies	2026-10-06T10:32:11.9136278Z   Downloading uvicorn-0.54.0-py3-none-any.whl.metadata (6.6 kB)
pytest (3.12)	Install dependencies	2026-10-06T10:32:12.1246961Z Collecting websockets (from -r minimal-requirements.txt (line 3))
pytest (3.12)	Install dependencies	2026-10-06T10:32:12.1458479Z   Downloading websockets-17.2-cp312-cp312-win_amd64.whl.metadata (6.5 kB)
pytest (3.12)	Install dependencies	2026-10-06T10:32:12.2934172Z Collecting psutil (from -r minimal-requirements.txt (line 4))
pytest (3.12)	Install dependencies	2026-10-06T10:32:12.3144751Z   Downloading psutil-7.2.2-cp37-abi3-win_amd64.whl.metadata (22 kB)
pytest (3.12)	Install dependencies	2026-10-06T10:32:12.4106698Z Collecting httpx>=0.28.0 (from -r minimal-requirements.txt (line 5))
pytest (3.12)	Install dependencies	2026-10-06T10:32:12.4314357Z   Downloading httpx-0.28.1-py3-none-any.whl.metadata (7.1 kB)
pytest (3.12)	Install dependencies	2026-10-06T10:32:12.4998058Z Collecting mcp==1.28.1 (from -r minimal-requirements.txt (line 6))
pytest (3.12)	Install dependencies	2026-10-06T10:32:12.5203152Z   Downloading mcp-1.28.1-py3-none-any.whl.metadata (9.4 kB)
pytest (3.12)	Install dependencies	2026-10-06T10:32:12.5937502Z Collecting PyJWT<3,>=2.10 (from PyJWT[crypto]<3,>=2.10->-r minimal-requirements.txt (line 7))
pytest (3.12)	Install dependencies	2026-10-06T10:32:12.6146176Z   Downloading pyjwt-2.15.1-py3-none-any.whl.metadata (3.5 kB)
pytest (3.12)	Install dependencies	2026-10-06T10:32:12.6938661Z Collecting pywinpty==3.0.5 (from -r minimal-requirements.txt (line 8))
pytest (3.12)	Install dependencies	2026-10-06T10:32:12.7156401Z   Downloading pywinpty-3.0.5-cp312-cp312-win_amd64.whl.metadata (5.9 kB)
pytest (3.12)	Install dependencies	2026-10-06T10:32:12.7824075Z Collecting pyte==0.8.2 (from -r minimal-requirements.txt (line 9))
pytest (3.12)	Install dependencies	2026-10-06T10:32:12.8032109Z   Downloading pyte-0.8.2-py3-none-any.whl.metadata (3.0 kB)
pytest (3.12)	Install dependencies	2026-10-06T10:32:12.8812943Z Collecting anyio>=4.5 (from mcp==1.28.1->-r minimal-requirements.txt (line 6))
pytest (3.12)	Install dependencies	2026-10-06T10:32:12.9024138Z   Downloading anyio-4.15.1-py3-none-any.whl.metadata (4.7 kB)
pytest (3.12)	Install dependencies	2026-10-06T10:32:12.9861379Z Collecting httpx-sse>=0.4 (from mcp==1.28.1->-r minimal-requirements.txt (line 6))
pytest (3.12)	Install dependencies	2026-10-06T10:32:13.0067409Z   Downloading httpx_sse-0.4.3-py3-none-any.whl.metadata (9.7 kB)
pytest (3.12)	Install dependencies	2026-10-06T10:32:13.0903501Z Collecting jsonschema>=4.20.0 (from mcp==1.28.1->-r minimal-requirements.txt (line 6))
pytest (3.12)	Install dependencies	2026-10-06T10:32:13.1110707Z   Downloading jsonschema-4.26.0-py3-none-any.whl.metadata (7.6 kB)
pytest (3.12)	Install dependencies	2026-10-06T10:32:13.1928696Z Collecting pydantic-settings>=2.5.2 (from mcp==1.28.1->-r minimal-requirements.txt (line 6))
pytest (3.12)	Install dependencies	2026-10-06T10:32:13.2133798Z   Downloading pydantic_settings-2.15.0-py3-none-any.whl.metadata (3.9 kB)
pytest (3.12)	Install dependencies	2026-10-06T10:32:13.3614967Z Collecting pydantic<3.0.0,>=2.11.0 (from mcp==1.28.1->-r minimal-requirements.txt (line 6))
pytest (3.12)	Install dependencies	2026-10-06T10:32:13.3820349Z   Downloading pydantic-2.13.5-py3-none-any.whl.metadata (110 kB)
pytest (3.12)	Install dependencies	2026-10-06T10:32:13.5014373Z Collecting python-multipart>=0.0.9 (from mcp==1.28.1->-r minimal-requirements.txt (line 6))
pytest (3.12)	Install dependencies	2026-10-06T10:32:13.5227629Z   Downloading python_multipart-0.0.32-py3-none-any.whl.metadata (2.1 kB)
pytest (3.12)	Install dependencies	2026-10-06T10:32:13.6001316Z Collecting pywin32>=310 (from mcp==1.28.1->-r minimal-requirements.txt (line 6))
pytest (3.12)	Install dependencies	2026-10-06T10:32:13.6203702Z   Downloading pywin32-312-cp312-cp312-win_amd64.whl.metadata (11 kB)
pytest (3.12)	Install dependencies	2026-10-06T10:32:13.6929530Z Collecting sse-starlette>=1.6.1 (from mcp==1.28.1->-r minimal-requirements.txt (line 6))
pytest (3.12)	Install dependencies	2026-10-06T10:32:13.7133614Z   Downloading sse_starlette-3.5.0-py3-none-any.whl.metadata (15 kB)
pytest (3.12)	Install dependencies	2026-10-06T10:32:13.7972913Z Collecting starlette>=0.27 (from mcp==1.28.1->-r minimal-requirements.txt (line 6))
pytest (3.12)	Install dependencies	2026-10-06T10:32:13.8173645Z   Downloading starlette-1.7.0-py3-none-any.whl.metadata (6.6 kB)
pytest (3.12)	Install dependencies	2026-10-06T10:32:13.8920850Z Collecting typing-extensions>=4.9.0 (from mcp==1.28.1->-r minimal-requirements.txt (line 6))
pytest (3.12)	Install dependencies	2026-10-06T10:32:13.9124545Z   Downloading typing_extensions-4.16.0-py3-none-any.whl.metadata (3.3 kB)
pytest (3.12)	Install dependencies	2026-10-06T10:32:14.2401865Z Collecting typing-inspection>=0.4.1 (from mcp==1.28.1->-r minimal-requirements.txt (line 6))
pytest (3.12)	Install dependencies	2026-10-06T10:32:14.2602653Z   Downloading typing_inspection-0.4.4-py3-none-any.whl.metadata (2.6 kB)
pytest (3.12)	Install dependencies	2026-10-06T10:32:14.3366405Z Collecting wcwidth (from pyte==0.8.2->-r minimal-requirements.txt (line 9))
pytest (3.12)	Install dependencies	2026-10-06T10:32:14.3582155Z   Downloading wcwidth-0.9.2-cp310-abi3-win_amd64.whl.metadata (24 kB)
pytest (3.12)	Install dependencies	2026-10-06T10:32:14.4455688Z Collecting certifi (from httpx>=0.28.0->-r minimal-requirements.txt (line 5))
pytest (3.12)	Install dependencies	2026-10-06T10:32:14.4655749Z   Downloading certifi-2026.7.22-py3-none-any.whl.metadata (2.5 kB)
pytest (3.12)	Install dependencies	2026-10-06T10:32:14.5366422Z Collecting httpcore==1.* (from httpx>=0.28.0->-r minimal-requirements.txt (line 5))
pytest (3.12)	Install dependencies	2026-10-06T10:32:14.5578023Z   Downloading httpcore-1.0.9-py3-none-any.whl.metadata (21 kB)
pytest (3.12)	Install dependencies	2026-10-06T10:32:14.6310997Z Collecting idna (from httpx>=0.28.0->-r minimal-requirements.txt (line 5))
pytest (3.12)	Install dependencies	2026-10-06T10:32:14.6512733Z   Downloading idna-3.20-py3-none-any.whl.metadata (7.2 kB)
pytest (3.12)	Install dependencies	2026-10-06T10:32:14.7234481Z Collecting h11>=0.16 (from httpcore==1.*->httpx>=0.28.0->-r minimal-requirements.txt (line 5))
pytest (3.12)	Install dependencies	2026-10-06T10:32:14.7438724Z   Downloading h11-0.16.0-py3-none-any.whl.metadata (8.3 kB)
pytest (3.12)	Install dependencies	2026-10-06T10:32:14.8197788Z Collecting annotated-types>=0.6.0 (from pydantic<3.0.0,>=2.11.0->mcp==1.28.1->-r minimal-requirements.txt (line 6))
pytest (3.12)	Install dependencies	2026-10-06T10:32:14.8397767Z   Downloading annotated_types-0.8.0-py3-none-any.whl.metadata (15 kB)
pytest (3.12)	Install dependencies	2026-10-06T10:32:15.5450017Z Collecting pydantic-core==2.46.5 (from pydantic<3.0.0,>=2.11.0->mcp==1.28.1->-r minimal-requirements.txt (line 6))
pytest (3.12)	Install dependencies	2026-10-06T10:32:15.5653951Z   Downloading pydantic_core-2.46.5-cp312-cp312-win_amd64.whl.metadata (6.7 kB)
pytest (3.12)	Install dependencies	2026-10-06T10:32:15.7790868Z Collecting cryptography>=3.4.0 (from PyJWT[crypto]<3,>=2.10->-r minimal-requirements.txt (line 7))
pytest (3.12)	Install dependencies	2026-10-06T10:32:15.7996660Z   Downloading cryptography-50.0.2-cp311-abi3-win_amd64.whl.metadata (4.4 kB)
pytest (3.12)	Install dependencies	2026-10-06T10:32:15.8755733Z Collecting annotated-doc>=0.0.2 (from fastapi->-r minimal-requirements.txt (line 1))
pytest (3.12)	Install dependencies	2026-10-06T10:32:15.8958724Z   Downloading annotated_doc-0.0.5-py3-none-any.whl.metadata (6.5 kB)
pytest (3.12)	Install dependencies	2026-10-06T10:32:15.9737070Z Collecting opentelemetry-api>=1.44.0 (from fastapi->-r minimal-requirements.txt (line 1))
pytest (3.12)	Install dependencies	2026-10-06T10:32:15.9943831Z   Downloading opentelemetry_api-1.45.0-py3-none-any.whl.metadata (1.4 kB)
pytest (3.12)	Install dependencies	2026-10-06T10:32:16.0305389Z Requirement already satisfied: click>=7.0 in C:\hostedtoolcache\windows\Python\3.12.10\x64\Lib\site-packages (from uvicorn->-r minimal-requirements.txt (line 2)) (8.5.0)
pytest (3.12)	Install dependencies	2026-10-06T10:32:16.1963942Z Collecting cffi>=2.0.0 (from cryptography>=3.4.0->PyJWT[crypto]<3,>=2.10->-r minimal-requirements.txt (line 7))
pytest (3.12)	Install dependencies	2026-10-06T10:32:16.2176272Z   Downloading cffi-2.1.1-cp312-cp312-win_amd64.whl.metadata (2.6 kB)
pytest (3.12)	Install dependencies	2026-10-06T10:32:16.2879313Z Collecting pycparser (from cffi>=2.0.0->cryptography>=3.4.0->PyJWT[crypto]<3,>=2.10->-r minimal-requirements.txt (line 7))
pytest (3.12)	Install dependencies	2026-10-06T10:32:16.3085990Z   Downloading pycparser-3.0-py3-none-any.whl.metadata (8.2 kB)
pytest (3.12)	Install dependencies	2026-10-06T10:32:16.3997491Z Collecting attrs>=22.2.0 (from jsonschema>=4.20.0->mcp==1.28.1->-r minimal-requirements.txt (line 6))
pytest (3.12)	Install dependencies	2026-10-06T10:32:16.4202262Z   Downloading attrs-26.1.0-py3-none-any.whl.metadata (8.8 kB)
pytest (3.12)	Install dependencies	2026-10-06T10:32:16.4892065Z Collecting jsonschema-specifications>=2023.03.6 (from jsonschema>=4.20.0->mcp==1.28.1->-r minimal-requirements.txt (line 6))
pytest (3.12)	Install dependencies	2026-10-06T10:32:16.5098708Z   Downloading jsonschema_specifications-2025.9.1-py3-none-any.whl.metadata (2.9 kB)
pytest (3.12)	Install dependencies	2026-10-06T10:32:16.5892216Z Collecting referencing>=0.28.4 (from jsonschema>=4.20.0->mcp==1.28.1->-r minimal-requirements.txt (line 6))
pytest (3.12)	Install dependencies	2026-10-06T10:32:16.6123252Z   Downloading referencing-0.37.0-py3-none-any.whl.metadata (2.8 kB)
pytest (3.12)	Install dependencies	2026-10-06T10:32:16.9002745Z Collecting rpds-py>=0.25.0 (from jsonschema>=4.20.0->mcp==1.28.1->-r minimal-requirements.txt (line 6))
pytest (3.12)	Install dependencies	2026-10-06T10:32:16.9209349Z   Downloading rpds_py-2026.9.1-cp312-cp312-win_amd64.whl.metadata (4.2 kB)
pytest (3.12)	Install dependencies	2026-10-06T10:32:17.0976395Z Collecting python-dotenv>=0.21.0 (from pydantic-settings>=2.5.2->mcp==1.28.1->-r minimal-requirements.txt (line 6))
pytest (3.12)	Install dependencies	2026-10-06T10:32:17.1176192Z   Downloading python_dotenv-1.2.4-py3-none-any.whl.metadata (29 kB)
pytest (3.12)	Install dependencies	2026-10-06T10:32:17.1793453Z Downloading mcp-1.28.1-py3-none-any.whl (222 kB)
pytest (3.12)	Install dependencies	2026-10-06T10:32:17.2443279Z Downloading pywinpty-3.0.5-cp312-cp312-win_amd64.whl (2.1 MB)
pytest (3.12)	Install dependencies	2026-10-06T10:32:17.3670341Z    ---------------------------------------- 2.1/2.1 MB 16.6 MB/s  0:00:00
pytest (3.12)	Install dependencies	2026-10-06T10:32:17.3900142Z Downloading pyte-0.8.2-py3-none-any.whl (31 kB)
pytest (3.12)	Install dependencies	2026-10-06T10:32:17.4325944Z Downloading httpx-0.28.1-py3-none-any.whl (73 kB)
pytest (3.12)	Install dependencies	2026-10-06T10:32:17.4797898Z Downloading pyjwt-2.15.1-py3-none-any.whl (33 kB)
pytest (3.12)	Install dependencies	2026-10-06T10:32:17.5300998Z Downloading httpcore-1.0.9-py3-none-any.whl (78 kB)
pytest (3.12)	Install dependencies	2026-10-06T10:32:17.5703360Z Downloading pydantic-2.13.5-py3-none-any.whl (472 kB)
pytest (3.12)	Install dependencies	2026-10-06T10:32:17.6231041Z Downloading pydantic_core-2.46.5-cp312-cp312-win_amd64.whl (2.0 MB)
pytest (3.12)	Install dependencies	2026-10-06T10:32:17.6913456Z    ---------------------------------------- 2.0/2.0 MB 28.3 MB/s  0:00:00
pytest (3.12)	Install dependencies	2026-10-06T10:32:17.7116392Z Downloading fastapi-0.142.2-py3-none-any.whl (144 kB)
pytest (3.12)	Install dependencies	2026-10-06T10:32:17.7561463Z Downloading uvicorn-0.54.0-py3-none-any.whl (87 kB)
pytest (3.12)	Install dependencies	2026-10-06T10:32:17.7962674Z Downloading websockets-17.2-cp312-cp312-win_amd64.whl (218 kB)
pytest (3.12)	Install dependencies	2026-10-06T10:32:17.8527159Z Downloading psutil-7.2.2-cp37-abi3-win_amd64.whl (137 kB)
pytest (3.12)	Install dependencies	2026-10-06T10:32:17.8964795Z Downloading annotated_doc-0.0.5-py3-none-any.whl (5.3 kB)
pytest (3.12)	Install dependencies	2026-10-06T10:32:17.9377723Z Downloading annotated_types-0.8.0-py3-none-any.whl (13 kB)
pytest (3.12)	Install dependencies	2026-10-06T10:32:17.9836644Z Downloading anyio-4.15.1-py3-none-any.whl (132 kB)
pytest (3.12)	Install dependencies	2026-10-06T10:32:18.0489774Z Downloading cryptography-50.0.2-cp311-abi3-win_amd64.whl (3.8 MB)
pytest (3.12)	Install dependencies	2026-10-06T10:32:18.2511589Z    ---------------------------------------- 3.8/3.8 MB 17.5 MB/s  0:00:00
pytest (3.12)	Install dependencies	2026-10-06T10:32:18.2729872Z Downloading cffi-2.1.1-cp312-cp312-win_amd64.whl (185 kB)
pytest (3.12)	Install dependencies	2026-10-06T10:32:18.3213458Z Downloading h11-0.16.0-py3-none-any.whl (37 kB)
pytest (3.12)	Install dependencies	2026-10-06T10:32:18.7162420Z Downloading httpx_sse-0.4.3-py3-none-any.whl (9.0 kB)
pytest (3.12)	Install dependencies	2026-10-06T10:32:18.7551317Z Downloading idna-3.20-py3-none-any.whl (69 kB)
pytest (3.12)	Install dependencies	2026-10-06T10:32:18.7973531Z Downloading jsonschema-4.26.0-py3-none-any.whl (90 kB)
pytest (3.12)	Install dependencies	2026-10-06T10:32:18.8422094Z Downloading attrs-26.1.0-py3-none-any.whl (67 kB)
pytest (3.12)	Install dependencies	2026-10-06T10:32:18.8875651Z Downloading jsonschema_specifications-2025.9.1-py3-none-any.whl (18 kB)
pytest (3.12)	Install dependencies	2026-10-06T10:32:18.9311469Z Downloading opentelemetry_api-1.45.0-py3-none-any.whl (60 kB)
pytest (3.12)	Install dependencies	2026-10-06T10:32:18.9721376Z Downloading pydantic_settings-2.15.0-py3-none-any.whl (69 kB)
pytest (3.12)	Install dependencies	2026-10-06T10:32:19.0107467Z Downloading python_dotenv-1.2.4-py3-none-any.whl (23 kB)
pytest (3.12)	Install dependencies	2026-10-06T10:32:19.0522163Z Downloading python_multipart-0.0.32-py3-none-any.whl (30 kB)
pytest (3.12)	Install dependencies	2026-10-06T10:32:19.0935530Z Downloading pywin32-312-cp312-cp312-win_amd64.whl (6.9 MB)
pytest (3.12)	Install dependencies	2026-10-06T10:32:19.2511588Z    ---------------------------------------- 6.9/6.9 MB 42.6 MB/s  0:00:00
pytest (3.12)	Install dependencies	2026-10-06T10:32:19.2712411Z Downloading referencing-0.37.0-py3-none-any.whl (26 kB)
pytest (3.12)	Install dependencies	2026-10-06T10:32:19.3183764Z Downloading rpds_py-2026.9.1-cp312-cp312-win_amd64.whl (222 kB)
pytest (3.12)	Install dependencies	2026-10-06T10:32:19.3943337Z Downloading sse_starlette-3.5.0-py3-none-any.whl (17 kB)
pytest (3.12)	Install dependencies	2026-10-06T10:32:19.4407787Z Downloading starlette-1.7.0-py3-none-any.whl (78 kB)
pytest (3.12)	Install dependencies	2026-10-06T10:32:19.4832406Z Downloading typing_extensions-4.16.0-py3-none-any.whl (45 kB)
pytest (3.12)	Install dependencies	2026-10-06T10:32:19.5240424Z Downloading typing_inspection-0.4.4-py3-none-any.whl (14 kB)
pytest (3.12)	Install dependencies	2026-10-06T10:32:19.5654973Z Downloading certifi-2026.7.22-py3-none-any.whl (136 kB)
pytest (3.12)	Install dependencies	2026-10-06T10:32:19.6060839Z Downloading pycparser-3.0-py3-none-any.whl (48 kB)
pytest (3.12)	Install dependencies	2026-10-06T10:32:19.6454240Z Downloading wcwidth-0.9.2-cp310-abi3-win_amd64.whl (597 kB)
pytest (3.12)	Install dependencies	2026-10-06T10:32:19.6754212Z    ---------------------------------------- 597.8/597.8 kB 10.8 MB/s  0:00:00
pytest (3.12)	Install dependencies	2026-10-06T10:32:20.1574188Z Installing collected packages: websockets, wcwidth, typing-extensions, rpds-py, pywinpty, pywin32, python-multipart, python-dotenv, PyJWT, pycparser, psutil, idna, httpx-sse, h11, certifi, attrs, annotated-types, annotated-doc, uvicorn, typing-inspection, referencing, pyte, pydantic-core, opentelemetry-api, httpcore, cffi, anyio, starlette, pydantic, jsonschema-specifications, httpx, cryptography, sse-starlette, pydantic-settings, jsonschema, fastapi, mcp
pytest (3.12)	Install dependencies	2026-10-06T10:32:55.5306633Z 
pytest (3.12)	Install dependencies	2026-10-06T10:32:55.5364721Z Successfully installed PyJWT-2.15.1 annotated-doc-0.0.5 annotated-types-0.8.0 anyio-4.15.1 attrs-26.1.0 certifi-2026.7.22 cffi-2.1.1 cryptography-50.0.2 fastapi-0.142.2 h11-0.16.0 httpcore-1.0.9 httpx-0.28.1 httpx-sse-0.4.3 idna-3.20 jsonschema-4.26.0 jsonschema-specifications-2025.9.1 mcp-1.28.1 opentelemetry-api-1.45.0 psutil-7.2.2 pycparser-3.0 pydantic-2.13.5 pydantic-core-2.46.5 pydantic-settings-2.15.0 pyte-0.8.2 python-dotenv-1.2.4 python-multipart-0.0.32 pywin32-312 pywinpty-3.0.5 referencing-0.37.0 rpds-py-2026.9.1 sse-starlette-3.5.0 starlette-1.7.0 typing-extensions-4.16.0 typing-inspection-0.4.4 uvicorn-0.54.0 wcwidth-0.9.2 websockets-17.2
pytest (3.12)	Install dependencies	2026-10-06T10:32:57.4492258Z Collecting nonebot2>=2.4.0 (from nonebot2[fastapi,websockets]>=2.4.0->-r packages/qq/requirements.txt (line 1))
pytest (3.12)	Install dependencies	2026-10-06T10:32:57.6741764Z   Downloading nonebot2-2.5.0-py3-none-any.whl.metadata (24 kB)
pytest (3.12)	Install dependencies	2026-10-06T10:32:57.7924206Z Collecting nonebot-adapter-onebot<2.5.0,>=2.4.0 (from -r packages/qq/requirements.txt (line 2))
pytest (3.12)	Install dependencies	2026-10-06T10:32:57.8136805Z   Downloading nonebot_adapter_onebot-2.4.6-py3-none-any.whl.metadata (5.0 kB)
pytest (3.12)	Install dependencies	2026-10-06T10:32:57.8388859Z Requirement already satisfied: httpx>=0.28.0 in C:\hostedtoolcache\windows\Python\3.12.10\x64\Lib\site-packages (from -r packages/qq/requirements.txt (line 3)) (0.28.1)
pytest (3.12)	Install dependencies	2026-10-06T10:32:58.0139880Z Collecting msgpack<2.0.0,>=1.0.3 (from nonebot-adapter-onebot<2.5.0,>=2.4.0->-r packages/qq/requirements.txt (line 2))
pytest (3.12)	Install dependencies	2026-10-06T10:32:58.0348907Z   Downloading msgpack-1.2.3-cp312-cp312-win_amd64.whl.metadata (8.5 kB)
pytest (3.12)	Install dependencies	2026-10-06T10:32:58.0604478Z Requirement already satisfied: pydantic!=2.5.0,!=2.5.1,<3.0.0,>=1.10.0 in C:\hostedtoolcache\windows\Python\3.12.10\x64\Lib\site-packages (from nonebot-adapter-onebot<2.5.0,>=2.4.0->-r packages/qq/requirements.txt (line 2)) (2.13.5)
pytest (3.12)	Install dependencies	2026-10-06T10:32:58.0608694Z Requirement already satisfied: typing-extensions<5.0.0,>=4.0.0 in C:\hostedtoolcache\windows\Python\3.12.10\x64\Lib\site-packages (from nonebot-adapter-onebot<2.5.0,>=2.4.0->-r packages/qq/requirements.txt (line 2)) (4.16.0)
pytest (3.12)	Install dependencies	2026-10-06T10:32:58.3897398Z Collecting yarl<2.0.0,>=1.7.2 (from nonebot2>=2.4.0->nonebot2[fastapi,websockets]>=2.4.0->-r packages/qq/requirements.txt (line 1))
pytest (3.12)	Install dependencies	2026-10-06T10:32:58.4103581Z   Downloading yarl-1.25.1-cp312-cp312-win_amd64.whl.metadata (115 kB)
pytest (3.12)	Install dependencies	2026-10-06T10:32:58.4845809Z Requirement already satisfied: anyio<5.0.0,>=4.4.0 in C:\hostedtoolcache\windows\Python\3.12.10\x64\Lib\site-packages (from nonebot2>=2.4.0->nonebot2[fastapi,websockets]>=2.4.0->-r packages/qq/requirements.txt (line 1)) (4.15.1)
pytest (3.12)	Install dependencies	2026-10-06T10:32:58.5396459Z Collecting loguru<1.0.0,>=0.6.0 (from nonebot2>=2.4.0->nonebot2[fastapi,websockets]>=2.4.0->-r packages/qq/requirements.txt (line 1))
pytest (3.12)	Install dependencies	2026-10-06T10:32:58.5600777Z   Downloading loguru-0.7.3-py3-none-any.whl.metadata (22 kB)
pytest (3.12)	Install dependencies	2026-10-06T10:32:58.6308805Z Collecting pygtrie<3.0.0,>=2.4.1 (from nonebot2>=2.4.0->nonebot2[fastapi,websockets]>=2.4.0->-r packages/qq/requirements.txt (line 1))
pytest (3.12)	Install dependencies	2026-10-06T10:32:58.6510971Z   Downloading pygtrie-2.6.2-py3-none-any.whl.metadata (12 kB)
pytest (3.12)	Install dependencies	2026-10-06T10:32:58.7246199Z Collecting exceptiongroup<2.0.0,>=1.2.2 (from nonebot2>=2.4.0->nonebot2[fastapi,websockets]>=2.4.0->-r packages/qq/requirements.txt (line 1))
pytest (3.12)	Install dependencies	2026-10-06T10:32:58.7455258Z   Downloading exceptiongroup-1.3.1-py3-none-any.whl.metadata (6.7 kB)
pytest (3.12)	Install dependencies	2026-10-06T10:32:58.7667301Z Requirement already satisfied: python-dotenv<2.0.0,>=0.21.0 in C:\hostedtoolcache\windows\Python\3.12.10\x64\Lib\site-packages (from nonebot2>=2.4.0->nonebot2[fastapi,websockets]>=2.4.0->-r packages/qq/requirements.txt (line 1)) (1.2.4)
pytest (3.12)	Install dependencies	2026-10-06T10:32:58.7684521Z Requirement already satisfied: idna>=2.8 in C:\hostedtoolcache\windows\Python\3.12.10\x64\Lib\site-packages (from anyio<5.0.0,>=4.4.0->nonebot2>=2.4.0->nonebot2[fastapi,websockets]>=2.4.0->-r packages/qq/requirements.txt (line 1)) (3.20)
pytest (3.12)	Install dependencies	2026-10-06T10:32:58.7703046Z Requirement already satisfied: colorama>=0.3.4 in C:\hostedtoolcache\windows\Python\3.12.10\x64\Lib\site-packages (from loguru<1.0.0,>=0.6.0->nonebot2>=2.4.0->nonebot2[fastapi,websockets]>=2.4.0->-r packages/qq/requirements.txt (line 1)) (0.4.6)
pytest (3.12)	Install dependencies	2026-10-06T10:32:58.8100599Z Collecting win32-setctime>=1.0.0 (from loguru<1.0.0,>=0.6.0->nonebot2>=2.4.0->nonebot2[fastapi,websockets]>=2.4.0->-r packages/qq/requirements.txt (line 1))
pytest (3.12)	Install dependencies	2026-10-06T10:32:58.8320163Z   Downloading win32_setctime-1.2.0-py3-none-any.whl.metadata (2.4 kB)
pytest (3.12)	Install dependencies	2026-10-06T10:32:58.8556603Z Requirement already satisfied: annotated-types>=0.6.0 in C:\hostedtoolcache\windows\Python\3.12.10\x64\Lib\site-packages (from pydantic!=2.5.0,!=2.5.1,<3.0.0,>=1.10.0->nonebot-adapter-onebot<2.5.0,>=2.4.0->-r packages/qq/requirements.txt (line 2)) (0.8.0)
pytest (3.12)	Install dependencies	2026-10-06T10:32:58.8562479Z Requirement already satisfied: pydantic-core==2.46.5 in C:\hostedtoolcache\windows\Python\3.12.10\x64\Lib\site-packages (from pydantic!=2.5.0,!=2.5.1,<3.0.0,>=1.10.0->nonebot-adapter-onebot<2.5.0,>=2.4.0->-r packages/qq/requirements.txt (line 2)) (2.46.5)
pytest (3.12)	Install dependencies	2026-10-06T10:32:58.8568415Z Requirement already satisfied: typing-inspection>=0.4.2 in C:\hostedtoolcache\windows\Python\3.12.10\x64\Lib\site-packages (from pydantic!=2.5.0,!=2.5.1,<3.0.0,>=1.10.0->nonebot-adapter-onebot<2.5.0,>=2.4.0->-r packages/qq/requirements.txt (line 2)) (0.4.4)
pytest (3.12)	Install dependencies	2026-10-06T10:32:59.2726575Z Collecting multidict>=4.0 (from yarl<2.0.0,>=1.7.2->nonebot2>=2.4.0->nonebot2[fastapi,websockets]>=2.4.0->-r packages/qq/requirements.txt (line 1))
pytest (3.12)	Install dependencies	2026-10-06T10:32:59.2942940Z   Downloading multidict-7.0.0-cp312-cp312-win_amd64.whl.metadata (6.3 kB)
pytest (3.12)	Install dependencies	2026-10-06T10:32:59.4237594Z Collecting propcache>=0.2.1 (from yarl<2.0.0,>=1.7.2->nonebot2>=2.4.0->nonebot2[fastapi,websockets]>=2.4.0->-r packages/qq/requirements.txt (line 1))
pytest (3.12)	Install dependencies	2026-10-06T10:32:59.4444632Z   Downloading propcache-0.5.4-cp312-cp312-win_amd64.whl.metadata (25 kB)
pytest (3.12)	Install dependencies	2026-10-06T10:33:01.0759773Z Requirement already satisfied: certifi in C:\hostedtoolcache\windows\Python\3.12.10\x64\Lib\site-packages (from httpx>=0.28.0->-r packages/qq/requirements.txt (line 3)) (2026.7.22)
pytest (3.12)	Install dependencies	2026-10-06T10:33:01.0763282Z Requirement already satisfied: httpcore==1.* in C:\hostedtoolcache\windows\Python\3.12.10\x64\Lib\site-packages (from httpx>=0.28.0->-r packages/qq/requirements.txt (line 3)) (1.0.9)
pytest (3.12)	Install dependencies	2026-10-06T10:33:01.0784974Z Requirement already satisfied: h11>=0.16 in C:\hostedtoolcache\windows\Python\3.12.10\x64\Lib\site-packages (from httpcore==1.*->httpx>=0.28.0->-r packages/qq/requirements.txt (line 3)) (0.16.0)
pytest (3.12)	Install dependencies	2026-10-06T10:33:01.0848681Z Requirement already satisfied: fastapi<1.0.0,>=0.93.0 in C:\hostedtoolcache\windows\Python\3.12.10\x64\Lib\site-packages (from nonebot2[fastapi,websockets]>=2.4.0->-r packages/qq/requirements.txt (line 1)) (0.142.2)
pytest (3.12)	Install dependencies	2026-10-06T10:33:01.0857438Z Requirement already satisfied: uvicorn<1.0.0,>=0.20.0 in C:\hostedtoolcache\windows\Python\3.12.10\x64\Lib\site-packages (from uvicorn[standard]<1.0.0,>=0.20.0; extra == "fastapi"->nonebot2[fastapi,websockets]>=2.4.0->-r packages/qq/requirements.txt (line 1)) (0.54.0)
pytest (3.12)	Install dependencies	2026-10-06T10:33:01.0863713Z Requirement already satisfied: websockets>=15.0 in C:\hostedtoolcache\windows\Python\3.12.10\x64\Lib\site-packages (from nonebot2[fastapi,websockets]>=2.4.0->-r packages/qq/requirements.txt (line 1)) (17.2)
pytest (3.12)	Install dependencies	2026-10-06T10:33:01.0882240Z Requirement already satisfied: starlette>=0.46.0 in C:\hostedtoolcache\windows\Python\3.12.10\x64\Lib\site-packages (from fastapi<1.0.0,>=0.93.0->nonebot2[fastapi,websockets]>=2.4.0->-r packages/qq/requirements.txt (line 1)) (1.7.0)
pytest (3.12)	Install dependencies	2026-10-06T10:33:01.0890278Z Requirement already satisfied: annotated-doc>=0.0.2 in C:\hostedtoolcache\windows\Python\3.12.10\x64\Lib\site-packages (from fastapi<1.0.0,>=0.93.0->nonebot2[fastapi,websockets]>=2.4.0->-r packages/qq/requirements.txt (line 1)) (0.0.5)
pytest (3.12)	Install dependencies	2026-10-06T10:33:01.0894460Z Requirement already satisfied: opentelemetry-api>=1.44.0 in C:\hostedtoolcache\windows\Python\3.12.10\x64\Lib\site-packages (from fastapi<1.0.0,>=0.93.0->nonebot2[fastapi,websockets]>=2.4.0->-r packages/qq/requirements.txt (line 1)) (1.45.0)
pytest (3.12)	Install dependencies	2026-10-06T10:33:01.0923972Z Requirement already satisfied: click>=7.0 in C:\hostedtoolcache\windows\Python\3.12.10\x64\Lib\site-packages (from uvicorn<1.0.0,>=0.20.0->uvicorn[standard]<1.0.0,>=0.20.0; extra == "fastapi"->nonebot2[fastapi,websockets]>=2.4.0->-r packages/qq/requirements.txt (line 1)) (8.5.0)
pytest (3.12)	Install dependencies	2026-10-06T10:33:01.1513112Z Collecting httptools>=0.8.0 (from uvicorn[standard]<1.0.0,>=0.20.0; extra == "fastapi"->nonebot2[fastapi,websockets]>=2.4.0->-r packages/qq/requirements.txt (line 1))
pytest (3.12)	Install dependencies	2026-10-06T10:33:01.1726873Z   Downloading httptools-0.8.0-cp312-cp312-win_amd64.whl.metadata (3.7 kB)
pytest (3.12)	Install dependencies	2026-10-06T10:33:01.2631616Z Collecting pyyaml>=5.1 (from uvicorn[standard]<1.0.0,>=0.20.0; extra == "fastapi"->nonebot2[fastapi,websockets]>=2.4.0->-r packages/qq/requirements.txt (line 1))
pytest (3.12)	Install dependencies	2026-10-06T10:33:01.2848380Z   Downloading pyyaml-6.0.3-cp312-cp312-win_amd64.whl.metadata (2.4 kB)
pytest (3.12)	Install dependencies	2026-10-06T10:33:01.4360464Z Collecting watchfiles>=0.20 (from uvicorn[standard]<1.0.0,>=0.20.0; extra == "fastapi"->nonebot2[fastapi,websockets]>=2.4.0->-r packages/qq/requirements.txt (line 1))
pytest (3.12)	Install dependencies	2026-10-06T10:33:01.4573879Z   Downloading watchfiles-1.3.0-cp310-abi3-win_amd64.whl.metadata (5.0 kB)
pytest (3.12)	Install dependencies	2026-10-06T10:33:01.5170965Z Downloading nonebot_adapter_onebot-2.4.6-py3-none-any.whl (49 kB)
pytest (3.12)	Install dependencies	2026-10-06T10:33:01.5610979Z Downloading nonebot2-2.5.0-py3-none-any.whl (119 kB)
pytest (3.12)	Install dependencies	2026-10-06T10:33:01.6426300Z Downloading exceptiongroup-1.3.1-py3-none-any.whl (16 kB)
pytest (3.12)	Install dependencies	2026-10-06T10:33:01.6808293Z Downloading loguru-0.7.3-py3-none-any.whl (61 kB)
pytest (3.12)	Install dependencies	2026-10-06T10:33:01.8030220Z Downloading msgpack-1.2.3-cp312-cp312-win_amd64.whl (76 kB)
pytest (3.12)	Install dependencies	2026-10-06T10:33:01.8464788Z Downloading pygtrie-2.6.2-py3-none-any.whl (33 kB)
pytest (3.12)	Install dependencies	2026-10-06T10:33:01.8990460Z Downloading yarl-1.25.1-cp312-cp312-win_amd64.whl (102 kB)
pytest (3.12)	Install dependencies	2026-10-06T10:33:01.9432995Z Downloading multidict-7.0.0-cp312-cp312-win_amd64.whl (87 kB)
pytest (3.12)	Install dependencies	2026-10-06T10:33:01.9881484Z Downloading httptools-0.8.0-cp312-cp312-win_amd64.whl (90 kB)
pytest (3.12)	Install dependencies	2026-10-06T10:33:02.0330174Z Downloading propcache-0.5.4-cp312-cp312-win_amd64.whl (46 kB)
pytest (3.12)	Install dependencies	2026-10-06T10:33:02.0714188Z Downloading pyyaml-6.0.3-cp312-cp312-win_amd64.whl (154 kB)
pytest (3.12)	Install dependencies	2026-10-06T10:33:02.1324503Z Downloading watchfiles-1.3.0-cp310-abi3-win_amd64.whl (290 kB)
pytest (3.12)	Install dependencies	2026-10-06T10:33:02.1937978Z Downloading win32_setctime-1.2.0-py3-none-any.whl (4.1 kB)
pytest (3.12)	Install dependencies	2026-10-06T10:33:02.3688856Z Installing collected packages: win32-setctime, pyyaml, pygtrie, propcache, multidict, msgpack, httptools, exceptiongroup, yarl, watchfiles, loguru, nonebot2, nonebot-adapter-onebot
pytest (3.12)	Install dependencies	2026-10-06T10:33:04.2081508Z 
pytest (3.12)	Install dependencies	2026-10-06T10:33:04.2133499Z Successfully installed exceptiongroup-1.3.1 httptools-0.8.0 loguru-0.7.3 msgpack-1.2.3 multidict-7.0.0 nonebot-adapter-onebot-2.4.6 nonebot2-2.5.0 propcache-0.5.4 pygtrie-2.6.2 pyyaml-6.0.3 watchfiles-1.3.0 win32-setctime-1.2.0 yarl-1.25.1
pytest (3.12)	Install dependencies	2026-10-06T10:33:05.7411669Z Collecting pytest-timeout
pytest (3.12)	Install dependencies	2026-10-06T10:33:05.9655801Z   Downloading pytest_timeout-2.4.0-py3-none-any.whl.metadata (20 kB)
pytest (3.12)	Install dependencies	2026-10-06T10:33:06.1409448Z Collecting pytest>=7.0.0 (from pytest-timeout)
pytest (3.12)	Install dependencies	2026-10-06T10:33:06.1607947Z   Downloading pytest-9.1.1-py3-none-any.whl.metadata (7.6 kB)
pytest (3.12)	Install dependencies	2026-10-06T10:33:06.1940130Z Requirement already satisfied: colorama>=0.4 in C:\hostedtoolcache\windows\Python\3.12.10\x64\Lib\site-packages (from pytest>=7.0.0->pytest-timeout) (0.4.6)
pytest (3.12)	Install dependencies	2026-10-06T10:33:06.2335448Z Collecting iniconfig>=1.0.1 (from pytest>=7.0.0->pytest-timeout)
pytest (3.12)	Install dependencies	2026-10-06T10:33:06.2536111Z   Downloading iniconfig-2.3.0-py3-none-any.whl.metadata (2.5 kB)
pytest (3.12)	Install dependencies	2026-10-06T10:33:06.2904326Z Requirement already satisfied: packaging>=22 in C:\hostedtoolcache\windows\Python\3.12.10\x64\Lib\site-packages (from pytest>=7.0.0->pytest-timeout) (26.3)
pytest (3.12)	Install dependencies	2026-10-06T10:33:06.3321339Z Collecting pluggy<2,>=1.5 (from pytest>=7.0.0->pytest-timeout)
pytest (3.12)	Install dependencies	2026-10-06T10:33:06.3522046Z   Downloading pluggy-1.6.0-py3-none-any.whl.metadata (4.8 kB)
pytest (3.12)	Install dependencies	2026-10-06T10:33:06.4334451Z Collecting pygments>=2.7.2 (from pytest>=7.0.0->pytest-timeout)
pytest (3.12)	Install dependencies	2026-10-06T10:33:06.4541216Z   Downloading pygments-2.21.0-py3-none-any.whl.metadata (2.5 kB)
pytest (3.12)	Install dependencies	2026-10-06T10:33:06.5049418Z Downloading pytest_timeout-2.4.0-py3-none-any.whl (14 kB)
pytest (3.12)	Install dependencies	2026-10-06T10:33:06.5504895Z Downloading pytest-9.1.1-py3-none-any.whl (386 kB)
pytest (3.12)	Install dependencies	2026-10-06T10:33:06.6637671Z Downloading pluggy-1.6.0-py3-none-any.whl (20 kB)
pytest (3.12)	Install dependencies	2026-10-06T10:33:06.7050903Z Downloading iniconfig-2.3.0-py3-none-any.whl (7.5 kB)
pytest (3.12)	Install dependencies	2026-10-06T10:33:06.7450538Z Downloading pygments-2.21.0-py3-none-any.whl (1.3 MB)
pytest (3.12)	Install dependencies	2026-10-06T10:33:06.8115462Z    ---------------------------------------- 1.3/1.3 MB 15.7 MB/s  0:00:00
pytest (3.12)	Install dependencies	2026-10-06T10:33:06.9209177Z Installing collected packages: pygments, pluggy, iniconfig, pytest, pytest-timeout
pytest (3.12)	Install dependencies	2026-10-06T10:33:11.1066403Z 
pytest (3.12)	Install dependencies	2026-10-06T10:33:11.1114185Z Successfully installed iniconfig-2.3.0 pluggy-1.6.0 pygments-2.21.0 pytest-9.1.1 pytest-timeout-2.4.0
pytest (3.12)	Run tests	﻿2026-10-06T10:33:11.2940689Z ##[group]Run python -m pytest tests/ packages/qq -q
pytest (3.12)	Run tests	2026-10-06T10:33:11.2941267Z ^[[36;1mpython -m pytest tests/ packages/qq -q^[[0m
pytest (3.12)	Run tests	2026-10-06T10:33:11.3007216Z shell: C:\Program Files\PowerShell\7\pwsh.EXE -command ". '{0}'"
pytest (3.12)	Run tests	2026-10-06T10:33:11.3007676Z env:
pytest (3.12)	Run tests	2026-10-06T10:33:11.3008134Z   pythonLocation: C:\hostedtoolcache\windows\Python\3.12.10\x64
pytest (3.12)	Run tests	2026-10-06T10:33:11.3008752Z   PKG_CONFIG_PATH: C:\hostedtoolcache\windows\Python\3.12.10\x64/lib/pkgconfig
pytest (3.12)	Run tests	2026-10-06T10:33:11.3009331Z   Python_ROOT_DIR: C:\hostedtoolcache\windows\Python\3.12.10\x64
pytest (3.12)	Run tests	2026-10-06T10:33:11.3009953Z   Python2_ROOT_DIR: C:\hostedtoolcache\windows\Python\3.12.10\x64
pytest (3.12)	Run tests	2026-10-06T10:33:11.3010462Z   Python3_ROOT_DIR: C:\hostedtoolcache\windows\Python\3.12.10\x64
pytest (3.12)	Run tests	2026-10-06T10:33:11.3010893Z   PYTHONPATH: D:\a\pan\pan
pytest (3.12)	Run tests	2026-10-06T10:33:11.3011427Z ##[endgroup]
pytest (3.12)	Run tests	2026-10-06T10:33:23.0866805Z ........................................................................ [  2%]
pytest (3.12)	Run tests	2026-10-06T10:33:25.4420923Z ........................................................................ [  4%]
pytest (3.12)	Run tests	2026-10-06T10:33:26.2328896Z ..................................................s..................sss [  7%]
pytest (3.12)	Run tests	2026-10-06T10:33:26.6173375Z ssss.................................................................... [  9%]
pytest (3.12)	Run tests	2026-10-06T10:33:28.9538170Z ........................................................................ [ 12%]
pytest (3.12)	Run tests	2026-10-06T10:33:33.1730631Z ..................................................s....F................ [ 14%]
pytest (3.12)	Run tests	2026-10-06T10:33:46.0493615Z ........................................................................ [ 17%]
pytest (3.12)	Run tests	2026-10-06T10:33:56.4588924Z ........................................................................ [ 19%]
pytest (3.12)	Run tests	2026-10-06T10:33:59.3996221Z ........................................................................ [ 22%]
pytest (3.12)	Run tests	2026-10-06T10:34:27.5574027Z ...........sss.......................................................... [ 24%]
pytest (3.12)	Run tests	2026-10-06T10:34:28.1241200Z ........................................................................ [ 27%]
pytest (3.12)	Run tests	2026-10-06T10:34:28.9072055Z ........................................................................ [ 29%]
pytest (3.12)	Run tests	2026-10-06T10:34:29.9133256Z ........................................................................ [ 32%]
pytest (3.12)	Run tests	2026-10-06T10:34:31.0646398Z ........................................................................ [ 34%]
pytest (3.12)	Run tests	2026-10-06T10:34:58.0381568Z ..............................................sss....................... [ 37%]
pytest (3.12)	Run tests	2026-10-06T10:35:00.4612678Z ........................................................................ [ 39%]
pytest (3.12)	Run tests	2026-10-06T10:35:10.3654391Z ........................................................................ [ 42%]
pytest (3.12)	Run tests	2026-10-06T10:35:16.0218608Z ......s................................................................. [ 44%]
pytest (3.12)	Run tests	2026-10-06T10:35:17.6503625Z ........................................................................ [ 46%]
pytest (3.12)	Run tests	2026-10-06T10:35:24.4973767Z ........................................................................ [ 49%]
pytest (3.12)	Run tests	2026-10-06T10:35:27.5603372Z ........................................................................ [ 51%]
pytest (3.12)	Run tests	2026-10-06T10:35:29.2174688Z ........................................................................ [ 54%]
pytest (3.12)	Run tests	2026-10-06T10:35:30.9494607Z ........................................................................ [ 56%]
pytest (3.12)	Run tests	2026-10-06T10:35:32.1054629Z ........................................................................ [ 59%]
pytest (3.12)	Run tests	2026-10-06T10:35:36.9961653Z ..............................s.................s...................ssss [ 61%]
pytest (3.12)	Run tests	2026-10-06T10:35:57.6550125Z s.ssssssF.....................ssFF...FFFFFFFFFFFFFFFFFFFFFFF..FF......FF [ 64%]
pytest (3.12)	Run tests	2026-10-06T10:36:19.3929692Z .F.FFFFF..............F.........s............sssss...................... [ 66%]
pytest (3.12)	Run tests	2026-10-06T10:36:20.3489616Z ........................................................................ [ 69%]
pytest (3.12)	Run tests	2026-10-06T10:36:21.9944688Z ...............s.........................................ss............. [ 71%]
pytest (3.12)	Run tests	2026-10-06T10:37:52.6517502Z ..............s......................................................... [ 74%]
pytest (3.12)	Run tests	2026-10-06T10:38:37.6008944Z ........................................................................ [ 76%]
pytest (3.12)	Run tests	2026-10-06T10:39:00.6423030Z ........................................................................ [ 79%]
pytest (3.12)	Run tests	2026-10-06T10:41:00.0256997Z ...........................................................ssss......... [ 81%]
pytest (3.12)	Run tests	2026-10-06T10:42:46.2603881Z ........................ss......................s..........s............ [ 84%]
pytest (3.12)	Run tests	2026-10-06T10:44:10.6743949Z ......................F...F............................................. [ 86%]
pytest (3.12)	Run tests	2026-10-06T10:44:16.6895116Z ...............s........................................................ [ 88%]
pytest (3.12)	Run tests	2026-10-06T10:44:28.4418973Z ........................................................................ [ 91%]
pytest (3.12)	Run tests	2026-10-06T10:44:31.2034973Z ........................................................................ [ 93%]
pytest (3.12)	Run tests	2026-10-06T10:44:36.2335984Z ........................................................................ [ 96%]
pytest (3.12)	Run tests	2026-10-06T10:44:41.1089513Z ........................................................................ [ 98%]
pytest (3.12)	Run tests	2026-10-06T10:44:56.0028060Z ..................................                                       [100%]
pytest (3.12)	Run tests	2026-10-06T10:44:56.0029052Z ================================== FAILURES ===================================
pytest (3.12)	Run tests	2026-10-06T10:44:56.0029919Z _ test_incomplete_120k_summary_backfill_runs_off_loop_and_persists_exact_projection _
pytest (3.12)	Run tests	2026-10-06T10:44:56.0030438Z 
pytest (3.12)	Run tests	2026-10-06T10:44:56.0030821Z monkeypatch = <_pytest.monkeypatch.MonkeyPatch object at 0x000001A89ADE0410>
pytest (3.12)	Run tests	2026-10-06T10:44:56.0031270Z 
pytest (3.12)	Run tests	2026-10-06T10:44:56.0031586Z     def test_incomplete_120k_summary_backfill_runs_off_loop_and_persists_exact_projection(
pytest (3.12)	Run tests	2026-10-06T10:44:56.0032196Z         monkeypatch,
pytest (3.12)	Run tests	2026-10-06T10:44:56.0032616Z     ):
pytest (3.12)	Run tests	2026-10-06T10:44:56.0033012Z         """The real repair path, not only GET, must stay off-loop for long JSONL."""
pytest (3.12)	Run tests	2026-10-06T10:44:56.0033929Z         count = 120_000
pytest (3.12)	Run tests	2026-10-06T10:44:56.0034266Z         sid = "ses-backfill-120k"
pytest (3.12)	Run tests	2026-10-06T10:44:56.0034643Z         _sess.SESSION_DIR.mkdir(parents=True, exist_ok=True)
pytest (3.12)	Run tests	2026-10-06T10:44:56.0035095Z         main_path = _sess.SESSION_DIR / f"{sid}.json"
pytest (3.12)	Run tests	2026-10-06T10:44:56.0035536Z         history_path = _sess.SESSION_DIR / f"{sid}.history.jsonl"
pytest (3.12)	Run tests	2026-10-06T10:44:56.0035950Z         main_path.write_text(json.dumps({
pytest (3.12)	Run tests	2026-10-06T10:44:56.0036313Z             "id": sid,
pytest (3.12)	Run tests	2026-10-06T10:44:56.0036625Z             "name": sid,
pytest (3.12)	Run tests	2026-10-06T10:44:56.0036948Z             "adapter": "cbc",
pytest (3.12)	Run tests	2026-10-06T10:44:56.0037312Z             "history": [],
pytest (3.12)	Run tests	2026-10-06T10:44:56.0037642Z             "summary_projection": {"revision": 7},
pytest (3.12)	Run tests	2026-10-06T10:44:56.0038029Z         }), encoding="utf-8")
pytest (3.12)	Run tests	2026-10-06T10:44:56.0038356Z         history_path.write_text(
pytest (3.12)	Run tests	2026-10-06T10:44:56.0038706Z             "".join(json.dumps({
pytest (3.12)	Run tests	2026-10-06T10:44:56.0039151Z                 "role": "assistant" if index % 2 else "user",
pytest (3.12)	Run tests	2026-10-06T10:44:56.0039541Z                 "content": f"backfill-{index}",
pytest (3.12)	Run tests	2026-10-06T10:44:56.0040008Z             }) + "\n" for index in range(count)),
pytest (3.12)	Run tests	2026-10-06T10:44:56.0040643Z             encoding="utf-8",
pytest (3.12)	Run tests	2026-10-06T10:44:56.0041057Z         )
pytest (3.12)	Run tests	2026-10-06T10:44:56.0041462Z         monkeypatch.setattr(_sess, "_read_jsonl", lambda *_args: (_ for _ in ()).throw(
pytest (3.12)	Run tests	2026-10-06T10:44:56.0042022Z             AssertionError("backfill must use the streaming projection reader")
pytest (3.12)	Run tests	2026-10-06T10:44:56.0042478Z         ))
pytest (3.12)	Run tests	2026-10-06T10:44:56.0042760Z         streaming_calls = 0
pytest (3.12)	Run tests	2026-10-06T10:44:56.0043260Z         original_streaming_reader = _sess._summary_projection_from_jsonl
pytest (3.12)	Run tests	2026-10-06T10:44:56.0043679Z     
pytest (3.12)	Run tests	2026-10-06T10:44:56.0044145Z         def instrumented_streaming_reader(path, **kwargs):
pytest (3.12)	Run tests	2026-10-06T10:44:56.0044660Z             nonlocal streaming_calls
pytest (3.12)	Run tests	2026-10-06T10:44:56.0045032Z             streaming_calls += 1
pytest (3.12)	Run tests	2026-10-06T10:44:56.0045402Z             return original_streaming_reader(path, **kwargs)
pytest (3.12)	Run tests	2026-10-06T10:44:56.0045839Z     
pytest (3.12)	Run tests	2026-10-06T10:44:56.0047304Z         monkeypatch.setattr(_sess, "_summary_projection_from_jsonl", instrumented_streaming_reader)
pytest (3.12)	Run tests	2026-10-06T10:44:56.0047829Z     
pytest (3.12)	Run tests	2026-10-06T10:44:56.0048108Z         async def scenario():
pytest (3.12)	Run tests	2026-10-06T10:44:56.0048449Z             loop = asyncio.get_running_loop()
pytest (3.12)	Run tests	2026-10-06T10:44:56.0048861Z             done = asyncio.Event()
pytest (3.12)	Run tests	2026-10-06T10:44:56.0049209Z             ticks = 0
pytest (3.12)	Run tests	2026-10-06T10:44:56.0049830Z             gaps: list[float] = []
pytest (3.12)	Run tests	2026-10-06T10:44:56.0050164Z             last = loop.time()
pytest (3.12)	Run tests	2026-10-06T10:44:56.0050510Z     
pytest (3.12)	Run tests	2026-10-06T10:44:56.0050798Z             async def ticker():
pytest (3.12)	Run tests	2026-10-06T10:44:56.0051162Z                 nonlocal ticks, last
pytest (3.12)	Run tests	2026-10-06T10:44:56.0051511Z                 while not done.is_set():
pytest (3.12)	Run tests	2026-10-06T10:44:56.0051865Z                     await asyncio.sleep(0)
pytest (3.12)	Run tests	2026-10-06T10:44:56.0052205Z                     now = loop.time()
pytest (3.12)	Run tests	2026-10-06T10:44:56.0052634Z                     gaps.append(now - last)
pytest (3.12)	Run tests	2026-10-06T10:44:56.0052991Z                     last = now
pytest (3.12)	Run tests	2026-10-06T10:44:56.0053290Z                     ticks += 1
pytest (3.12)	Run tests	2026-10-06T10:44:56.0053641Z     
pytest (3.12)	Run tests	2026-10-06T10:44:56.0053929Z             ticker_task = asyncio.create_task(ticker())
pytest (3.12)	Run tests	2026-10-06T10:44:56.0054335Z             try:
pytest (3.12)	Run tests	2026-10-06T10:44:56.0054683Z                 result = await _sess.backfill_summary_projections()
pytest (3.12)	Run tests	2026-10-06T10:44:56.0055117Z             finally:
pytest (3.12)	Run tests	2026-10-06T10:44:56.0055436Z                 done.set()
pytest (3.12)	Run tests	2026-10-06T10:44:56.0055753Z                 await ticker_task
pytest (3.12)	Run tests	2026-10-06T10:44:56.0056147Z             return result, ticks, gaps
pytest (3.12)	Run tests	2026-10-06T10:44:56.0056503Z     
pytest (3.12)	Run tests	2026-10-06T10:44:56.0056881Z         result, ticks, gaps = asyncio.run(scenario())
pytest (3.12)	Run tests	2026-10-06T10:44:56.0057392Z         assert result["state"] == "completed"
pytest (3.12)	Run tests	2026-10-06T10:44:56.0057745Z         assert result["repaired"] == 1
pytest (3.12)	Run tests	2026-10-06T10:44:56.0058090Z         assert streaming_calls == 1
pytest (3.12)	Run tests	2026-10-06T10:44:56.0058532Z         assert ticks > 0
pytest (3.12)	Run tests	2026-10-06T10:44:56.0058819Z >       assert max(gaps) < 0.05
pytest (3.12)	Run tests	2026-10-06T10:44:56.0059167Z E       assert 0.06299999999998818 < 0.05
pytest (3.12)	Run tests	2026-10-06T10:44:56.0059580Z E        +  where 0.06299999999998818 = max([0.0, 0.0, 0.0, 0.0, 0.0, 0.0, ...])
pytest (3.12)	Run tests	2026-10-06T10:44:56.0059882Z 
pytest (3.12)	Run tests	2026-10-06T10:44:56.0060177Z tests\test_eventloop_history_offload.py:332: AssertionError
pytest (3.12)	Run tests	2026-10-06T10:44:56.0061103Z ___________ test_composition_r2_engine_close_budget_owner_retryable ___________
pytest (3.12)	Run tests	2026-10-06T10:44:56.0061403Z 
pytest (3.12)	Run tests	2026-10-06T10:44:56.0061642Z     def test_composition_r2_engine_close_budget_owner_retryable():
pytest (3.12)	Run tests	2026-10-06T10:44:56.0062424Z         """\u5f15\u64ce\u5bbf\u4e3b\uff08\u6d4b\u8bd5\u5bbf\u4e3b\u8bed\u4e49\uff09\u6536\u5c3e\u9884\u7b97\u4e0e owner \u91cd\u8bd5\uff1a`close(timeout=0)` \u4e0d\u6536\u655b \u2192
pytest (3.12)	Run tests	2026-10-06T10:44:56.0063646Z         `closed=false` \u4e14\u6709\u754c\u62a5\u544a \u2192 \u6709\u754c\u91cd\u8bd5\u6536\u655b\u3002\u4e0d\u79f0\u751f\u4ea7 launcher\u3001\u4e0d\u6cdb\u5316 Job \u515c\u5e95\u5e03\u5c40\u3002"""
pytest (3.12)	Run tests	2026-10-06T10:44:56.0064536Z >       emulator = HeadlessEmulator(cols=80, rows=24)
pytest (3.12)	Run tests	2026-10-06T10:44:56.0065091Z                    ^^^^^^^^^^^^^^^^^^^^^^^^^^^^^^^^^^
pytest (3.12)	Run tests	2026-10-06T10:44:56.0065348Z 
pytest (3.12)	Run tests	2026-10-06T10:44:56.0065606Z tests\test_terminal_composition.py:1454: 
pytest (3.12)	Run tests	2026-10-06T10:44:56.0066128Z _ _ _ _ _ _ _ _ _ _ _ _ _ _ _ _ _ _ _ _ _ _ _ _ _ _ _ _ _ _ _ _ _ _ _ _ _ _ _ _
pytest (3.12)	Run tests	2026-10-06T10:44:56.0066720Z packages\core\terminal\emulator.py:747: in __init__
pytest (3.12)	Run tests	2026-10-06T10:44:56.0067300Z     self._spawn_and_handshake()
pytest (3.12)	Run tests	2026-10-06T10:44:56.0067675Z packages\core\terminal\emulator.py:838: in _spawn_and_handshake
pytest (3.12)	Run tests	2026-10-06T10:44:56.0068219Z     self._fail_startup(f"sidecar \u4e0d\u53ef\u7528\uff1a{self._startup_failure}")
pytest (3.12)	Run tests	2026-10-06T10:44:56.0068694Z _ _ _ _ _ _ _ _ _ _ _ _ _ _ _ _ _ _ _ _ _ _ _ _ _ _ _ _ _ _ _ _ _ _ _ _ _ _ _ _
pytest (3.12)	Run tests	2026-10-06T10:44:56.0068952Z 
pytest (3.12)	Run tests	2026-10-06T10:44:56.0069272Z self = <packages.core.terminal.emulator.HeadlessEmulator object at 0x000001A8A055DD60>
pytest (3.12)	Run tests	2026-10-06T10:44:56.0070216Z reason = "sidecar \u4e0d\u53ef\u7528\uff1adependency-missing:Cannot find package '@xterm/headless' imported from D:\\\\a\\\\pan\\\\pan\\\\packages\\\\core\\\\terminal\\\\emulator_sidecar\\\\sidecar.mjs"
pytest (3.12)	Run tests	2026-10-06T10:44:56.0071107Z cause = None
pytest (3.12)	Run tests	2026-10-06T10:44:56.0071297Z 
pytest (3.12)	Run tests	2026-10-06T10:44:56.0071801Z     def _fail_startup(self, reason: str, *, cause: BaseException | None = None) -> NoReturn:
pytest (3.12)	Run tests	2026-10-06T10:44:56.0072579Z         """\u6784\u9020\u5931\u8d25\u7edf\u4e00\u51fa\u53e3\uff1a\u6709\u754c\u6574 Job \u6e05\u7406 + \u643a\u5e26 owner/\u6b8b\u7559\u4fe1\u606f\u7684\u5f02\u5e38\u3002
pytest (3.12)	Run tests	2026-10-06T10:44:56.0073240Z     
pytest (3.12)	Run tests	2026-10-06T10:44:56.0073781Z         \u6e05\u7406\u987a\u5e8f\u4e0e ``close`` \u4e00\u81f4\uff08\u5148\u6e05\u6811 \u2192 join \u7ebf\u7a0b \u2192 \u5173\u6d41 \u2192 guard.close\uff09\uff0c
pytest (3.12)	Run tests	2026-10-06T10:44:56.0074624Z         \u603b\u9884\u7b97\u4e3a ``shutdown_timeout``\uff1b\u5f02\u5e38\u643a\u5e26\u53ef\u91cd\u8bd5 ``owner``\uff08``retry_cleanup``\uff09
pytest (3.12)	Run tests	2026-10-06T10:44:56.0075442Z         \u4e0e ``residual``\uff08pid/\u8eab\u4efd/\u6e05\u7406\u6838\u9a8c/stderr \u6458\u8981\uff09\uff0c\u4e0d\u4ec5\u6587\u672c\u3002
pytest (3.12)	Run tests	2026-10-06T10:44:56.0075989Z         """
pytest (3.12)	Run tests	2026-10-06T10:44:56.0076308Z         detail: list[str] = []
pytest (3.12)	Run tests	2026-10-06T10:44:56.0076710Z         owner = StartupCleanupOwner(
pytest (3.12)	Run tests	2026-10-06T10:44:56.0077130Z             proc=self._proc,
pytest (3.12)	Run tests	2026-10-06T10:44:56.0077603Z             guard=self._guard,
pytest (3.12)	Run tests	2026-10-06T10:44:56.0078042Z             pid=self._sidecar_pid,
pytest (3.12)	Run tests	2026-10-06T10:44:56.0078540Z             identity=self._sidecar_identity,
pytest (3.12)	Run tests	2026-10-06T10:44:56.0079048Z             reader=self._reader_thread,
pytest (3.12)	Run tests	2026-10-06T10:44:56.0079550Z             stderr=self._stderr_thread,
pytest (3.12)	Run tests	2026-10-06T10:44:56.0080037Z             applier=self._applier_thread,
pytest (3.12)	Run tests	2026-10-06T10:44:56.0080756Z             kill_timeout=self._kill_timeout,
pytest (3.12)	Run tests	2026-10-06T10:44:56.0081168Z         )
pytest (3.12)	Run tests	2026-10-06T10:44:56.0081485Z         outcome = _reap_process_resources(
pytest (3.12)	Run tests	2026-10-06T10:44:56.0081973Z             proc=self._proc,
pytest (3.12)	Run tests	2026-10-06T10:44:56.0082323Z             guard=self._guard,
pytest (3.12)	Run tests	2026-10-06T10:44:56.0082643Z             pid=self._sidecar_pid,
pytest (3.12)	Run tests	2026-10-06T10:44:56.0082969Z             identity=self._sidecar_identity,
pytest (3.12)	Run tests	2026-10-06T10:44:56.0083330Z             reader=self._reader_thread,
pytest (3.12)	Run tests	2026-10-06T10:44:56.0083659Z             stderr=self._stderr_thread,
pytest (3.12)	Run tests	2026-10-06T10:44:56.0084037Z             applier=self._applier_thread,
pytest (3.12)	Run tests	2026-10-06T10:44:56.0084376Z             budget=self._shutdown_timeout,
pytest (3.12)	Run tests	2026-10-06T10:44:56.0084708Z             kill_timeout=self._kill_timeout,
pytest (3.12)	Run tests	2026-10-06T10:44:56.0085052Z             detail=detail,
pytest (3.12)	Run tests	2026-10-06T10:44:56.0085335Z         )
pytest (3.12)	Run tests	2026-10-06T10:44:56.0085601Z         residual = {
pytest (3.12)	Run tests	2026-10-06T10:44:56.0085894Z             "reason": reason,
pytest (3.12)	Run tests	2026-10-06T10:44:56.0086238Z             "pid": self._sidecar_pid,
pytest (3.12)	Run tests	2026-10-06T10:44:56.0086784Z             "identity_filetime": (
pytest (3.12)	Run tests	2026-10-06T10:44:56.0087408Z                 str(self._sidecar_identity.created_at_filetime)
pytest (3.12)	Run tests	2026-10-06T10:44:56.0088056Z                 if self._sidecar_identity is not None
pytest (3.12)	Run tests	2026-10-06T10:44:56.0088413Z                 else None
pytest (3.12)	Run tests	2026-10-06T10:44:56.0088718Z             ),
pytest (3.12)	Run tests	2026-10-06T10:44:56.0089019Z             "process_exited": outcome["root_dead"],
pytest (3.12)	Run tests	2026-10-06T10:44:56.0089401Z             "job_verified": outcome["job_verified"],
pytest (3.12)	Run tests	2026-10-06T10:44:56.0089773Z             "guard_closed": outcome["guard_closed"],
pytest (3.12)	Run tests	2026-10-06T10:44:56.0090128Z             "cleanup_closed": outcome["closed"],
pytest (3.12)	Run tests	2026-10-06T10:44:56.0090555Z             "cleanup_seconds": outcome["seconds"],
pytest (3.12)	Run tests	2026-10-06T10:44:56.0090967Z             "cleanup_detail": ", ".join(detail) if detail else "ok",
pytest (3.12)	Run tests	2026-10-06T10:44:56.0091410Z             "cleanup_errors": list(outcome["errors"]),
pytest (3.12)	Run tests	2026-10-06T10:44:56.0091783Z             "stderr_digest": self._stderr_digest(),
pytest (3.12)	Run tests	2026-10-06T10:44:56.0092098Z         }
pytest (3.12)	Run tests	2026-10-06T10:44:56.0092400Z         message = (
pytest (3.12)	Run tests	2026-10-06T10:44:56.0092814Z             f"{reason}\uff1b\u6e05\u7406={'converged' if outcome['closed'] else 'retained'}"
pytest (3.12)	Run tests	2026-10-06T10:44:56.0093495Z             f"\uff08{outcome['seconds']}s, pid={self._sidecar_pid}\uff09"
pytest (3.12)	Run tests	2026-10-06T10:44:56.0093966Z         )
pytest (3.12)	Run tests	2026-10-06T10:44:56.0094360Z >       raise EmulatorStartupError(message, owner=owner, residual=residual) from cause
pytest (3.12)	Run tests	2026-10-06T10:44:56.0095605Z E       packages.core.terminal.emulator.EmulatorStartupError: sidecar \u4e0d\u53ef\u7528\uff1adependency-missing:Cannot find package '@xterm/headless' imported from D:\\a\\pan\\pan\\packages\\core\\terminal\\emulator_sidecar\\sidecar.mjs\uff1b\u6e05\u7406=converged\uff080.016s, pid=1980\uff09
pytest (3.12)	Run tests	2026-10-06T10:44:56.0096574Z 
pytest (3.12)	Run tests	2026-10-06T10:44:56.0096755Z packages\core\terminal\emulator.py:904: EmulatorStartupError
pytest (3.12)	Run tests	2026-10-06T10:44:56.0097225Z ___________________ test_construct_ready_identity_and_close ___________________
pytest (3.12)	Run tests	2026-10-06T10:44:56.0097567Z 
pytest (3.12)	Run tests	2026-10-06T10:44:56.0097826Z emu_factory = <function emu_factory.<locals>.make at 0x000001A8A0561580>
pytest (3.12)	Run tests	2026-10-06T10:44:56.0098105Z 
pytest (3.12)	Run tests	2026-10-06T10:44:56.0098301Z     def test_construct_ready_identity_and_close(emu_factory):
pytest (3.12)	Run tests	2026-10-06T10:44:56.0098724Z >       emu = emu_factory(cols=100, rows=30)
pytest (3.12)	Run tests	2026-10-06T10:44:56.0099061Z               ^^^^^^^^^^^^^^^^^^^^^^^^^^^^^^
pytest (3.12)	Run tests	2026-10-06T10:44:56.0099265Z 
pytest (3.12)	Run tests	2026-10-06T10:44:56.0099397Z tests\test_terminal_emulator.py:133: 
pytest (3.12)	Run tests	2026-10-06T10:44:56.0099785Z _ _ _ _ _ _ _ _ _ _ _ _ _ _ _ _ _ _ _ _ _ _ _ _ _ _ _ _ _ _ _ _ _ _ _ _ _ _ _ _
pytest (3.12)	Run tests	2026-10-06T10:44:56.0100177Z tests\test_terminal_emulator.py:87: in make
pytest (3.12)	Run tests	2026-10-06T10:44:56.0100810Z     emu = HeadlessEmulator(**kwargs)
pytest (3.12)	Run tests	2026-10-06T10:44:56.0101279Z           ^^^^^^^^^^^^^^^^^^^^^^^^^^
pytest (3.12)	Run tests	2026-10-06T10:44:56.0101629Z packages\core\terminal\emulator.py:747: in __init__
pytest (3.12)	Run tests	2026-10-06T10:44:56.0102021Z     self._spawn_and_handshake()
pytest (3.12)	Run tests	2026-10-06T10:44:56.0102464Z packages\core\terminal\emulator.py:838: in _spawn_and_handshake
pytest (3.12)	Run tests	2026-10-06T10:44:56.0102998Z     self._fail_startup(f"sidecar \u4e0d\u53ef\u7528\uff1a{self._startup_failure}")
pytest (3.12)	Run tests	2026-10-06T10:44:56.0103744Z _ _ _ _ _ _ _ _ _ _ _ _ _ _ _ _ _ _ _ _ _ _ _ _ _ _ _ _ _ _ _ _ _ _ _ _ _ _ _ _
pytest (3.12)	Run tests	2026-10-06T10:44:56.0104114Z 
pytest (3.12)	Run tests	2026-10-06T10:44:56.0104459Z self = <packages.core.terminal.emulator.HeadlessEmulator object at 0x000001A89CEA5D00>
pytest (3.12)	Run tests	2026-10-06T10:44:56.0105433Z reason = "sidecar \u4e0d\u53ef\u7528\uff1adependency-missing:Cannot find package '@xterm/headless' imported from D:\\\\a\\\\pan\\\\pan\\\\packages\\\\core\\\\terminal\\\\emulator_sidecar\\\\sidecar.mjs"
pytest (3.12)	Run tests	2026-10-06T10:44:56.0106178Z cause = None
pytest (3.12)	Run tests	2026-10-06T10:44:56.0106313Z 
pytest (3.12)	Run tests	2026-10-06T10:44:56.0106614Z     def _fail_startup(self, reason: str, *, cause: BaseException | None = None) -> NoReturn:
pytest (3.12)	Run tests	2026-10-06T10:44:56.0107407Z         """\u6784\u9020\u5931\u8d25\u7edf\u4e00\u51fa\u53e3\uff1a\u6709\u754c\u6574 Job \u6e05\u7406 + \u643a\u5e26 owner/\u6b8b\u7559\u4fe1\u606f\u7684\u5f02\u5e38\u3002
pytest (3.12)	Run tests	2026-10-06T10:44:56.0108006Z     
pytest (3.12)	Run tests	2026-10-06T10:44:56.0108563Z         \u6e05\u7406\u987a\u5e8f\u4e0e ``close`` \u4e00\u81f4\uff08\u5148\u6e05\u6811 \u2192 join \u7ebf\u7a0b \u2192 \u5173\u6d41 \u2192 guard.close\uff09\uff0c
pytest (3.12)	Run tests	2026-10-06T10:44:56.0109460Z         \u603b\u9884\u7b97\u4e3a ``shutdown_timeout``\uff1b\u5f02\u5e38\u643a\u5e26\u53ef\u91cd\u8bd5 ``owner``\uff08``retry_cleanup``\uff09
pytest (3.12)	Run tests	2026-10-06T10:44:56.0110288Z         \u4e0e ``residual``\uff08pid/\u8eab\u4efd/\u6e05\u7406\u6838\u9a8c/stderr \u6458\u8981\uff09\uff0c\u4e0d\u4ec5\u6587\u672c\u3002
pytest (3.12)	Run tests	2026-10-06T10:44:56.0110830Z         """
pytest (3.12)	Run tests	2026-10-06T10:44:56.0111090Z         detail: list[str] = []
pytest (3.12)	Run tests	2026-10-06T10:44:56.0111434Z         owner = StartupCleanupOwner(
pytest (3.12)	Run tests	2026-10-06T10:44:56.0111773Z             proc=self._proc,
pytest (3.12)	Run tests	2026-10-06T10:44:56.0112084Z             guard=self._guard,
pytest (3.12)	Run tests	2026-10-06T10:44:56.0112439Z             pid=self._sidecar_pid,
pytest (3.12)	Run tests	2026-10-06T10:44:56.0112766Z             identity=self._sidecar_identity,
pytest (3.12)	Run tests	2026-10-06T10:44:56.0113153Z             reader=self._reader_thread,
pytest (3.12)	Run tests	2026-10-06T10:44:56.0113513Z             stderr=self._stderr_thread,
pytest (3.12)	Run tests	2026-10-06T10:44:56.0113863Z             applier=self._applier_thread,
pytest (3.12)	Run tests	2026-10-06T10:44:56.0114895Z             kill_timeout=self._kill_timeout,
pytest (3.12)	Run tests	2026-10-06T10:44:56.0115233Z         )
pytest (3.12)	Run tests	2026-10-06T10:44:56.0115544Z         outcome = _reap_process_resources(
pytest (3.12)	Run tests	2026-10-06T10:44:56.0115904Z             proc=self._proc,
pytest (3.12)	Run tests	2026-10-06T10:44:56.0116259Z             guard=self._guard,
pytest (3.12)	Run tests	2026-10-06T10:44:56.0116569Z             pid=self._sidecar_pid,
pytest (3.12)	Run tests	2026-10-06T10:44:56.0116899Z             identity=self._sidecar_identity,
pytest (3.12)	Run tests	2026-10-06T10:44:56.0117424Z             reader=self._reader_thread,
pytest (3.12)	Run tests	2026-10-06T10:44:56.0118017Z             stderr=self._stderr_thread,
pytest (3.12)	Run tests	2026-10-06T10:44:56.0118606Z             applier=self._applier_thread,
pytest (3.12)	Run tests	2026-10-06T10:44:56.0119075Z             budget=self._shutdown_timeout,
pytest (3.12)	Run tests	2026-10-06T10:44:56.0119815Z             kill_timeout=self._kill_timeout,
pytest (3.12)	Run tests	2026-10-06T10:44:56.0120267Z             detail=detail,
pytest (3.12)	Run tests	2026-10-06T10:44:56.0120563Z         )
pytest (3.12)	Run tests	2026-10-06T10:44:56.0121143Z         residual = {
pytest (3.12)	Run tests	2026-10-06T10:44:56.0121451Z             "reason": reason,
pytest (3.12)	Run tests	2026-10-06T10:44:56.0121829Z             "pid": self._sidecar_pid,
pytest (3.12)	Run tests	2026-10-06T10:44:56.0122183Z             "identity_filetime": (
pytest (3.12)	Run tests	2026-10-06T10:44:56.0122564Z                 str(self._sidecar_identity.created_at_filetime)
pytest (3.12)	Run tests	2026-10-06T10:44:56.0122987Z                 if self._sidecar_identity is not None
pytest (3.12)	Run tests	2026-10-06T10:44:56.0123363Z                 else None
pytest (3.12)	Run tests	2026-10-06T10:44:56.0123700Z             ),
pytest (3.12)	Run tests	2026-10-06T10:44:56.0124021Z             "process_exited": outcome["root_dead"],
pytest (3.12)	Run tests	2026-10-06T10:44:56.0124430Z             "job_verified": outcome["job_verified"],
pytest (3.12)	Run tests	2026-10-06T10:44:56.0124826Z             "guard_closed": outcome["guard_closed"],
pytest (3.12)	Run tests	2026-10-06T10:44:56.0125207Z             "cleanup_closed": outcome["closed"],
pytest (3.12)	Run tests	2026-10-06T10:44:56.0125682Z             "cleanup_seconds": outcome["seconds"],
pytest (3.12)	Run tests	2026-10-06T10:44:56.0126156Z             "cleanup_detail": ", ".join(detail) if detail else "ok",
pytest (3.12)	Run tests	2026-10-06T10:44:56.0126731Z             "cleanup_errors": list(outcome["errors"]),
pytest (3.12)	Run tests	2026-10-06T10:44:56.0127165Z             "stderr_digest": self._stderr_digest(),
pytest (3.12)	Run tests	2026-10-06T10:44:56.0127638Z         }
pytest (3.12)	Run tests	2026-10-06T10:44:56.0127902Z         message = (
pytest (3.12)	Run tests	2026-10-06T10:44:56.0128355Z             f"{reason}\uff1b\u6e05\u7406={'converged' if outcome['closed'] else 'retained'}"
pytest (3.12)	Run tests	2026-10-06T10:44:56.0128864Z             f"\uff08{outcome['seconds']}s, pid={self._sidecar_pid}\uff09"
pytest (3.12)	Run tests	2026-10-06T10:44:56.0129278Z         )
pytest (3.12)	Run tests	2026-10-06T10:44:56.0129692Z >       raise EmulatorStartupError(message, owner=owner, residual=residual) from cause
pytest (3.12)	Run tests	2026-10-06T10:44:56.0130912Z E       packages.core.terminal.emulator.EmulatorStartupError: sidecar \u4e0d\u53ef\u7528\uff1adependency-missing:Cannot find package '@xterm/headless' imported from D:\\a\\pan\\pan\\packages\\core\\terminal\\emulator_sidecar\\sidecar.mjs\uff1b\u6e05\u7406=converged\uff080.015s, pid=1712\uff09
pytest (3.12)	Run tests	2026-10-06T10:44:56.0131909Z 
pytest (3.12)	Run tests	2026-10-06T10:44:56.0132151Z packages\core\terminal\emulator.py:904: EmulatorStartupError
pytest (3.12)	Run tests	2026-10-06T10:44:56.0132628Z _____________ test_start_cursor_beyond_53_bits_travels_as_string ______________
pytest (3.12)	Run tests	2026-10-06T10:44:56.0132926Z 
pytest (3.12)	Run tests	2026-10-06T10:44:56.0133218Z emu_factory = <function emu_factory.<locals>.make at 0x000001A8A0590860>
pytest (3.12)	Run tests	2026-10-06T10:44:56.0133544Z 
pytest (3.12)	Run tests	2026-10-06T10:44:56.0133728Z     def test_start_cursor_beyond_53_bits_travels_as_string(emu_factory):
pytest (3.12)	Run tests	2026-10-06T10:44:56.0134123Z         start = 2**53 + 987654
pytest (3.12)	Run tests	2026-10-06T10:44:56.0134510Z >       emu = emu_factory(start_cursor=start)
pytest (3.12)	Run tests	2026-10-06T10:44:56.0134905Z               ^^^^^^^^^^^^^^^^^^^^^^^^^^^^^^^
pytest (3.12)	Run tests	2026-10-06T10:44:56.0135137Z 
pytest (3.12)	Run tests	2026-10-06T10:44:56.0135335Z tests\test_terminal_emulator.py:155: 
pytest (3.12)	Run tests	2026-10-06T10:44:56.0135723Z _ _ _ _ _ _ _ _ _ _ _ _ _ _ _ _ _ _ _ _ _ _ _ _ _ _ _ _ _ _ _ _ _ _ _ _ _ _ _ _
pytest (3.12)	Run tests	2026-10-06T10:44:56.0136196Z tests\test_terminal_emulator.py:87: in make
pytest (3.12)	Run tests	2026-10-06T10:44:56.0136760Z     emu = HeadlessEmulator(**kwargs)
pytest (3.12)	Run tests	2026-10-06T10:44:56.0137326Z           ^^^^^^^^^^^^^^^^^^^^^^^^^^
pytest (3.12)	Run tests	2026-10-06T10:44:56.0137929Z packages\core\terminal\emulator.py:747: in __init__
pytest (3.12)	Run tests	2026-10-06T10:44:56.0138658Z     self._spawn_and_handshake()
pytest (3.12)	Run tests	2026-10-06T10:44:56.0139163Z packages\core\terminal\emulator.py:838: in _spawn_and_handshake
pytest (3.12)	Run tests	2026-10-06T10:44:56.0139889Z     self._fail_startup(f"sidecar \u4e0d\u53ef\u7528\uff1a{self._startup_failure}")
pytest (3.12)	Run tests	2026-10-06T10:44:56.0140378Z _ _ _ _ _ _ _ _ _ _ _ _ _ _ _ _ _ _ _ _ _ _ _ _ _ _ _ _ _ _ _ _ _ _ _ _ _ _ _ _
pytest (3.12)	Run tests	2026-10-06T10:44:56.0140639Z 
pytest (3.12)	Run tests	2026-10-06T10:44:56.0141448Z self = <packages.core.terminal.emulator.HeadlessEmulator object at 0x000001A89ABC4110>
pytest (3.12)	Run tests	2026-10-06T10:44:56.0142394Z reason = "sidecar \u4e0d\u53ef\u7528\uff1adependency-missing:Cannot find package '@xterm/headless' imported from D:\\\\a\\\\pan\\\\pan\\\\packages\\\\core\\\\terminal\\\\emulator_sidecar\\\\sidecar.mjs"
pytest (3.12)	Run tests	2026-10-06T10:44:56.0143151Z cause = None
pytest (3.12)	Run tests	2026-10-06T10:44:56.0143361Z 
pytest (3.12)	Run tests	2026-10-06T10:44:56.0143616Z     def _fail_startup(self, reason: str, *, cause: BaseException | None = None) -> NoReturn:
pytest (3.12)	Run tests	2026-10-06T10:44:56.0144426Z         """\u6784\u9020\u5931\u8d25\u7edf\u4e00\u51fa\u53e3\uff1a\u6709\u754c\u6574 Job \u6e05\u7406 + \u643a\u5e26 owner/\u6b8b\u7559\u4fe1\u606f\u7684\u5f02\u5e38\u3002
pytest (3.12)	Run tests	2026-10-06T10:44:56.0145059Z     
pytest (3.12)	Run tests	2026-10-06T10:44:56.0145609Z         \u6e05\u7406\u987a\u5e8f\u4e0e ``close`` \u4e00\u81f4\uff08\u5148\u6e05\u6811 \u2192 join \u7ebf\u7a0b \u2192 \u5173\u6d41 \u2192 guard.close\uff09\uff0c
pytest (3.12)	Run tests	2026-10-06T10:44:56.0146489Z         \u603b\u9884\u7b97\u4e3a ``shutdown_timeout``\uff1b\u5f02\u5e38\u643a\u5e26\u53ef\u91cd\u8bd5 ``owner``\uff08``retry_cleanup``\uff09
pytest (3.12)	Run tests	2026-10-06T10:44:56.0147335Z         \u4e0e ``residual``\uff08pid/\u8eab\u4efd/\u6e05\u7406\u6838\u9a8c/stderr \u6458\u8981\uff09\uff0c\u4e0d\u4ec5\u6587\u672c\u3002
pytest (3.12)	Run tests	2026-10-06T10:44:56.0147922Z         """
pytest (3.12)	Run tests	2026-10-06T10:44:56.0148200Z         detail: list[str] = []
pytest (3.12)	Run tests	2026-10-06T10:44:56.0148531Z         owner = StartupCleanupOwner(
pytest (3.12)	Run tests	2026-10-06T10:44:56.0148855Z             proc=self._proc,
pytest (3.12)	Run tests	2026-10-06T10:44:56.0149353Z             guard=self._guard,
pytest (3.12)	Run tests	2026-10-06T10:44:56.0149980Z             pid=self._sidecar_pid,
pytest (3.12)	Run tests	2026-10-06T10:44:56.0150592Z             identity=self._sidecar_identity,
pytest (3.12)	Run tests	2026-10-06T10:44:56.0151079Z             reader=self._reader_thread,
pytest (3.12)	Run tests	2026-10-06T10:44:56.0151517Z             stderr=self._stderr_thread,
pytest (3.12)	Run tests	2026-10-06T10:44:56.0151933Z             applier=self._applier_thread,
pytest (3.12)	Run tests	2026-10-06T10:44:56.0152300Z             kill_timeout=self._kill_timeout,
pytest (3.12)	Run tests	2026-10-06T10:44:56.0152635Z         )
pytest (3.12)	Run tests	2026-10-06T10:44:56.0152939Z         outcome = _reap_process_resources(
pytest (3.12)	Run tests	2026-10-06T10:44:56.0153351Z             proc=self._proc,
pytest (3.12)	Run tests	2026-10-06T10:44:56.0153724Z             guard=self._guard,
pytest (3.12)	Run tests	2026-10-06T10:44:56.0154075Z             pid=self._sidecar_pid,
pytest (3.12)	Run tests	2026-10-06T10:44:56.0154403Z             identity=self._sidecar_identity,
pytest (3.12)	Run tests	2026-10-06T10:44:56.0154726Z             reader=self._reader_thread,
pytest (3.12)	Run tests	2026-10-06T10:44:56.0155070Z             stderr=self._stderr_thread,
pytest (3.12)	Run tests	2026-10-06T10:44:56.0155400Z             applier=self._applier_thread,
pytest (3.12)	Run tests	2026-10-06T10:44:56.0155745Z             budget=self._shutdown_timeout,
pytest (3.12)	Run tests	2026-10-06T10:44:56.0156096Z             kill_timeout=self._kill_timeout,
pytest (3.12)	Run tests	2026-10-06T10:44:56.0156484Z             detail=detail,
pytest (3.12)	Run tests	2026-10-06T10:44:56.0156805Z         )
pytest (3.12)	Run tests	2026-10-06T10:44:56.0157086Z         residual = {
pytest (3.12)	Run tests	2026-10-06T10:44:56.0157384Z             "reason": reason,
pytest (3.12)	Run tests	2026-10-06T10:44:56.0157701Z             "pid": self._sidecar_pid,
pytest (3.12)	Run tests	2026-10-06T10:44:56.0158069Z             "identity_filetime": (
pytest (3.12)	Run tests	2026-10-06T10:44:56.0158849Z                 str(self._sidecar_identity.created_at_filetime)
pytest (3.12)	Run tests	2026-10-06T10:44:56.0159332Z                 if self._sidecar_identity is not None
pytest (3.12)	Run tests	2026-10-06T10:44:56.0159677Z                 else None
pytest (3.12)	Run tests	2026-10-06T10:44:56.0160026Z             ),
pytest (3.12)	Run tests	2026-10-06T10:44:56.0160331Z             "process_exited": outcome["root_dead"],
pytest (3.12)	Run tests	2026-10-06T10:44:56.0160724Z             "job_verified": outcome["job_verified"],
pytest (3.12)	Run tests	2026-10-06T10:44:56.0161098Z             "guard_closed": outcome["guard_closed"],
pytest (3.12)	Run tests	2026-10-06T10:44:56.0161509Z             "cleanup_closed": outcome["closed"],
pytest (3.12)	Run tests	2026-10-06T10:44:56.0162075Z             "cleanup_seconds": outcome["seconds"],
pytest (3.12)	Run tests	2026-10-06T10:44:56.0162480Z             "cleanup_detail": ", ".join(detail) if detail else "ok",
pytest (3.12)	Run tests	2026-10-06T10:44:56.0162908Z             "cleanup_errors": list(outcome["errors"]),
pytest (3.12)	Run tests	2026-10-06T10:44:56.0163281Z             "stderr_digest": self._stderr_digest(),
pytest (3.12)	Run tests	2026-10-06T10:44:56.0163703Z         }
pytest (3.12)	Run tests	2026-10-06T10:44:56.0163982Z         message = (
pytest (3.12)	Run tests	2026-10-06T10:44:56.0164378Z             f"{reason}\uff1b\u6e05\u7406={'converged' if outcome['closed'] else 'retained'}"
pytest (3.12)	Run tests	2026-10-06T10:44:56.0164928Z             f"\uff08{outcome['seconds']}s, pid={self._sidecar_pid}\uff09"
pytest (3.12)	Run tests	2026-10-06T10:44:56.0165362Z         )
pytest (3.12)	Run tests	2026-10-06T10:44:56.0165752Z >       raise EmulatorStartupError(message, owner=owner, residual=residual) from cause
pytest (3.12)	Run tests	2026-10-06T10:44:56.0166963Z E       packages.core.terminal.emulator.EmulatorStartupError: sidecar \u4e0d\u53ef\u7528\uff1adependency-missing:Cannot find package '@xterm/headless' imported from D:\\a\\pan\\pan\\packages\\core\\terminal\\emulator_sidecar\\sidecar.mjs\uff1b\u6e05\u7406=converged\uff080.015s, pid=9132\uff09
pytest (3.12)	Run tests	2026-10-06T10:44:56.0167943Z 
pytest (3.12)	Run tests	2026-10-06T10:44:56.0168166Z packages\core\terminal\emulator.py:904: EmulatorStartupError
pytest (3.12)	Run tests	2026-10-06T10:44:56.0168654Z ____________________ test_main_screen_matrix_and_recovery _____________________
pytest (3.12)	Run tests	2026-10-06T10:44:56.0168933Z 
pytest (3.12)	Run tests	2026-10-06T10:44:56.0169173Z emu_factory = <function emu_factory.<locals>.make at 0x000001A8A0593E20>
pytest (3.12)	Run tests	2026-10-06T10:44:56.0169491Z 
pytest (3.12)	Run tests	2026-10-06T10:44:56.0169631Z     def test_main_screen_matrix_and_recovery(emu_factory):
pytest (3.12)	Run tests	2026-10-06T10:44:56.0170028Z         stream = (
pytest (3.12)	Run tests	2026-10-06T10:44:56.0170334Z             b"$ echo hello\r\n"
pytest (3.12)	Run tests	2026-10-06T10:44:56.0170682Z             b"hello\r\n"
pytest (3.12)	Run tests	2026-10-06T10:44:56.0171044Z             b"\x1b[31mRED\x1b[0m \x1b[1;32mGREEN\x1b[0m\r\n"
pytest (3.12)	Run tests	2026-10-06T10:44:56.0171443Z             + b"".join(b"line-%03d\r\n" % i for i in range(60))
pytest (3.12)	Run tests	2026-10-06T10:44:56.0171946Z             + b"\x1b[2;1Hmiddle\x1b[K"
pytest (3.12)	Run tests	2026-10-06T10:44:56.0172295Z             + b"\x1b[10;5H\x1b[4mbold-under\x1b[0m"
pytest (3.12)	Run tests	2026-10-06T10:44:56.0172639Z         )
pytest (3.12)	Run tests	2026-10-06T10:44:56.0173032Z >       ref_snap, got = _compare_after_protocol_a(emu_factory, stream)
pytest (3.12)	Run tests	2026-10-06T10:44:56.0173448Z                         ^^^^^^^^^^^^^^^^^^^^^^^^^^^^^^^^^^^^^^^^^^^^^^
pytest (3.12)	Run tests	2026-10-06T10:44:56.0173690Z 
pytest (3.12)	Run tests	2026-10-06T10:44:56.0173869Z tests\test_terminal_emulator.py:203: 
pytest (3.12)	Run tests	2026-10-06T10:44:56.0174288Z _ _ _ _ _ _ _ _ _ _ _ _ _ _ _ _ _ _ _ _ _ _ _ _ _ _ _ _ _ _ _ _ _ _ _ _ _ _ _ _
pytest (3.12)	Run tests	2026-10-06T10:44:56.0174755Z tests\test_terminal_emulator.py:112: in _compare_after_protocol_a
pytest (3.12)	Run tests	2026-10-06T10:44:56.0175185Z     ref = emu_factory(cols=cols, rows=rows)
pytest (3.12)	Run tests	2026-10-06T10:44:56.0175528Z           ^^^^^^^^^^^^^^^^^^^^^^^^^^^^^^^^^
pytest (3.12)	Run tests	2026-10-06T10:44:56.0175882Z tests\test_terminal_emulator.py:87: in make
pytest (3.12)	Run tests	2026-10-06T10:44:56.0176243Z     emu = HeadlessEmulator(**kwargs)
pytest (3.12)	Run tests	2026-10-06T10:44:56.0176560Z           ^^^^^^^^^^^^^^^^^^^^^^^^^^
pytest (3.12)	Run tests	2026-10-06T10:44:56.0176950Z packages\core\terminal\emulator.py:747: in __init__
pytest (3.12)	Run tests	2026-10-06T10:44:56.0177358Z     self._spawn_and_handshake()
pytest (3.12)	Run tests	2026-10-06T10:44:56.0177742Z packages\core\terminal\emulator.py:838: in _spawn_and_handshake
pytest (3.12)	Run tests	2026-10-06T10:44:56.0178252Z     self._fail_startup(f"sidecar \u4e0d\u53ef\u7528\uff1a{self._startup_failure}")
pytest (3.12)	Run tests	2026-10-06T10:44:56.0178738Z _ _ _ _ _ _ _ _ _ _ _ _ _ _ _ _ _ _ _ _ _ _ _ _ _ _ _ _ _ _ _ _ _ _ _ _ _ _ _ _
pytest (3.12)	Run tests	2026-10-06T10:44:56.0179032Z 
pytest (3.12)	Run tests	2026-10-06T10:44:56.0179295Z self = <packages.core.terminal.emulator.HeadlessEmulator object at 0x000001A89AAEA8A0>
pytest (3.12)	Run tests	2026-10-06T10:44:56.0180600Z reason = "sidecar \u4e0d\u53ef\u7528\uff1adependency-missing:Cannot find package '@xterm/headless' imported from D:\\\\a\\\\pan\\\\pan\\\\packages\\\\core\\\\terminal\\\\emulator_sidecar\\\\sidecar.mjs"
pytest (3.12)	Run tests	2026-10-06T10:44:56.0181585Z cause = None
pytest (3.12)	Run tests	2026-10-06T10:44:56.0181718Z 
pytest (3.12)	Run tests	2026-10-06T10:44:56.0182001Z     def _fail_startup(self, reason: str, *, cause: BaseException | None = None) -> NoReturn:
pytest (3.12)	Run tests	2026-10-06T10:44:56.0182887Z         """\u6784\u9020\u5931\u8d25\u7edf\u4e00\u51fa\u53e3\uff1a\u6709\u754c\u6574 Job \u6e05\u7406 + \u643a\u5e26 owner/\u6b8b\u7559\u4fe1\u606f\u7684\u5f02\u5e38\u3002
pytest (3.12)	Run tests	2026-10-06T10:44:56.0183543Z     
pytest (3.12)	Run tests	2026-10-06T10:44:56.0184360Z         \u6e05\u7406\u987a\u5e8f\u4e0e ``close`` \u4e00\u81f4\uff08\u5148\u6e05\u6811 \u2192 join \u7ebf\u7a0b \u2192 \u5173\u6d41 \u2192 guard.close\uff09\uff0c
pytest (3.12)	Run tests	2026-10-06T10:44:56.0185226Z         \u603b\u9884\u7b97\u4e3a ``shutdown_timeout``\uff1b\u5f02\u5e38\u643a\u5e26\u53ef\u91cd\u8bd5 ``owner``\uff08``retry_cleanup``\uff09
pytest (3.12)	Run tests	2026-10-06T10:44:56.0186070Z         \u4e0e ``residual``\uff08pid/\u8eab\u4efd/\u6e05\u7406\u6838\u9a8c/stderr \u6458\u8981\uff09\uff0c\u4e0d\u4ec5\u6587\u672c\u3002
pytest (3.12)	Run tests	2026-10-06T10:44:56.0186655Z         """
pytest (3.12)	Run tests	2026-10-06T10:44:56.0186967Z         detail: list[str] = []
pytest (3.12)	Run tests	2026-10-06T10:44:56.0187320Z         owner = StartupCleanupOwner(
pytest (3.12)	Run tests	2026-10-06T10:44:56.0187655Z             proc=self._proc,
pytest (3.12)	Run tests	2026-10-06T10:44:56.0187957Z             guard=self._guard,
pytest (3.12)	Run tests	2026-10-06T10:44:56.0188292Z             pid=self._sidecar_pid,
pytest (3.12)	Run tests	2026-10-06T10:44:56.0188623Z             identity=self._sidecar_identity,
pytest (3.12)	Run tests	2026-10-06T10:44:56.0188955Z             reader=self._reader_thread,
pytest (3.12)	Run tests	2026-10-06T10:44:56.0189371Z             stderr=self._stderr_thread,
pytest (3.12)	Run tests	2026-10-06T10:44:56.0189688Z             applier=self._applier_thread,
pytest (3.12)	Run tests	2026-10-06T10:44:56.0190052Z             kill_timeout=self._kill_timeout,
pytest (3.12)	Run tests	2026-10-06T10:44:56.0190402Z         )
pytest (3.12)	Run tests	2026-10-06T10:44:56.0190668Z         outcome = _reap_process_resources(
pytest (3.12)	Run tests	2026-10-06T10:44:56.0191027Z             proc=self._proc,
pytest (3.12)	Run tests	2026-10-06T10:44:56.0191330Z             guard=self._guard,
pytest (3.12)	Run tests	2026-10-06T10:44:56.0191654Z             pid=self._sidecar_pid,
pytest (3.12)	Run tests	2026-10-06T10:44:56.0192000Z             identity=self._sidecar_identity,
pytest (3.12)	Run tests	2026-10-06T10:44:56.0192369Z             reader=self._reader_thread,
pytest (3.12)	Run tests	2026-10-06T10:44:56.0193960Z             stderr=self._stderr_thread,
pytest (3.12)	Run tests	2026-10-06T10:44:56.0194488Z             applier=self._applier_thread,
pytest (3.12)	Run tests	2026-10-06T10:44:56.0195014Z             budget=self._shutdown_timeout,
pytest (3.12)	Run tests	2026-10-06T10:44:56.0195499Z             kill_timeout=self._kill_timeout,
pytest (3.12)	Run tests	2026-10-06T10:44:56.0195915Z             detail=detail,
pytest (3.12)	Run tests	2026-10-06T10:44:56.0196399Z         )
pytest (3.12)	Run tests	2026-10-06T10:44:56.0196661Z         residual = {
pytest (3.12)	Run tests	2026-10-06T10:44:56.0196952Z             "reason": reason,
pytest (3.12)	Run tests	2026-10-06T10:44:56.0197429Z             "pid": self._sidecar_pid,
pytest (3.12)	Run tests	2026-10-06T10:44:56.0197742Z             "identity_filetime": (
pytest (3.12)	Run tests	2026-10-06T10:44:56.0198184Z                 str(self._sidecar_identity.created_at_filetime)
pytest (3.12)	Run tests	2026-10-06T10:44:56.0198619Z                 if self._sidecar_identity is not None
pytest (3.12)	Run tests	2026-10-06T10:44:56.0198966Z                 else None
pytest (3.12)	Run tests	2026-10-06T10:44:56.0199266Z             ),
pytest (3.12)	Run tests	2026-10-06T10:44:56.0199585Z             "process_exited": outcome["root_dead"],
pytest (3.12)	Run tests	2026-10-06T10:44:56.0200010Z             "job_verified": outcome["job_verified"],
pytest (3.12)	Run tests	2026-10-06T10:44:56.0200412Z             "guard_closed": outcome["guard_closed"],
pytest (3.12)	Run tests	2026-10-06T10:44:56.0200817Z             "cleanup_closed": outcome["closed"],
pytest (3.12)	Run tests	2026-10-06T10:44:56.0201201Z             "cleanup_seconds": outcome["seconds"],
pytest (3.12)	Run tests	2026-10-06T10:44:56.0201609Z             "cleanup_detail": ", ".join(detail) if detail else "ok",
pytest (3.12)	Run tests	2026-10-06T10:44:56.0202033Z             "cleanup_errors": list(outcome["errors"]),
pytest (3.12)	Run tests	2026-10-06T10:44:56.0202399Z             "stderr_digest": self._stderr_digest(),
pytest (3.12)	Run tests	2026-10-06T10:44:56.0202830Z         }
pytest (3.12)	Run tests	2026-10-06T10:44:56.0203119Z         message = (
pytest (3.12)	Run tests	2026-10-06T10:44:56.0203541Z             f"{reason}\uff1b\u6e05\u7406={'converged' if outcome['closed'] else 'retained'}"
pytest (3.12)	Run tests	2026-10-06T10:44:56.0204130Z             f"\uff08{outcome['seconds']}s, pid={self._sidecar_pid}\uff09"
pytest (3.12)	Run tests	2026-10-06T10:44:56.0204519Z         )
pytest (3.12)	Run tests	2026-10-06T10:44:56.0204894Z >       raise EmulatorStartupError(message, owner=owner, residual=residual) from cause
pytest (3.12)	Run tests	2026-10-06T10:44:56.0206272Z E       packages.core.terminal.emulator.EmulatorStartupError: sidecar \u4e0d\u53ef\u7528\uff1adependency-missing:Cannot find package '@xterm/headless' imported from D:\\a\\pan\\pan\\packages\\core\\terminal\\emulator_sidecar\\sidecar.mjs\uff1b\u6e05\u7406=converged\uff080.0s, pid=1244\uff09
pytest (3.12)	Run tests	2026-10-06T10:44:56.0207725Z 
pytest (3.12)	Run tests	2026-10-06T10:44:56.0207915Z packages\core\terminal\emulator.py:904: EmulatorStartupError
pytest (3.12)	Run tests	2026-10-06T10:44:56.0208395Z __________________ test_alternate_screen_matrix_and_recovery __________________
pytest (3.12)	Run tests	2026-10-06T10:44:56.0208738Z 
pytest (3.12)	Run tests	2026-10-06T10:44:56.0209411Z emu_factory = <function emu_factory.<locals>.make at 0x000001A8A0590CC0>
pytest (3.12)	Run tests	2026-10-06T10:44:56.0209704Z 
pytest (3.12)	Run tests	2026-10-06T10:44:56.0209914Z     def test_alternate_screen_matrix_and_recovery(emu_factory):
pytest (3.12)	Run tests	2026-10-06T10:44:56.0210400Z         stream = (
pytest (3.12)	Run tests	2026-10-06T10:44:56.0210892Z             b"normal-before\r\n"
pytest (3.12)	Run tests	2026-10-06T10:44:56.0211371Z             b"\x1b[?1049h"
pytest (3.12)	Run tests	2026-10-06T10:44:56.0211752Z             b"\x1b[2J\x1b[H"
pytest (3.12)	Run tests	2026-10-06T10:44:56.0212204Z             b"ALT-SCREEN-CONTENT\r\n"
pytest (3.12)	Run tests	2026-10-06T10:44:56.0212700Z             b"second-line\x1b[?1049l"
pytest (3.12)	Run tests	2026-10-06T10:44:56.0213078Z             b"after-leave\r\n"
pytest (3.12)	Run tests	2026-10-06T10:44:56.0213370Z         )
pytest (3.12)	Run tests	2026-10-06T10:44:56.0213717Z >       ref_snap, got = _compare_after_protocol_a(emu_factory, stream, chunk=7)
pytest (3.12)	Run tests	2026-10-06T10:44:56.0214219Z                         ^^^^^^^^^^^^^^^^^^^^^^^^^^^^^^^^^^^^^^^^^^^^^^^^^^^^^^^
pytest (3.12)	Run tests	2026-10-06T10:44:56.0214474Z 
pytest (3.12)	Run tests	2026-10-06T10:44:56.0214603Z tests\test_terminal_emulator.py:219: 
pytest (3.12)	Run tests	2026-10-06T10:44:56.0214956Z _ _ _ _ _ _ _ _ _ _ _ _ _ _ _ _ _ _ _ _ _ _ _ _ _ _ _ _ _ _ _ _ _ _ _ _ _ _ _ _
pytest (3.12)	Run tests	2026-10-06T10:44:56.0215425Z tests\test_terminal_emulator.py:112: in _compare_after_protocol_a
pytest (3.12)	Run tests	2026-10-06T10:44:56.0215855Z     ref = emu_factory(cols=cols, rows=rows)
pytest (3.12)	Run tests	2026-10-06T10:44:56.0216249Z           ^^^^^^^^^^^^^^^^^^^^^^^^^^^^^^^^^
pytest (3.12)	Run tests	2026-10-06T10:44:56.0216591Z tests\test_terminal_emulator.py:87: in make
pytest (3.12)	Run tests	2026-10-06T10:44:56.0217078Z     emu = HeadlessEmulator(**kwargs)
pytest (3.12)	Run tests	2026-10-06T10:44:56.0217421Z           ^^^^^^^^^^^^^^^^^^^^^^^^^^
pytest (3.12)	Run tests	2026-10-06T10:44:56.0217778Z packages\core\terminal\emulator.py:747: in __init__
pytest (3.12)	Run tests	2026-10-06T10:44:56.0218162Z     self._spawn_and_handshake()
pytest (3.12)	Run tests	2026-10-06T10:44:56.0218550Z packages\core\terminal\emulator.py:838: in _spawn_and_handshake
pytest (3.12)	Run tests	2026-10-06T10:44:56.0219047Z     self._fail_startup(f"sidecar \u4e0d\u53ef\u7528\uff1a{self._startup_failure}")
pytest (3.12)	Run tests	2026-10-06T10:44:56.0219899Z _ _ _ _ _ _ _ _ _ _ _ _ _ _ _ _ _ _ _ _ _ _ _ _ _ _ _ _ _ _ _ _ _ _ _ _ _ _ _ _
pytest (3.12)	Run tests	2026-10-06T10:44:56.0220139Z 
pytest (3.12)	Run tests	2026-10-06T10:44:56.0220443Z self = <packages.core.terminal.emulator.HeadlessEmulator object at 0x000001A8A04F9550>
pytest (3.12)	Run tests	2026-10-06T10:44:56.0221430Z reason = "sidecar \u4e0d\u53ef\u7528\uff1adependency-missing:Cannot find package '@xterm/headless' imported from D:\\\\a\\\\pan\\\\pan\\\\packages\\\\core\\\\terminal\\\\emulator_sidecar\\\\sidecar.mjs"
pytest (3.12)	Run tests	2026-10-06T10:44:56.0222182Z cause = None
pytest (3.12)	Run tests	2026-10-06T10:44:56.0222350Z 
pytest (3.12)	Run tests	2026-10-06T10:44:56.0222585Z     def _fail_startup(self, reason: str, *, cause: BaseException | None = None) -> NoReturn:
pytest (3.12)	Run tests	2026-10-06T10:44:56.0223392Z         """\u6784\u9020\u5931\u8d25\u7edf\u4e00\u51fa\u53e3\uff1a\u6709\u754c\u6574 Job \u6e05\u7406 + \u643a\u5e26 owner/\u6b8b\u7559\u4fe1\u606f\u7684\u5f02\u5e38\u3002
pytest (3.12)	Run tests	2026-10-06T10:44:56.0224043Z     
pytest (3.12)	Run tests	2026-10-06T10:44:56.0224616Z         \u6e05\u7406\u987a\u5e8f\u4e0e ``close`` \u4e00\u81f4\uff08\u5148\u6e05\u6811 \u2192 join \u7ebf\u7a0b \u2192 \u5173\u6d41 \u2192 guard.close\uff09\uff0c
pytest (3.12)	Run tests	2026-10-06T10:44:56.0225540Z         \u603b\u9884\u7b97\u4e3a ``shutdown_timeout``\uff1b\u5f02\u5e38\u643a\u5e26\u53ef\u91cd\u8bd5 ``owner``\uff08``retry_cleanup``\uff09
pytest (3.12)	Run tests	2026-10-06T10:44:56.0226310Z         \u4e0e ``residual``\uff08pid/\u8eab\u4efd/\u6e05\u7406\u6838\u9a8c/stderr \u6458\u8981\uff09\uff0c\u4e0d\u4ec5\u6587\u672c\u3002
pytest (3.12)	Run tests	2026-10-06T10:44:56.0226881Z         """
pytest (3.12)	Run tests	2026-10-06T10:44:56.0227160Z         detail: list[str] = []
pytest (3.12)	Run tests	2026-10-06T10:44:56.0227532Z         owner = StartupCleanupOwner(
pytest (3.12)	Run tests	2026-10-06T10:44:56.0227899Z             proc=self._proc,
pytest (3.12)	Run tests	2026-10-06T10:44:56.0228300Z             guard=self._guard,
pytest (3.12)	Run tests	2026-10-06T10:44:56.0228641Z             pid=self._sidecar_pid,
pytest (3.12)	Run tests	2026-10-06T10:44:56.0228986Z             identity=self._sidecar_identity,
pytest (3.12)	Run tests	2026-10-06T10:44:56.0229665Z             reader=self._reader_thread,
pytest (3.12)	Run tests	2026-10-06T10:44:56.0230048Z             stderr=self._stderr_thread,
pytest (3.12)	Run tests	2026-10-06T10:44:56.0230391Z             applier=self._applier_thread,
pytest (3.12)	Run tests	2026-10-06T10:44:56.0230745Z             kill_timeout=self._kill_timeout,
pytest (3.12)	Run tests	2026-10-06T10:44:56.0231066Z         )
pytest (3.12)	Run tests	2026-10-06T10:44:56.0231371Z         outcome = _reap_process_resources(
pytest (3.12)	Run tests	2026-10-06T10:44:56.0231726Z             proc=self._proc,
pytest (3.12)	Run tests	2026-10-06T10:44:56.0232034Z             guard=self._guard,
pytest (3.12)	Run tests	2026-10-06T10:44:56.0232347Z             pid=self._sidecar_pid,
pytest (3.12)	Run tests	2026-10-06T10:44:56.0232681Z             identity=self._sidecar_identity,
pytest (3.12)	Run tests	2026-10-06T10:44:56.0232997Z             reader=self._reader_thread,
pytest (3.12)	Run tests	2026-10-06T10:44:56.0233350Z             stderr=self._stderr_thread,
pytest (3.12)	Run tests	2026-10-06T10:44:56.0233683Z             applier=self._applier_thread,
pytest (3.12)	Run tests	2026-10-06T10:44:56.0234101Z             budget=self._shutdown_timeout,
pytest (3.12)	Run tests	2026-10-06T10:44:56.0234437Z             kill_timeout=self._kill_timeout,
pytest (3.12)	Run tests	2026-10-06T10:44:56.0234746Z             detail=detail,
pytest (3.12)	Run tests	2026-10-06T10:44:56.0235052Z         )
pytest (3.12)	Run tests	2026-10-06T10:44:56.0235309Z         residual = {
pytest (3.12)	Run tests	2026-10-06T10:44:56.0235587Z             "reason": reason,
pytest (3.12)	Run tests	2026-10-06T10:44:56.0235941Z             "pid": self._sidecar_pid,
pytest (3.12)	Run tests	2026-10-06T10:44:56.0236267Z             "identity_filetime": (
pytest (3.12)	Run tests	2026-10-06T10:44:56.0236641Z                 str(self._sidecar_identity.created_at_filetime)
pytest (3.12)	Run tests	2026-10-06T10:44:56.0237047Z                 if self._sidecar_identity is not None
pytest (3.12)	Run tests	2026-10-06T10:44:56.0237431Z                 else None
pytest (3.12)	Run tests	2026-10-06T10:44:56.0237725Z             ),
pytest (3.12)	Run tests	2026-10-06T10:44:56.0238029Z             "process_exited": outcome["root_dead"],
pytest (3.12)	Run tests	2026-10-06T10:44:56.0238407Z             "job_verified": outcome["job_verified"],
pytest (3.12)	Run tests	2026-10-06T10:44:56.0238878Z             "guard_closed": outcome["guard_closed"],
pytest (3.12)	Run tests	2026-10-06T10:44:56.0239233Z             "cleanup_closed": outcome["closed"],
pytest (3.12)	Run tests	2026-10-06T10:44:56.0239659Z             "cleanup_seconds": outcome["seconds"],
pytest (3.12)	Run tests	2026-10-06T10:44:56.0240076Z             "cleanup_detail": ", ".join(detail) if detail else "ok",
pytest (3.12)	Run tests	2026-10-06T10:44:56.0240618Z             "cleanup_errors": list(outcome["errors"]),
pytest (3.12)	Run tests	2026-10-06T10:44:56.0241236Z             "stderr_digest": self._stderr_digest(),
pytest (3.12)	Run tests	2026-10-06T10:44:56.0241600Z         }
pytest (3.12)	Run tests	2026-10-06T10:44:56.0242005Z         message = (
pytest (3.12)	Run tests	2026-10-06T10:44:56.0242422Z             f"{reason}\uff1b\u6e05\u7406={'converged' if outcome['closed'] else 'retained'}"
pytest (3.12)	Run tests	2026-10-06T10:44:56.0242935Z             f"\uff08{outcome['seconds']}s, pid={self._sidecar_pid}\uff09"
pytest (3.12)	Run tests	2026-10-06T10:44:56.0243331Z         )
pytest (3.12)	Run tests	2026-10-06T10:44:56.0243743Z >       raise EmulatorStartupError(message, owner=owner, residual=residual) from cause
pytest (3.12)	Run tests	2026-10-06T10:44:56.0245323Z E       packages.core.terminal.emulator.EmulatorStartupError: sidecar \u4e0d\u53ef\u7528\uff1adependency-missing:Cannot find package '@xterm/headless' imported from D:\\a\\pan\\pan\\packages\\core\\terminal\\emulator_sidecar\\sidecar.mjs\uff1b\u6e05\u7406=converged\uff080.0s, pid=1552\uff09
pytest (3.12)	Run tests	2026-10-06T10:44:56.0246244Z 
pytest (3.12)	Run tests	2026-10-06T10:44:56.0246466Z packages\core\terminal\emulator.py:904: EmulatorStartupError
pytest (3.12)	Run tests	2026-10-06T10:44:56.0246937Z _________________ test_split_utf8_1_4_rest_matches_continuous _________________
pytest (3.12)	Run tests	2026-10-06T10:44:56.0247270Z 
pytest (3.12)	Run tests	2026-10-06T10:44:56.0247485Z emu_factory = <function emu_factory.<locals>.make at 0x000001A8A0560EA0>
pytest (3.12)	Run tests	2026-10-06T10:44:56.0247805Z 
pytest (3.12)	Run tests	2026-10-06T10:44:56.0247979Z     def test_split_utf8_1_4_rest_matches_continuous(emu_factory):
pytest (3.12)	Run tests	2026-10-06T10:44:56.0248485Z >       ref = emu_factory()
pytest (3.12)	Run tests	2026-10-06T10:44:56.0248969Z               ^^^^^^^^^^^^^
pytest (3.12)	Run tests	2026-10-06T10:44:56.0249395Z 
pytest (3.12)	Run tests	2026-10-06T10:44:56.0249626Z tests\test_terminal_emulator.py:225: 
pytest (3.12)	Run tests	2026-10-06T10:44:56.0250222Z _ _ _ _ _ _ _ _ _ _ _ _ _ _ _ _ _ _ _ _ _ _ _ _ _ _ _ _ _ _ _ _ _ _ _ _ _ _ _ _
pytest (3.12)	Run tests	2026-10-06T10:44:56.0250963Z tests\test_terminal_emulator.py:87: in make
pytest (3.12)	Run tests	2026-10-06T10:44:56.0251478Z     emu = HeadlessEmulator(**kwargs)
pytest (3.12)	Run tests	2026-10-06T10:44:56.0251889Z           ^^^^^^^^^^^^^^^^^^^^^^^^^^
pytest (3.12)	Run tests	2026-10-06T10:44:56.0252383Z packages\core\terminal\emulator.py:747: in __init__
pytest (3.12)	Run tests	2026-10-06T10:44:56.0252868Z     self._spawn_and_handshake()
pytest (3.12)	Run tests	2026-10-06T10:44:56.0253277Z packages\core\terminal\emulator.py:838: in _spawn_and_handshake
pytest (3.12)	Run tests	2026-10-06T10:44:56.0253827Z     self._fail_startup(f"sidecar \u4e0d\u53ef\u7528\uff1a{self._startup_failure}")
pytest (3.12)	Run tests	2026-10-06T10:44:56.0254314Z _ _ _ _ _ _ _ _ _ _ _ _ _ _ _ _ _ _ _ _ _ _ _ _ _ _ _ _ _ _ _ _ _ _ _ _ _ _ _ _
pytest (3.12)	Run tests	2026-10-06T10:44:56.0254587Z 
pytest (3.12)	Run tests	2026-10-06T10:44:56.0254827Z self = <packages.core.terminal.emulator.HeadlessEmulator object at 0x000001A8A055C830>
pytest (3.12)	Run tests	2026-10-06T10:44:56.0255763Z reason = "sidecar \u4e0d\u53ef\u7528\uff1adependency-missing:Cannot find package '@xterm/headless' imported from D:\\\\a\\\\pan\\\\pan\\\\packages\\\\core\\\\terminal\\\\emulator_sidecar\\\\sidecar.mjs"
pytest (3.12)	Run tests	2026-10-06T10:44:56.0256565Z cause = None
pytest (3.12)	Run tests	2026-10-06T10:44:56.0256679Z 
pytest (3.12)	Run tests	2026-10-06T10:44:56.0257007Z     def _fail_startup(self, reason: str, *, cause: BaseException | None = None) -> NoReturn:
pytest (3.12)	Run tests	2026-10-06T10:44:56.0257765Z         """\u6784\u9020\u5931\u8d25\u7edf\u4e00\u51fa\u53e3\uff1a\u6709\u754c\u6574 Job \u6e05\u7406 + \u643a\u5e26 owner/\u6b8b\u7559\u4fe1\u606f\u7684\u5f02\u5e38\u3002
pytest (3.12)	Run tests	2026-10-06T10:44:56.0258370Z     
pytest (3.12)	Run tests	2026-10-06T10:44:56.0258934Z         \u6e05\u7406\u987a\u5e8f\u4e0e ``close`` \u4e00\u81f4\uff08\u5148\u6e05\u6811 \u2192 join \u7ebf\u7a0b \u2192 \u5173\u6d41 \u2192 guard.close\uff09\uff0c
pytest (3.12)	Run tests	2026-10-06T10:44:56.0259786Z         \u603b\u9884\u7b97\u4e3a ``shutdown_timeout``\uff1b\u5f02\u5e38\u643a\u5e26\u53ef\u91cd\u8bd5 ``owner``\uff08``retry_cleanup``\uff09
pytest (3.12)	Run tests	2026-10-06T10:44:56.0260656Z         \u4e0e ``residual``\uff08pid/\u8eab\u4efd/\u6e05\u7406\u6838\u9a8c/stderr \u6458\u8981\uff09\uff0c\u4e0d\u4ec5\u6587\u672c\u3002
pytest (3.12)	Run tests	2026-10-06T10:44:56.0261307Z         """
pytest (3.12)	Run tests	2026-10-06T10:44:56.0261569Z         detail: list[str] = []
pytest (3.12)	Run tests	2026-10-06T10:44:56.0261925Z         owner = StartupCleanupOwner(
pytest (3.12)	Run tests	2026-10-06T10:44:56.0262379Z             proc=self._proc,
pytest (3.12)	Run tests	2026-10-06T10:44:56.0262719Z             guard=self._guard,
pytest (3.12)	Run tests	2026-10-06T10:44:56.0263036Z             pid=self._sidecar_pid,
pytest (3.12)	Run tests	2026-10-06T10:44:56.0263359Z             identity=self._sidecar_identity,
pytest (3.12)	Run tests	2026-10-06T10:44:56.0263732Z             reader=self._reader_thread,
pytest (3.12)	Run tests	2026-10-06T10:44:56.0264138Z             stderr=self._stderr_thread,
pytest (3.12)	Run tests	2026-10-06T10:44:56.0264486Z             applier=self._applier_thread,
pytest (3.12)	Run tests	2026-10-06T10:44:56.0264831Z             kill_timeout=self._kill_timeout,
pytest (3.12)	Run tests	2026-10-06T10:44:56.0265134Z         )
pytest (3.12)	Run tests	2026-10-06T10:44:56.0265441Z         outcome = _reap_process_resources(
pytest (3.12)	Run tests	2026-10-06T10:44:56.0265820Z             proc=self._proc,
pytest (3.12)	Run tests	2026-10-06T10:44:56.0266130Z             guard=self._guard,
pytest (3.12)	Run tests	2026-10-06T10:44:56.0266460Z             pid=self._sidecar_pid,
pytest (3.12)	Run tests	2026-10-06T10:44:56.0266800Z             identity=self._sidecar_identity,
pytest (3.12)	Run tests	2026-10-06T10:44:56.0267191Z             reader=self._reader_thread,
pytest (3.12)	Run tests	2026-10-06T10:44:56.0267580Z             stderr=self._stderr_thread,
pytest (3.12)	Run tests	2026-10-06T10:44:56.0267899Z             applier=self._applier_thread,
pytest (3.12)	Run tests	2026-10-06T10:44:56.0268285Z             budget=self._shutdown_timeout,
pytest (3.12)	Run tests	2026-10-06T10:44:56.0268629Z             kill_timeout=self._kill_timeout,
pytest (3.12)	Run tests	2026-10-06T10:44:56.0268963Z             detail=detail,
pytest (3.12)	Run tests	2026-10-06T10:44:56.0269276Z         )
pytest (3.12)	Run tests	2026-10-06T10:44:56.0269967Z         residual = {
pytest (3.12)	Run tests	2026-10-06T10:44:56.0270380Z             "reason": reason,
pytest (3.12)	Run tests	2026-10-06T10:44:56.0270742Z             "pid": self._sidecar_pid,
pytest (3.12)	Run tests	2026-10-06T10:44:56.0271086Z             "identity_filetime": (
pytest (3.12)	Run tests	2026-10-06T10:44:56.0271537Z                 str(self._sidecar_identity.created_at_filetime)
pytest (3.12)	Run tests	2026-10-06T10:44:56.0272207Z                 if self._sidecar_identity is not None
pytest (3.12)	Run tests	2026-10-06T10:44:56.0272724Z                 else None
pytest (3.12)	Run tests	2026-10-06T10:44:56.0273242Z             ),
pytest (3.12)	Run tests	2026-10-06T10:44:56.0273790Z             "process_exited": outcome["root_dead"],
pytest (3.12)	Run tests	2026-10-06T10:44:56.0274185Z             "job_verified": outcome["job_verified"],
pytest (3.12)	Run tests	2026-10-06T10:44:56.0274580Z             "guard_closed": outcome["guard_closed"],
pytest (3.12)	Run tests	2026-10-06T10:44:56.0275013Z             "cleanup_closed": outcome["closed"],
pytest (3.12)	Run tests	2026-10-06T10:44:56.0275388Z             "cleanup_seconds": outcome["seconds"],
pytest (3.12)	Run tests	2026-10-06T10:44:56.0275791Z             "cleanup_detail": ", ".join(detail) if detail else "ok",
pytest (3.12)	Run tests	2026-10-06T10:44:56.0276192Z             "cleanup_errors": list(outcome["errors"]),
pytest (3.12)	Run tests	2026-10-06T10:44:56.0276610Z             "stderr_digest": self._stderr_digest(),
pytest (3.12)	Run tests	2026-10-06T10:44:56.0276940Z         }
pytest (3.12)	Run tests	2026-10-06T10:44:56.0277183Z         message = (
pytest (3.12)	Run tests	2026-10-06T10:44:56.0277600Z             f"{reason}\uff1b\u6e05\u7406={'converged' if outcome['closed'] else 'retained'}"
pytest (3.12)	Run tests	2026-10-06T10:44:56.0278122Z             f"\uff08{outcome['seconds']}s, pid={self._sidecar_pid}\uff09"
pytest (3.12)	Run tests	2026-10-06T10:44:56.0278671Z         )
pytest (3.12)	Run tests	2026-10-06T10:44:56.0279067Z >       raise EmulatorStartupError(message, owner=owner, residual=residual) from cause
pytest (3.12)	Run tests	2026-10-06T10:44:56.0280253Z E       packages.core.terminal.emulator.EmulatorStartupError: sidecar \u4e0d\u53ef\u7528\uff1adependency-missing:Cannot find package '@xterm/headless' imported from D:\\a\\pan\\pan\\packages\\core\\terminal\\emulator_sidecar\\sidecar.mjs\uff1b\u6e05\u7406=converged\uff080.0s, pid=3784\uff09
pytest (3.12)	Run tests	2026-10-06T10:44:56.0281226Z 
pytest (3.12)	Run tests	2026-10-06T10:44:56.0281403Z packages\core\terminal\emulator.py:904: EmulatorStartupError
pytest (3.12)	Run tests	2026-10-06T10:44:56.0281890Z _______________ test_holdback_split_csi_and_protocol_a_recovery _______________
pytest (3.12)	Run tests	2026-10-06T10:44:56.0282203Z 
pytest (3.12)	Run tests	2026-10-06T10:44:56.0282450Z emu_factory = <function emu_factory.<locals>.make at 0x000001A8A0590B80>
pytest (3.12)	Run tests	2026-10-06T10:44:56.0282723Z 
pytest (3.12)	Run tests	2026-10-06T10:44:56.0282970Z     def test_holdback_split_csi_and_protocol_a_recovery(emu_factory):
pytest (3.12)	Run tests	2026-10-06T10:44:56.0283478Z         p1 = b"AB\x1b[3"
pytest (3.12)	Run tests	2026-10-06T10:44:56.0283943Z         p2 = b"1mRED\x1b[0m"
pytest (3.12)	Run tests	2026-10-06T10:44:56.0284276Z >       ref = emu_factory()
pytest (3.12)	Run tests	2026-10-06T10:44:56.0284608Z               ^^^^^^^^^^^^^
pytest (3.12)	Run tests	2026-10-06T10:44:56.0284812Z 
pytest (3.12)	Run tests	2026-10-06T10:44:56.0284943Z tests\test_terminal_emulator.py:240: 
pytest (3.12)	Run tests	2026-10-06T10:44:56.0285391Z _ _ _ _ _ _ _ _ _ _ _ _ _ _ _ _ _ _ _ _ _ _ _ _ _ _ _ _ _ _ _ _ _ _ _ _ _ _ _ _
pytest (3.12)	Run tests	2026-10-06T10:44:56.0285817Z tests\test_terminal_emulator.py:87: in make
pytest (3.12)	Run tests	2026-10-06T10:44:56.0286189Z     emu = HeadlessEmulator(**kwargs)
pytest (3.12)	Run tests	2026-10-06T10:44:56.0286555Z           ^^^^^^^^^^^^^^^^^^^^^^^^^^
pytest (3.12)	Run tests	2026-10-06T10:44:56.0286953Z packages\core\terminal\emulator.py:747: in __init__
pytest (3.12)	Run tests	2026-10-06T10:44:56.0287342Z     self._spawn_and_handshake()
pytest (3.12)	Run tests	2026-10-06T10:44:56.0287788Z packages\core\terminal\emulator.py:838: in _spawn_and_handshake
pytest (3.12)	Run tests	2026-10-06T10:44:56.0288314Z     self._fail_startup(f"sidecar \u4e0d\u53ef\u7528\uff1a{self._startup_failure}")
pytest (3.12)	Run tests	2026-10-06T10:44:56.0288861Z _ _ _ _ _ _ _ _ _ _ _ _ _ _ _ _ _ _ _ _ _ _ _ _ _ _ _ _ _ _ _ _ _ _ _ _ _ _ _ _
pytest (3.12)	Run tests	2026-10-06T10:44:56.0289100Z 
pytest (3.12)	Run tests	2026-10-06T10:44:56.0289402Z self = <packages.core.terminal.emulator.HeadlessEmulator object at 0x000001A89CE4F4D0>
pytest (3.12)	Run tests	2026-10-06T10:44:56.0290407Z reason = "sidecar \u4e0d\u53ef\u7528\uff1adependency-missing:Cannot find package '@xterm/headless' imported from D:\\\\a\\\\pan\\\\pan\\\\packages\\\\core\\\\terminal\\\\emulator_sidecar\\\\sidecar.mjs"
pytest (3.12)	Run tests	2026-10-06T10:44:56.0291213Z cause = None
pytest (3.12)	Run tests	2026-10-06T10:44:56.0291393Z 
pytest (3.12)	Run tests	2026-10-06T10:44:56.0291640Z     def _fail_startup(self, reason: str, *, cause: BaseException | None = None) -> NoReturn:
pytest (3.12)	Run tests	2026-10-06T10:44:56.0292444Z         """\u6784\u9020\u5931\u8d25\u7edf\u4e00\u51fa\u53e3\uff1a\u6709\u754c\u6574 Job \u6e05\u7406 + \u643a\u5e26 owner/\u6b8b\u7559\u4fe1\u606f\u7684\u5f02\u5e38\u3002
pytest (3.12)	Run tests	2026-10-06T10:44:56.0293183Z     
pytest (3.12)	Run tests	2026-10-06T10:44:56.0293766Z         \u6e05\u7406\u987a\u5e8f\u4e0e ``close`` \u4e00\u81f4\uff08\u5148\u6e05\u6811 \u2192 join \u7ebf\u7a0b \u2192 \u5173\u6d41 \u2192 guard.close\uff09\uff0c
pytest (3.12)	Run tests	2026-10-06T10:44:56.0295201Z         \u603b\u9884\u7b97\u4e3a ``shutdown_timeout``\uff1b\u5f02\u5e38\u643a\u5e26\u53ef\u91cd\u8bd5 ``owner``\uff08``retry_cleanup``\uff09
pytest (3.12)	Run tests	2026-10-06T10:44:56.0296054Z         \u4e0e ``residual``\uff08pid/\u8eab\u4efd/\u6e05\u7406\u6838\u9a8c/stderr \u6458\u8981\uff09\uff0c\u4e0d\u4ec5\u6587\u672c\u3002
pytest (3.12)	Run tests	2026-10-06T10:44:56.0296617Z         """
pytest (3.12)	Run tests	2026-10-06T10:44:56.0296927Z         detail: list[str] = []
pytest (3.12)	Run tests	2026-10-06T10:44:56.0297272Z         owner = StartupCleanupOwner(
pytest (3.12)	Run tests	2026-10-06T10:44:56.0297691Z             proc=self._proc,
pytest (3.12)	Run tests	2026-10-06T10:44:56.0298006Z             guard=self._guard,
pytest (3.12)	Run tests	2026-10-06T10:44:56.0298325Z             pid=self._sidecar_pid,
pytest (3.12)	Run tests	2026-10-06T10:44:56.0298692Z             identity=self._sidecar_identity,
pytest (3.12)	Run tests	2026-10-06T10:44:56.0299060Z             reader=self._reader_thread,
pytest (3.12)	Run tests	2026-10-06T10:44:56.0299418Z             stderr=self._stderr_thread,
pytest (3.12)	Run tests	2026-10-06T10:44:56.0299779Z             applier=self._applier_thread,
pytest (3.12)	Run tests	2026-10-06T10:44:56.0300117Z             kill_timeout=self._kill_timeout,
pytest (3.12)	Run tests	2026-10-06T10:44:56.0300505Z         )
pytest (3.12)	Run tests	2026-10-06T10:44:56.0300843Z         outcome = _reap_process_resources(
pytest (3.12)	Run tests	2026-10-06T10:44:56.0301188Z             proc=self._proc,
pytest (3.12)	Run tests	2026-10-06T10:44:56.0301497Z             guard=self._guard,
pytest (3.12)	Run tests	2026-10-06T10:44:56.0302133Z             pid=self._sidecar_pid,
pytest (3.12)	Run tests	2026-10-06T10:44:56.0302691Z             identity=self._sidecar_identity,
pytest (3.12)	Run tests	2026-10-06T10:44:56.0303169Z             reader=self._reader_thread,
pytest (3.12)	Run tests	2026-10-06T10:44:56.0303753Z             stderr=self._stderr_thread,
pytest (3.12)	Run tests	2026-10-06T10:44:56.0304130Z             applier=self._applier_thread,
pytest (3.12)	Run tests	2026-10-06T10:44:56.0304549Z             budget=self._shutdown_timeout,
pytest (3.12)	Run tests	2026-10-06T10:44:56.0304951Z             kill_timeout=self._kill_timeout,
pytest (3.12)	Run tests	2026-10-06T10:44:56.0305308Z             detail=detail,
pytest (3.12)	Run tests	2026-10-06T10:44:56.0305631Z         )
pytest (3.12)	Run tests	2026-10-06T10:44:56.0305914Z         residual = {
pytest (3.12)	Run tests	2026-10-06T10:44:56.0306347Z             "reason": reason,
pytest (3.12)	Run tests	2026-10-06T10:44:56.0306703Z             "pid": self._sidecar_pid,
pytest (3.12)	Run tests	2026-10-06T10:44:56.0307022Z             "identity_filetime": (
pytest (3.12)	Run tests	2026-10-06T10:44:56.0307414Z                 str(self._sidecar_identity.created_at_filetime)
pytest (3.12)	Run tests	2026-10-06T10:44:56.0307830Z                 if self._sidecar_identity is not None
pytest (3.12)	Run tests	2026-10-06T10:44:56.0308225Z                 else None
pytest (3.12)	Run tests	2026-10-06T10:44:56.0308559Z             ),
pytest (3.12)	Run tests	2026-10-06T10:44:56.0308842Z             "process_exited": outcome["root_dead"],
pytest (3.12)	Run tests	2026-10-06T10:44:56.0309469Z             "job_verified": outcome["job_verified"],
pytest (3.12)	Run tests	2026-10-06T10:44:56.0310081Z             "guard_closed": outcome["guard_closed"],
pytest (3.12)	Run tests	2026-10-06T10:44:56.0310621Z             "cleanup_closed": outcome["closed"],
pytest (3.12)	Run tests	2026-10-06T10:44:56.0311200Z             "cleanup_seconds": outcome["seconds"],
pytest (3.12)	Run tests	2026-10-06T10:44:56.0311832Z             "cleanup_detail": ", ".join(detail) if detail else "ok",
pytest (3.12)	Run tests	2026-10-06T10:44:56.0312457Z             "cleanup_errors": list(outcome["errors"]),
pytest (3.12)	Run tests	2026-10-06T10:44:56.0312884Z             "stderr_digest": self._stderr_digest(),
pytest (3.12)	Run tests	2026-10-06T10:44:56.0313223Z         }
pytest (3.12)	Run tests	2026-10-06T10:44:56.0313519Z         message = (
pytest (3.12)	Run tests	2026-10-06T10:44:56.0313923Z             f"{reason}\uff1b\u6e05\u7406={'converged' if outcome['closed'] else 'retained'}"
pytest (3.12)	Run tests	2026-10-06T10:44:56.0314501Z             f"\uff08{outcome['seconds']}s, pid={self._sidecar_pid}\uff09"
pytest (3.12)	Run tests	2026-10-06T10:44:56.0315290Z         )
pytest (3.12)	Run tests	2026-10-06T10:44:56.0315670Z >       raise EmulatorStartupError(message, owner=owner, residual=residual) from cause
pytest (3.12)	Run tests	2026-10-06T10:44:56.0316888Z E       packages.core.terminal.emulator.EmulatorStartupError: sidecar \u4e0d\u53ef\u7528\uff1adependency-missing:Cannot find package '@xterm/headless' imported from D:\\a\\pan\\pan\\packages\\core\\terminal\\emulator_sidecar\\sidecar.mjs\uff1b\u6e05\u7406=converged\uff080.0s, pid=6048\uff09
pytest (3.12)	Run tests	2026-10-06T10:44:56.0318323Z 
pytest (3.12)	Run tests	2026-10-06T10:44:56.0318623Z packages\core\terminal\emulator.py:904: EmulatorStartupError
pytest (3.12)	Run tests	2026-10-06T10:44:56.0319185Z ____________ test_holdback_split_osc_degrades_partial_and_recovers ____________
pytest (3.12)	Run tests	2026-10-06T10:44:56.0320362Z 
pytest (3.12)	Run tests	2026-10-06T10:44:56.0320587Z emu_factory = <function emu_factory.<locals>.make at 0x000001A8A04C3BA0>
pytest (3.12)	Run tests	2026-10-06T10:44:56.0320961Z 
pytest (3.12)	Run tests	2026-10-06T10:44:56.0321148Z     def test_holdback_split_osc_degrades_partial_and_recovers(emu_factory):
pytest (3.12)	Run tests	2026-10-06T10:44:56.0321668Z         p1 = b"X\x1b]0;title"
pytest (3.12)	Run tests	2026-10-06T10:44:56.0322139Z         p2 = b"-done\x07Y"
pytest (3.12)	Run tests	2026-10-06T10:44:56.0322452Z >       ref = emu_factory()
pytest (3.12)	Run tests	2026-10-06T10:44:56.0322753Z               ^^^^^^^^^^^^^
pytest (3.12)	Run tests	2026-10-06T10:44:56.0322907Z 
pytest (3.12)	Run tests	2026-10-06T10:44:56.0323061Z tests\test_terminal_emulator.py:259: 
pytest (3.12)	Run tests	2026-10-06T10:44:56.0323480Z _ _ _ _ _ _ _ _ _ _ _ _ _ _ _ _ _ _ _ _ _ _ _ _ _ _ _ _ _ _ _ _ _ _ _ _ _ _ _ _
pytest (3.12)	Run tests	2026-10-06T10:44:56.0323878Z tests\test_terminal_emulator.py:87: in make
pytest (3.12)	Run tests	2026-10-06T10:44:56.0324247Z     emu = HeadlessEmulator(**kwargs)
pytest (3.12)	Run tests	2026-10-06T10:44:56.0324588Z           ^^^^^^^^^^^^^^^^^^^^^^^^^^
pytest (3.12)	Run tests	2026-10-06T10:44:56.0324974Z packages\core\terminal\emulator.py:747: in __init__
pytest (3.12)	Run tests	2026-10-06T10:44:56.0325371Z     self._spawn_and_handshake()
pytest (3.12)	Run tests	2026-10-06T10:44:56.0325775Z packages\core\terminal\emulator.py:838: in _spawn_and_handshake
pytest (3.12)	Run tests	2026-10-06T10:44:56.0326273Z     self._fail_startup(f"sidecar \u4e0d\u53ef\u7528\uff1a{self._startup_failure}")
pytest (3.12)	Run tests	2026-10-06T10:44:56.0326832Z _ _ _ _ _ _ _ _ _ _ _ _ _ _ _ _ _ _ _ _ _ _ _ _ _ _ _ _ _ _ _ _ _ _ _ _ _ _ _ _
pytest (3.12)	Run tests	2026-10-06T10:44:56.0327121Z 
pytest (3.12)	Run tests	2026-10-06T10:44:56.0327391Z self = <packages.core.terminal.emulator.HeadlessEmulator object at 0x000001A89D025E20>
pytest (3.12)	Run tests	2026-10-06T10:44:56.0328384Z reason = "sidecar \u4e0d\u53ef\u7528\uff1adependency-missing:Cannot find package '@xterm/headless' imported from D:\\\\a\\\\pan\\\\pan\\\\packages\\\\core\\\\terminal\\\\emulator_sidecar\\\\sidecar.mjs"
pytest (3.12)	Run tests	2026-10-06T10:44:56.0329223Z cause = None
pytest (3.12)	Run tests	2026-10-06T10:44:56.0329369Z 
pytest (3.12)	Run tests	2026-10-06T10:44:56.0329658Z     def _fail_startup(self, reason: str, *, cause: BaseException | None = None) -> NoReturn:
pytest (3.12)	Run tests	2026-10-06T10:44:56.0330663Z         """\u6784\u9020\u5931\u8d25\u7edf\u4e00\u51fa\u53e3\uff1a\u6709\u754c\u6574 Job \u6e05\u7406 + \u643a\u5e26 owner/\u6b8b\u7559\u4fe1\u606f\u7684\u5f02\u5e38\u3002
pytest (3.12)	Run tests	2026-10-06T10:44:56.0331297Z     
pytest (3.12)	Run tests	2026-10-06T10:44:56.0331869Z         \u6e05\u7406\u987a\u5e8f\u4e0e ``close`` \u4e00\u81f4\uff08\u5148\u6e05\u6811 \u2192 join \u7ebf\u7a0b \u2192 \u5173\u6d41 \u2192 guard.close\uff09\uff0c
pytest (3.12)	Run tests	2026-10-06T10:44:56.0332728Z         \u603b\u9884\u7b97\u4e3a ``shutdown_timeout``\uff1b\u5f02\u5e38\u643a\u5e26\u53ef\u91cd\u8bd5 ``owner``\uff08``retry_cleanup``\uff09
pytest (3.12)	Run tests	2026-10-06T10:44:56.0333973Z         \u4e0e ``residual``\uff08pid/\u8eab\u4efd/\u6e05\u7406\u6838\u9a8c/stderr \u6458\u8981\uff09\uff0c\u4e0d\u4ec5\u6587\u672c\u3002
pytest (3.12)	Run tests	2026-10-06T10:44:56.0334808Z         """
pytest (3.12)	Run tests	2026-10-06T10:44:56.0335153Z         detail: list[str] = []
pytest (3.12)	Run tests	2026-10-06T10:44:56.0335520Z         owner = StartupCleanupOwner(
pytest (3.12)	Run tests	2026-10-06T10:44:56.0335907Z             proc=self._proc,
pytest (3.12)	Run tests	2026-10-06T10:44:56.0336328Z             guard=self._guard,
pytest (3.12)	Run tests	2026-10-06T10:44:56.0336693Z             pid=self._sidecar_pid,
pytest (3.12)	Run tests	2026-10-06T10:44:56.0337072Z             identity=self._sidecar_identity,
pytest (3.12)	Run tests	2026-10-06T10:44:56.0337610Z             reader=self._reader_thread,
pytest (3.12)	Run tests	2026-10-06T10:44:56.0337993Z             stderr=self._stderr_thread,
pytest (3.12)	Run tests	2026-10-06T10:44:56.0338356Z             applier=self._applier_thread,
pytest (3.12)	Run tests	2026-10-06T10:44:56.0338714Z             kill_timeout=self._kill_timeout,
pytest (3.12)	Run tests	2026-10-06T10:44:56.0339048Z         )
pytest (3.12)	Run tests	2026-10-06T10:44:56.0339361Z         outcome = _reap_process_resources(
pytest (3.12)	Run tests	2026-10-06T10:44:56.0339692Z             proc=self._proc,
pytest (3.12)	Run tests	2026-10-06T10:44:56.0340279Z             guard=self._guard,
pytest (3.12)	Run tests	2026-10-06T10:44:56.0340634Z             pid=self._sidecar_pid,
pytest (3.12)	Run tests	2026-10-06T10:44:56.0341043Z             identity=self._sidecar_identity,
pytest (3.12)	Run tests	2026-10-06T10:44:56.0341406Z             reader=self._reader_thread,
pytest (3.12)	Run tests	2026-10-06T10:44:56.0341742Z             stderr=self._stderr_thread,
pytest (3.12)	Run tests	2026-10-06T10:44:56.0342105Z             applier=self._applier_thread,
pytest (3.12)	Run tests	2026-10-06T10:44:56.0342490Z             budget=self._shutdown_timeout,
pytest (3.12)	Run tests	2026-10-06T10:44:56.0342940Z             kill_timeout=self._kill_timeout,
pytest (3.12)	Run tests	2026-10-06T10:44:56.0343279Z             detail=detail,
pytest (3.12)	Run tests	2026-10-06T10:44:56.0343560Z         )
pytest (3.12)	Run tests	2026-10-06T10:44:56.0343826Z         residual = {
pytest (3.12)	Run tests	2026-10-06T10:44:56.0344124Z             "reason": reason,
pytest (3.12)	Run tests	2026-10-06T10:44:56.0344475Z             "pid": self._sidecar_pid,
pytest (3.12)	Run tests	2026-10-06T10:44:56.0344823Z             "identity_filetime": (
pytest (3.12)	Run tests	2026-10-06T10:44:56.0345184Z                 str(self._sidecar_identity.created_at_filetime)
pytest (3.12)	Run tests	2026-10-06T10:44:56.0345596Z                 if self._sidecar_identity is not None
pytest (3.12)	Run tests	2026-10-06T10:44:56.0345951Z                 else None
pytest (3.12)	Run tests	2026-10-06T10:44:56.0346221Z             ),
pytest (3.12)	Run tests	2026-10-06T10:44:56.0346544Z             "process_exited": outcome["root_dead"],
pytest (3.12)	Run tests	2026-10-06T10:44:56.0346923Z             "job_verified": outcome["job_verified"],
pytest (3.12)	Run tests	2026-10-06T10:44:56.0347337Z             "guard_closed": outcome["guard_closed"],
pytest (3.12)	Run tests	2026-10-06T10:44:56.0347710Z             "cleanup_closed": outcome["closed"],
pytest (3.12)	Run tests	2026-10-06T10:44:56.0348104Z             "cleanup_seconds": outcome["seconds"],
pytest (3.12)	Run tests	2026-10-06T10:44:56.0348534Z             "cleanup_detail": ", ".join(detail) if detail else "ok",
pytest (3.12)	Run tests	2026-10-06T10:44:56.0348943Z             "cleanup_errors": list(outcome["errors"]),
pytest (3.12)	Run tests	2026-10-06T10:44:56.0349302Z             "stderr_digest": self._stderr_digest(),
pytest (3.12)	Run tests	2026-10-06T10:44:56.0349653Z         }
pytest (3.12)	Run tests	2026-10-06T10:44:56.0349919Z         message = (
pytest (3.12)	Run tests	2026-10-06T10:44:56.0350322Z             f"{reason}\uff1b\u6e05\u7406={'converged' if outcome['closed'] else 'retained'}"
pytest (3.12)	Run tests	2026-10-06T10:44:56.0350878Z             f"\uff08{outcome['seconds']}s, pid={self._sidecar_pid}\uff09"
pytest (3.12)	Run tests	2026-10-06T10:44:56.0351255Z         )
pytest (3.12)	Run tests	2026-10-06T10:44:56.0351719Z >       raise EmulatorStartupError(message, owner=owner, residual=residual) from cause
pytest (3.12)	Run tests	2026-10-06T10:44:56.0352903Z E       packages.core.terminal.emulator.EmulatorStartupError: sidecar \u4e0d\u53ef\u7528\uff1adependency-missing:Cannot find package '@xterm/headless' imported from D:\\a\\pan\\pan\\packages\\core\\terminal\\emulator_sidecar\\sidecar.mjs\uff1b\u6e05\u7406=converged\uff080.016s, pid=7960\uff09
pytest (3.12)	Run tests	2026-10-06T10:44:56.0353952Z 
pytest (3.12)	Run tests	2026-10-06T10:44:56.0354145Z packages\core\terminal\emulator.py:904: EmulatorStartupError
pytest (3.12)	Run tests	2026-10-06T10:44:56.0354626Z _________________ test_snapshot_cursor_excludes_pending_tail __________________
pytest (3.12)	Run tests	2026-10-06T10:44:56.0354949Z 
pytest (3.12)	Run tests	2026-10-06T10:44:56.0355186Z emu_factory = <function emu_factory.<locals>.make at 0x000001A8A0563920>
pytest (3.12)	Run tests	2026-10-06T10:44:56.0355473Z 
pytest (3.12)	Run tests	2026-10-06T10:44:56.0355691Z     def test_snapshot_cursor_excludes_pending_tail(emu_factory):
pytest (3.12)	Run tests	2026-10-06T10:44:56.0356097Z >       emu = emu_factory()
pytest (3.12)	Run tests	2026-10-06T10:44:56.0356401Z               ^^^^^^^^^^^^^
pytest (3.12)	Run tests	2026-10-06T10:44:56.0356684Z 
pytest (3.12)	Run tests	2026-10-06T10:44:56.0356819Z tests\test_terminal_emulator.py:276: 
pytest (3.12)	Run tests	2026-10-06T10:44:56.0357174Z _ _ _ _ _ _ _ _ _ _ _ _ _ _ _ _ _ _ _ _ _ _ _ _ _ _ _ _ _ _ _ _ _ _ _ _ _ _ _ _
pytest (3.12)	Run tests	2026-10-06T10:44:56.0357599Z tests\test_terminal_emulator.py:87: in make
pytest (3.12)	Run tests	2026-10-06T10:44:56.0358094Z     emu = HeadlessEmulator(**kwargs)
pytest (3.12)	Run tests	2026-10-06T10:44:56.0358695Z           ^^^^^^^^^^^^^^^^^^^^^^^^^^
pytest (3.12)	Run tests	2026-10-06T10:44:56.0359210Z packages\core\terminal\emulator.py:747: in __init__
pytest (3.12)	Run tests	2026-10-06T10:44:56.0359744Z     self._spawn_and_handshake()
pytest (3.12)	Run tests	2026-10-06T10:44:56.0360319Z packages\core\terminal\emulator.py:838: in _spawn_and_handshake
pytest (3.12)	Run tests	2026-10-06T10:44:56.0361078Z     self._fail_startup(f"sidecar \u4e0d\u53ef\u7528\uff1a{self._startup_failure}")
pytest (3.12)	Run tests	2026-10-06T10:44:56.0361562Z _ _ _ _ _ _ _ _ _ _ _ _ _ _ _ _ _ _ _ _ _ _ _ _ _ _ _ _ _ _ _ _ _ _ _ _ _ _ _ _
pytest (3.12)	Run tests	2026-10-06T10:44:56.0361851Z 
pytest (3.12)	Run tests	2026-10-06T10:44:56.0362148Z self = <packages.core.terminal.emulator.HeadlessEmulator object at 0x000001A89D024350>
pytest (3.12)	Run tests	2026-10-06T10:44:56.0363270Z reason = "sidecar \u4e0d\u53ef\u7528\uff1adependency-missing:Cannot find package '@xterm/headless' imported from D:\\\\a\\\\pan\\\\pan\\\\packages\\\\core\\\\terminal\\\\emulator_sidecar\\\\sidecar.mjs"
pytest (3.12)	Run tests	2026-10-06T10:44:56.0364398Z cause = None
pytest (3.12)	Run tests	2026-10-06T10:44:56.0364679Z 
pytest (3.12)	Run tests	2026-10-06T10:44:56.0365046Z     def _fail_startup(self, reason: str, *, cause: BaseException | None = None) -> NoReturn:
pytest (3.12)	Run tests	2026-10-06T10:44:56.0366204Z         """\u6784\u9020\u5931\u8d25\u7edf\u4e00\u51fa\u53e3\uff1a\u6709\u754c\u6574 Job \u6e05\u7406 + \u643a\u5e26 owner/\u6b8b\u7559\u4fe1\u606f\u7684\u5f02\u5e38\u3002
pytest (3.12)	Run tests	2026-10-06T10:44:56.0366821Z     
pytest (3.12)	Run tests	2026-10-06T10:44:56.0367398Z         \u6e05\u7406\u987a\u5e8f\u4e0e ``close`` \u4e00\u81f4\uff08\u5148\u6e05\u6811 \u2192 join \u7ebf\u7a0b \u2192 \u5173\u6d41 \u2192 guard.close\uff09\uff0c
pytest (3.12)	Run tests	2026-10-06T10:44:56.0368300Z         \u603b\u9884\u7b97\u4e3a ``shutdown_timeout``\uff1b\u5f02\u5e38\u643a\u5e26\u53ef\u91cd\u8bd5 ``owner``\uff08``retry_cleanup``\uff09
pytest (3.12)	Run tests	2026-10-06T10:44:56.0369109Z         \u4e0e ``residual``\uff08pid/\u8eab\u4efd/\u6e05\u7406\u6838\u9a8c/stderr \u6458\u8981\uff09\uff0c\u4e0d\u4ec5\u6587\u672c\u3002
pytest (3.12)	Run tests	2026-10-06T10:44:56.0369658Z         """
pytest (3.12)	Run tests	2026-10-06T10:44:56.0369917Z         detail: list[str] = []
pytest (3.12)	Run tests	2026-10-06T10:44:56.0370294Z         owner = StartupCleanupOwner(
pytest (3.12)	Run tests	2026-10-06T10:44:56.0370631Z             proc=self._proc,
pytest (3.12)	Run tests	2026-10-06T10:44:56.0370929Z             guard=self._guard,
pytest (3.12)	Run tests	2026-10-06T10:44:56.0371300Z             pid=self._sidecar_pid,
pytest (3.12)	Run tests	2026-10-06T10:44:56.0371622Z             identity=self._sidecar_identity,
pytest (3.12)	Run tests	2026-10-06T10:44:56.0371998Z             reader=self._reader_thread,
pytest (3.12)	Run tests	2026-10-06T10:44:56.0372339Z             stderr=self._stderr_thread,
pytest (3.12)	Run tests	2026-10-06T10:44:56.0372662Z             applier=self._applier_thread,
pytest (3.12)	Run tests	2026-10-06T10:44:56.0373020Z             kill_timeout=self._kill_timeout,
pytest (3.12)	Run tests	2026-10-06T10:44:56.0373337Z         )
pytest (3.12)	Run tests	2026-10-06T10:44:56.0373618Z         outcome = _reap_process_resources(
pytest (3.12)	Run tests	2026-10-06T10:44:56.0373949Z             proc=self._proc,
pytest (3.12)	Run tests	2026-10-06T10:44:56.0374281Z             guard=self._guard,
pytest (3.12)	Run tests	2026-10-06T10:44:56.0374614Z             pid=self._sidecar_pid,
pytest (3.12)	Run tests	2026-10-06T10:44:56.0375062Z             identity=self._sidecar_identity,
pytest (3.12)	Run tests	2026-10-06T10:44:56.0375411Z             reader=self._reader_thread,
pytest (3.12)	Run tests	2026-10-06T10:44:56.0375748Z             stderr=self._stderr_thread,
pytest (3.12)	Run tests	2026-10-06T10:44:56.0376064Z             applier=self._applier_thread,
pytest (3.12)	Run tests	2026-10-06T10:44:56.0376425Z             budget=self._shutdown_timeout,
pytest (3.12)	Run tests	2026-10-06T10:44:56.0376767Z             kill_timeout=self._kill_timeout,
pytest (3.12)	Run tests	2026-10-06T10:44:56.0377143Z             detail=detail,
pytest (3.12)	Run tests	2026-10-06T10:44:56.0377448Z         )
pytest (3.12)	Run tests	2026-10-06T10:44:56.0377690Z         residual = {
pytest (3.12)	Run tests	2026-10-06T10:44:56.0378000Z             "reason": reason,
pytest (3.12)	Run tests	2026-10-06T10:44:56.0378320Z             "pid": self._sidecar_pid,
pytest (3.12)	Run tests	2026-10-06T10:44:56.0378640Z             "identity_filetime": (
pytest (3.12)	Run tests	2026-10-06T10:44:56.0379021Z                 str(self._sidecar_identity.created_at_filetime)
pytest (3.12)	Run tests	2026-10-06T10:44:56.0379429Z                 if self._sidecar_identity is not None
pytest (3.12)	Run tests	2026-10-06T10:44:56.0379832Z                 else None
pytest (3.12)	Run tests	2026-10-06T10:44:56.0380123Z             ),
pytest (3.12)	Run tests	2026-10-06T10:44:56.0380457Z             "process_exited": outcome["root_dead"],
pytest (3.12)	Run tests	2026-10-06T10:44:56.0380852Z             "job_verified": outcome["job_verified"],
pytest (3.12)	Run tests	2026-10-06T10:44:56.0381223Z             "guard_closed": outcome["guard_closed"],
pytest (3.12)	Run tests	2026-10-06T10:44:56.0381594Z             "cleanup_closed": outcome["closed"],
pytest (3.12)	Run tests	2026-10-06T10:44:56.0381957Z             "cleanup_seconds": outcome["seconds"],
pytest (3.12)	Run tests	2026-10-06T10:44:56.0382342Z             "cleanup_detail": ", ".join(detail) if detail else "ok",
pytest (3.12)	Run tests	2026-10-06T10:44:56.0382778Z             "cleanup_errors": list(outcome["errors"]),
pytest (3.12)	Run tests	2026-10-06T10:44:56.0383174Z             "stderr_digest": self._stderr_digest(),
pytest (3.12)	Run tests	2026-10-06T10:44:56.0383557Z         }
pytest (3.12)	Run tests	2026-10-06T10:44:56.0383812Z         message = (
pytest (3.12)	Run tests	2026-10-06T10:44:56.0384192Z             f"{reason}\uff1b\u6e05\u7406={'converged' if outcome['closed'] else 'retained'}"
pytest (3.12)	Run tests	2026-10-06T10:44:56.0384734Z             f"\uff08{outcome['seconds']}s, pid={self._sidecar_pid}\uff09"
pytest (3.12)	Run tests	2026-10-06T10:44:56.0385117Z         )
pytest (3.12)	Run tests	2026-10-06T10:44:56.0385907Z >       raise EmulatorStartupError(message, owner=owner, residual=residual) from cause
pytest (3.12)	Run tests	2026-10-06T10:44:56.0387940Z E       packages.core.terminal.emulator.EmulatorStartupError: sidecar \u4e0d\u53ef\u7528\uff1adependency-missing:Cannot find package '@xterm/headless' imported from D:\\a\\pan\\pan\\packages\\core\\terminal\\emulator_sidecar\\sidecar.mjs\uff1b\u6e05\u7406=converged\uff080.016s, pid=7800\uff09
pytest (3.12)	Run tests	2026-10-06T10:44:56.0388923Z 
pytest (3.12)	Run tests	2026-10-06T10:44:56.0389134Z packages\core\terminal\emulator.py:904: EmulatorStartupError
pytest (3.12)	Run tests	2026-10-06T10:44:56.0389671Z ________________ test_resize_queue_ordering_matches_reference _________________
pytest (3.12)	Run tests	2026-10-06T10:44:56.0389950Z 
pytest (3.12)	Run tests	2026-10-06T10:44:56.0390210Z emu_factory = <function emu_factory.<locals>.make at 0x000001A8A0593B00>
pytest (3.12)	Run tests	2026-10-06T10:44:56.0390515Z 
pytest (3.12)	Run tests	2026-10-06T10:44:56.0390703Z     def test_resize_queue_ordering_matches_reference(emu_factory):
pytest (3.12)	Run tests	2026-10-06T10:44:56.0391293Z >       ref = emu_factory(cols=80, rows=24)
pytest (3.12)	Run tests	2026-10-06T10:44:56.0391830Z               ^^^^^^^^^^^^^^^^^^^^^^^^^^^^^
pytest (3.12)	Run tests	2026-10-06T10:44:56.0392132Z 
pytest (3.12)	Run tests	2026-10-06T10:44:56.0392345Z tests\test_terminal_emulator.py:287: 
pytest (3.12)	Run tests	2026-10-06T10:44:56.0392978Z _ _ _ _ _ _ _ _ _ _ _ _ _ _ _ _ _ _ _ _ _ _ _ _ _ _ _ _ _ _ _ _ _ _ _ _ _ _ _ _
pytest (3.12)	Run tests	2026-10-06T10:44:56.0393378Z tests\test_terminal_emulator.py:87: in make
pytest (3.12)	Run tests	2026-10-06T10:44:56.0393715Z     emu = HeadlessEmulator(**kwargs)
pytest (3.12)	Run tests	2026-10-06T10:44:56.0394072Z           ^^^^^^^^^^^^^^^^^^^^^^^^^^
pytest (3.12)	Run tests	2026-10-06T10:44:56.0394435Z packages\core\terminal\emulator.py:747: in __init__
pytest (3.12)	Run tests	2026-10-06T10:44:56.0394796Z     self._spawn_and_handshake()
pytest (3.12)	Run tests	2026-10-06T10:44:56.0395201Z packages\core\terminal\emulator.py:838: in _spawn_and_handshake
pytest (3.12)	Run tests	2026-10-06T10:44:56.0395716Z     self._fail_startup(f"sidecar \u4e0d\u53ef\u7528\uff1a{self._startup_failure}")
pytest (3.12)	Run tests	2026-10-06T10:44:56.0396283Z _ _ _ _ _ _ _ _ _ _ _ _ _ _ _ _ _ _ _ _ _ _ _ _ _ _ _ _ _ _ _ _ _ _ _ _ _ _ _ _
pytest (3.12)	Run tests	2026-10-06T10:44:56.0396511Z 
pytest (3.12)	Run tests	2026-10-06T10:44:56.0396808Z self = <packages.core.terminal.emulator.HeadlessEmulator object at 0x000001A8A055D0D0>
pytest (3.12)	Run tests	2026-10-06T10:44:56.0397833Z reason = "sidecar \u4e0d\u53ef\u7528\uff1adependency-missing:Cannot find package '@xterm/headless' imported from D:\\\\a\\\\pan\\\\pan\\\\packages\\\\core\\\\terminal\\\\emulator_sidecar\\\\sidecar.mjs"
pytest (3.12)	Run tests	2026-10-06T10:44:56.0398609Z cause = None
pytest (3.12)	Run tests	2026-10-06T10:44:56.0398786Z 
pytest (3.12)	Run tests	2026-10-06T10:44:56.0399028Z     def _fail_startup(self, reason: str, *, cause: BaseException | None = None) -> NoReturn:
pytest (3.12)	Run tests	2026-10-06T10:44:56.0399843Z         """\u6784\u9020\u5931\u8d25\u7edf\u4e00\u51fa\u53e3\uff1a\u6709\u754c\u6574 Job \u6e05\u7406 + \u643a\u5e26 owner/\u6b8b\u7559\u4fe1\u606f\u7684\u5f02\u5e38\u3002
pytest (3.12)	Run tests	2026-10-06T10:44:56.0400457Z     
pytest (3.12)	Run tests	2026-10-06T10:44:56.0400993Z         \u6e05\u7406\u987a\u5e8f\u4e0e ``close`` \u4e00\u81f4\uff08\u5148\u6e05\u6811 \u2192 join \u7ebf\u7a0b \u2192 \u5173\u6d41 \u2192 guard.close\uff09\uff0c
pytest (3.12)	Run tests	2026-10-06T10:44:56.0401848Z         \u603b\u9884\u7b97\u4e3a ``shutdown_timeout``\uff1b\u5f02\u5e38\u643a\u5e26\u53ef\u91cd\u8bd5 ``owner``\uff08``retry_cleanup``\uff09
pytest (3.12)	Run tests	2026-10-06T10:44:56.0402649Z         \u4e0e ``residual``\uff08pid/\u8eab\u4efd/\u6e05\u7406\u6838\u9a8c/stderr \u6458\u8981\uff09\uff0c\u4e0d\u4ec5\u6587\u672c\u3002
pytest (3.12)	Run tests	2026-10-06T10:44:56.0403205Z         """
pytest (3.12)	Run tests	2026-10-06T10:44:56.0403486Z         detail: list[str] = []
pytest (3.12)	Run tests	2026-10-06T10:44:56.0403847Z         owner = StartupCleanupOwner(
pytest (3.12)	Run tests	2026-10-06T10:44:56.0404197Z             proc=self._proc,
pytest (3.12)	Run tests	2026-10-06T10:44:56.0404510Z             guard=self._guard,
pytest (3.12)	Run tests	2026-10-06T10:44:56.0404852Z             pid=self._sidecar_pid,
pytest (3.12)	Run tests	2026-10-06T10:44:56.0405181Z             identity=self._sidecar_identity,
pytest (3.12)	Run tests	2026-10-06T10:44:56.0405843Z             reader=self._reader_thread,
pytest (3.12)	Run tests	2026-10-06T10:44:56.0406213Z             stderr=self._stderr_thread,
pytest (3.12)	Run tests	2026-10-06T10:44:56.0406560Z             applier=self._applier_thread,
pytest (3.12)	Run tests	2026-10-06T10:44:56.0407020Z             kill_timeout=self._kill_timeout,
pytest (3.12)	Run tests	2026-10-06T10:44:56.0407620Z         )
pytest (3.12)	Run tests	2026-10-06T10:44:56.0407999Z         outcome = _reap_process_resources(
pytest (3.12)	Run tests	2026-10-06T10:44:56.0408642Z             proc=self._proc,
pytest (3.12)	Run tests	2026-10-06T10:44:56.0409077Z             guard=self._guard,
pytest (3.12)	Run tests	2026-10-06T10:44:56.0409517Z             pid=self._sidecar_pid,
pytest (3.12)	Run tests	2026-10-06T10:44:56.0409976Z             identity=self._sidecar_identity,
pytest (3.12)	Run tests	2026-10-06T10:44:56.0410418Z             reader=self._reader_thread,
pytest (3.12)	Run tests	2026-10-06T10:44:56.0410760Z             stderr=self._stderr_thread,
pytest (3.12)	Run tests	2026-10-06T10:44:56.0411097Z             applier=self._applier_thread,
pytest (3.12)	Run tests	2026-10-06T10:44:56.0411476Z             budget=self._shutdown_timeout,
pytest (3.12)	Run tests	2026-10-06T10:44:56.0411833Z             kill_timeout=self._kill_timeout,
pytest (3.12)	Run tests	2026-10-06T10:44:56.0412167Z             detail=detail,
pytest (3.12)	Run tests	2026-10-06T10:44:56.0412464Z         )
pytest (3.12)	Run tests	2026-10-06T10:44:56.0412724Z         residual = {
pytest (3.12)	Run tests	2026-10-06T10:44:56.0413000Z             "reason": reason,
pytest (3.12)	Run tests	2026-10-06T10:44:56.0413341Z             "pid": self._sidecar_pid,
pytest (3.12)	Run tests	2026-10-06T10:44:56.0413670Z             "identity_filetime": (
pytest (3.12)	Run tests	2026-10-06T10:44:56.0414037Z                 str(self._sidecar_identity.created_at_filetime)
pytest (3.12)	Run tests	2026-10-06T10:44:56.0414500Z                 if self._sidecar_identity is not None
pytest (3.12)	Run tests	2026-10-06T10:44:56.0414838Z                 else None
pytest (3.12)	Run tests	2026-10-06T10:44:56.0415145Z             ),
pytest (3.12)	Run tests	2026-10-06T10:44:56.0415445Z             "process_exited": outcome["root_dead"],
pytest (3.12)	Run tests	2026-10-06T10:44:56.0415842Z             "job_verified": outcome["job_verified"],
pytest (3.12)	Run tests	2026-10-06T10:44:56.0416228Z             "guard_closed": outcome["guard_closed"],
pytest (3.12)	Run tests	2026-10-06T10:44:56.0416596Z             "cleanup_closed": outcome["closed"],
pytest (3.12)	Run tests	2026-10-06T10:44:56.0416971Z             "cleanup_seconds": outcome["seconds"],
pytest (3.12)	Run tests	2026-10-06T10:44:56.0417417Z             "cleanup_detail": ", ".join(detail) if detail else "ok",
pytest (3.12)	Run tests	2026-10-06T10:44:56.0417830Z             "cleanup_errors": list(outcome["errors"]),
pytest (3.12)	Run tests	2026-10-06T10:44:56.0418219Z             "stderr_digest": self._stderr_digest(),
pytest (3.12)	Run tests	2026-10-06T10:44:56.0418553Z         }
pytest (3.12)	Run tests	2026-10-06T10:44:56.0418816Z         message = (
pytest (3.12)	Run tests	2026-10-06T10:44:56.0419317Z             f"{reason}\uff1b\u6e05\u7406={'converged' if outcome['closed'] else 'retained'}"
pytest (3.12)	Run tests	2026-10-06T10:44:56.0420205Z             f"\uff08{outcome['seconds']}s, pid={self._sidecar_pid}\uff09"
pytest (3.12)	Run tests	2026-10-06T10:44:56.0420651Z         )
pytest (3.12)	Run tests	2026-10-06T10:44:56.0421031Z >       raise EmulatorStartupError(message, owner=owner, residual=residual) from cause
pytest (3.12)	Run tests	2026-10-06T10:44:56.0422595Z E       packages.core.terminal.emulator.EmulatorStartupError: sidecar \u4e0d\u53ef\u7528\uff1adependency-missing:Cannot find package '@xterm/headless' imported from D:\\a\\pan\\pan\\packages\\core\\terminal\\emulator_sidecar\\sidecar.mjs\uff1b\u6e05\u7406=converged\uff080.0s, pid=4052\uff09
pytest (3.12)	Run tests	2026-10-06T10:44:56.0423893Z 
pytest (3.12)	Run tests	2026-10-06T10:44:56.0424105Z packages\core\terminal\emulator.py:904: EmulatorStartupError
pytest (3.12)	Run tests	2026-10-06T10:44:56.0424619Z ____________ test_browserless_large_output_and_log_cursor_eviction ____________
pytest (3.12)	Run tests	2026-10-06T10:44:56.0424944Z 
pytest (3.12)	Run tests	2026-10-06T10:44:56.0425160Z emu_factory = <function emu_factory.<locals>.make at 0x000001A8A0590400>
pytest (3.12)	Run tests	2026-10-06T10:44:56.0425473Z 
pytest (3.12)	Run tests	2026-10-06T10:44:56.0426132Z     def test_browserless_large_output_and_log_cursor_eviction(emu_factory):
pytest (3.12)	Run tests	2026-10-06T10:44:56.0426655Z         log = OutputLog(max_bytes=64 * 1024)
pytest (3.12)	Run tests	2026-10-06T10:44:56.0426991Z >       emu = emu_factory()
pytest (3.12)	Run tests	2026-10-06T10:44:56.0427320Z               ^^^^^^^^^^^^^
pytest (3.12)	Run tests	2026-10-06T10:44:56.0427482Z 
pytest (3.12)	Run tests	2026-10-06T10:44:56.0427653Z tests\test_terminal_emulator.py:307: 
pytest (3.12)	Run tests	2026-10-06T10:44:56.0428021Z _ _ _ _ _ _ _ _ _ _ _ _ _ _ _ _ _ _ _ _ _ _ _ _ _ _ _ _ _ _ _ _ _ _ _ _ _ _ _ _
pytest (3.12)	Run tests	2026-10-06T10:44:56.0428450Z tests\test_terminal_emulator.py:87: in make
pytest (3.12)	Run tests	2026-10-06T10:44:56.0428803Z     emu = HeadlessEmulator(**kwargs)
pytest (3.12)	Run tests	2026-10-06T10:44:56.0429152Z           ^^^^^^^^^^^^^^^^^^^^^^^^^^
pytest (3.12)	Run tests	2026-10-06T10:44:56.0429538Z packages\core\terminal\emulator.py:747: in __init__
pytest (3.12)	Run tests	2026-10-06T10:44:56.0429902Z     self._spawn_and_handshake()
pytest (3.12)	Run tests	2026-10-06T10:44:56.0430306Z packages\core\terminal\emulator.py:838: in _spawn_and_handshake
pytest (3.12)	Run tests	2026-10-06T10:44:56.0430827Z     self._fail_startup(f"sidecar \u4e0d\u53ef\u7528\uff1a{self._startup_failure}")
pytest (3.12)	Run tests	2026-10-06T10:44:56.0431428Z _ _ _ _ _ _ _ _ _ _ _ _ _ _ _ _ _ _ _ _ _ _ _ _ _ _ _ _ _ _ _ _ _ _ _ _ _ _ _ _
pytest (3.12)	Run tests	2026-10-06T10:44:56.0431702Z 
pytest (3.12)	Run tests	2026-10-06T10:44:56.0431963Z self = <packages.core.terminal.emulator.HeadlessEmulator object at 0x000001A89C69D2E0>
pytest (3.12)	Run tests	2026-10-06T10:44:56.0432894Z reason = "sidecar \u4e0d\u53ef\u7528\uff1adependency-missing:Cannot find package '@xterm/headless' imported from D:\\\\a\\\\pan\\\\pan\\\\packages\\\\core\\\\terminal\\\\emulator_sidecar\\\\sidecar.mjs"
pytest (3.12)	Run tests	2026-10-06T10:44:56.0433749Z cause = None
pytest (3.12)	Run tests	2026-10-06T10:44:56.0433881Z 
pytest (3.12)	Run tests	2026-10-06T10:44:56.0434168Z     def _fail_startup(self, reason: str, *, cause: BaseException | None = None) -> NoReturn:
pytest (3.12)	Run tests	2026-10-06T10:44:56.0434945Z         """\u6784\u9020\u5931\u8d25\u7edf\u4e00\u51fa\u53e3\uff1a\u6709\u754c\u6574 Job \u6e05\u7406 + \u643a\u5e26 owner/\u6b8b\u7559\u4fe1\u606f\u7684\u5f02\u5e38\u3002
pytest (3.12)	Run tests	2026-10-06T10:44:56.0435614Z     
pytest (3.12)	Run tests	2026-10-06T10:44:56.0436163Z         \u6e05\u7406\u987a\u5e8f\u4e0e ``close`` \u4e00\u81f4\uff08\u5148\u6e05\u6811 \u2192 join \u7ebf\u7a0b \u2192 \u5173\u6d41 \u2192 guard.close\uff09\uff0c
pytest (3.12)	Run tests	2026-10-06T10:44:56.0437043Z         \u603b\u9884\u7b97\u4e3a ``shutdown_timeout``\uff1b\u5f02\u5e38\u643a\u5e26\u53ef\u91cd\u8bd5 ``owner``\uff08``retry_cleanup``\uff09
pytest (3.12)	Run tests	2026-10-06T10:44:56.0437924Z         \u4e0e ``residual``\uff08pid/\u8eab\u4efd/\u6e05\u7406\u6838\u9a8c/stderr \u6458\u8981\uff09\uff0c\u4e0d\u4ec5\u6587\u672c\u3002
pytest (3.12)	Run tests	2026-10-06T10:44:56.0438562Z         """
pytest (3.12)	Run tests	2026-10-06T10:44:56.0438839Z         detail: list[str] = []
pytest (3.12)	Run tests	2026-10-06T10:44:56.0439233Z         owner = StartupCleanupOwner(
pytest (3.12)	Run tests	2026-10-06T10:44:56.0439591Z             proc=self._proc,
pytest (3.12)	Run tests	2026-10-06T10:44:56.0439904Z             guard=self._guard,
pytest (3.12)	Run tests	2026-10-06T10:44:56.0440216Z             pid=self._sidecar_pid,
pytest (3.12)	Run tests	2026-10-06T10:44:56.0440567Z             identity=self._sidecar_identity,
pytest (3.12)	Run tests	2026-10-06T10:44:56.0441019Z             reader=self._reader_thread,
pytest (3.12)	Run tests	2026-10-06T10:44:56.0441371Z             stderr=self._stderr_thread,
pytest (3.12)	Run tests	2026-10-06T10:44:56.0441712Z             applier=self._applier_thread,
pytest (3.12)	Run tests	2026-10-06T10:44:56.0442050Z             kill_timeout=self._kill_timeout,
pytest (3.12)	Run tests	2026-10-06T10:44:56.0442394Z         )
pytest (3.12)	Run tests	2026-10-06T10:44:56.0442690Z         outcome = _reap_process_resources(
pytest (3.12)	Run tests	2026-10-06T10:44:56.0443058Z             proc=self._proc,
pytest (3.12)	Run tests	2026-10-06T10:44:56.0443358Z             guard=self._guard,
pytest (3.12)	Run tests	2026-10-06T10:44:56.0443650Z             pid=self._sidecar_pid,
pytest (3.12)	Run tests	2026-10-06T10:44:56.0444063Z             identity=self._sidecar_identity,
pytest (3.12)	Run tests	2026-10-06T10:44:56.0444423Z             reader=self._reader_thread,
pytest (3.12)	Run tests	2026-10-06T10:44:56.0444758Z             stderr=self._stderr_thread,
pytest (3.12)	Run tests	2026-10-06T10:44:56.0445124Z             applier=self._applier_thread,
pytest (3.12)	Run tests	2026-10-06T10:44:56.0445448Z             budget=self._shutdown_timeout,
pytest (3.12)	Run tests	2026-10-06T10:44:56.0446237Z             kill_timeout=self._kill_timeout,
pytest (3.12)	Run tests	2026-10-06T10:44:56.0446585Z             detail=detail,
pytest (3.12)	Run tests	2026-10-06T10:44:56.0446877Z         )
pytest (3.12)	Run tests	2026-10-06T10:44:56.0447166Z         residual = {
pytest (3.12)	Run tests	2026-10-06T10:44:56.0447489Z             "reason": reason,
pytest (3.12)	Run tests	2026-10-06T10:44:56.0447828Z             "pid": self._sidecar_pid,
pytest (3.12)	Run tests	2026-10-06T10:44:56.0448156Z             "identity_filetime": (
pytest (3.12)	Run tests	2026-10-06T10:44:56.0448686Z                 str(self._sidecar_identity.created_at_filetime)
pytest (3.12)	Run tests	2026-10-06T10:44:56.0449325Z                 if self._sidecar_identity is not None
pytest (3.12)	Run tests	2026-10-06T10:44:56.0449821Z                 else None
pytest (3.12)	Run tests	2026-10-06T10:44:56.0450220Z             ),
pytest (3.12)	Run tests	2026-10-06T10:44:56.0450603Z             "process_exited": outcome["root_dead"],
pytest (3.12)	Run tests	2026-10-06T10:44:56.0451085Z             "job_verified": outcome["job_verified"],
pytest (3.12)	Run tests	2026-10-06T10:44:56.0451477Z             "guard_closed": outcome["guard_closed"],
pytest (3.12)	Run tests	2026-10-06T10:44:56.0451859Z             "cleanup_closed": outcome["closed"],
pytest (3.12)	Run tests	2026-10-06T10:44:56.0452270Z             "cleanup_seconds": outcome["seconds"],
pytest (3.12)	Run tests	2026-10-06T10:44:56.0452681Z             "cleanup_detail": ", ".join(detail) if detail else "ok",
pytest (3.12)	Run tests	2026-10-06T10:44:56.0453209Z             "cleanup_errors": list(outcome["errors"]),
pytest (3.12)	Run tests	2026-10-06T10:44:56.0453608Z             "stderr_digest": self._stderr_digest(),
pytest (3.12)	Run tests	2026-10-06T10:44:56.0453944Z         }
pytest (3.12)	Run tests	2026-10-06T10:44:56.0454199Z         message = (
pytest (3.12)	Run tests	2026-10-06T10:44:56.0454734Z             f"{reason}\uff1b\u6e05\u7406={'converged' if outcome['closed'] else 'retained'}"
pytest (3.12)	Run tests	2026-10-06T10:44:56.0455253Z             f"\uff08{outcome['seconds']}s, pid={self._sidecar_pid}\uff09"
pytest (3.12)	Run tests	2026-10-06T10:44:56.0455667Z         )
pytest (3.12)	Run tests	2026-10-06T10:44:56.0456106Z >       raise EmulatorStartupError(message, owner=owner, residual=residual) from cause
pytest (3.12)	Run tests	2026-10-06T10:44:56.0457279Z E       packages.core.terminal.emulator.EmulatorStartupError: sidecar \u4e0d\u53ef\u7528\uff1adependency-missing:Cannot find package '@xterm/headless' imported from D:\\a\\pan\\pan\\packages\\core\\terminal\\emulator_sidecar\\sidecar.mjs\uff1b\u6e05\u7406=converged\uff080.015s, pid=7672\uff09
pytest (3.12)	Run tests	2026-10-06T10:44:56.0458259Z 
pytest (3.12)	Run tests	2026-10-06T10:44:56.0458437Z packages\core\terminal\emulator.py:904: EmulatorStartupError
pytest (3.12)	Run tests	2026-10-06T10:44:56.0458982Z ____________ test_snapshot_cursor_is_applied_not_producer_frontier ____________
pytest (3.12)	Run tests	2026-10-06T10:44:56.0459392Z 
pytest (3.12)	Run tests	2026-10-06T10:44:56.0459666Z emu_factory = <function emu_factory.<locals>.make at 0x000001A8A0590680>
pytest (3.12)	Run tests	2026-10-06T10:44:56.0459994Z 
pytest (3.12)	Run tests	2026-10-06T10:44:56.0460364Z     def test_snapshot_cursor_is_applied_not_producer_frontier(emu_factory):
pytest (3.12)	Run tests	2026-10-06T10:44:56.0461024Z >       emu = emu_factory()
pytest (3.12)	Run tests	2026-10-06T10:44:56.0461509Z               ^^^^^^^^^^^^^
pytest (3.12)	Run tests	2026-10-06T10:44:56.0461792Z 
pytest (3.12)	Run tests	2026-10-06T10:44:56.0461973Z tests\test_terminal_emulator.py:334: 
pytest (3.12)	Run tests	2026-10-06T10:44:56.0462547Z _ _ _ _ _ _ _ _ _ _ _ _ _ _ _ _ _ _ _ _ _ _ _ _ _ _ _ _ _ _ _ _ _ _ _ _ _ _ _ _
pytest (3.12)	Run tests	2026-10-06T10:44:56.0463246Z tests\test_terminal_emulator.py:87: in make
pytest (3.12)	Run tests	2026-10-06T10:44:56.0463774Z     emu = HeadlessEmulator(**kwargs)
pytest (3.12)	Run tests	2026-10-06T10:44:56.0464317Z           ^^^^^^^^^^^^^^^^^^^^^^^^^^
pytest (3.12)	Run tests	2026-10-06T10:44:56.0464949Z packages\core\terminal\emulator.py:747: in __init__
pytest (3.12)	Run tests	2026-10-06T10:44:56.0465472Z     self._spawn_and_handshake()
pytest (3.12)	Run tests	2026-10-06T10:44:56.0466322Z packages\core\terminal\emulator.py:838: in _spawn_and_handshake
pytest (3.12)	Run tests	2026-10-06T10:44:56.0466841Z     self._fail_startup(f"sidecar \u4e0d\u53ef\u7528\uff1a{self._startup_failure}")
pytest (3.12)	Run tests	2026-10-06T10:44:56.0467366Z _ _ _ _ _ _ _ _ _ _ _ _ _ _ _ _ _ _ _ _ _ _ _ _ _ _ _ _ _ _ _ _ _ _ _ _ _ _ _ _
pytest (3.12)	Run tests	2026-10-06T10:44:56.0467637Z 
pytest (3.12)	Run tests	2026-10-06T10:44:56.0467930Z self = <packages.core.terminal.emulator.HeadlessEmulator object at 0x000001A8A054F860>
pytest (3.12)	Run tests	2026-10-06T10:44:56.0469002Z reason = "sidecar \u4e0d\u53ef\u7528\uff1adependency-missing:Cannot find package '@xterm/headless' imported from D:\\\\a\\\\pan\\\\pan\\\\packages\\\\core\\\\terminal\\\\emulator_sidecar\\\\sidecar.mjs"
pytest (3.12)	Run tests	2026-10-06T10:44:56.0469775Z cause = None
pytest (3.12)	Run tests	2026-10-06T10:44:56.0469947Z 
pytest (3.12)	Run tests	2026-10-06T10:44:56.0470170Z     def _fail_startup(self, reason: str, *, cause: BaseException | None = None) -> NoReturn:
pytest (3.12)	Run tests	2026-10-06T10:44:56.0470961Z         """\u6784\u9020\u5931\u8d25\u7edf\u4e00\u51fa\u53e3\uff1a\u6709\u754c\u6574 Job \u6e05\u7406 + \u643a\u5e26 owner/\u6b8b\u7559\u4fe1\u606f\u7684\u5f02\u5e38\u3002
pytest (3.12)	Run tests	2026-10-06T10:44:56.0471878Z     
pytest (3.12)	Run tests	2026-10-06T10:44:56.0472444Z         \u6e05\u7406\u987a\u5e8f\u4e0e ``close`` \u4e00\u81f4\uff08\u5148\u6e05\u6811 \u2192 join \u7ebf\u7a0b \u2192 \u5173\u6d41 \u2192 guard.close\uff09\uff0c
pytest (3.12)	Run tests	2026-10-06T10:44:56.0473312Z         \u603b\u9884\u7b97\u4e3a ``shutdown_timeout``\uff1b\u5f02\u5e38\u643a\u5e26\u53ef\u91cd\u8bd5 ``owner``\uff08``retry_cleanup``\uff09
pytest (3.12)	Run tests	2026-10-06T10:44:56.0474086Z         \u4e0e ``residual``\uff08pid/\u8eab\u4efd/\u6e05\u7406\u6838\u9a8c/stderr \u6458\u8981\uff09\uff0c\u4e0d\u4ec5\u6587\u672c\u3002
pytest (3.12)	Run tests	2026-10-06T10:44:56.0474874Z         """
pytest (3.12)	Run tests	2026-10-06T10:44:56.0475157Z         detail: list[str] = []
pytest (3.12)	Run tests	2026-10-06T10:44:56.0475476Z         owner = StartupCleanupOwner(
pytest (3.12)	Run tests	2026-10-06T10:44:56.0475828Z             proc=self._proc,
pytest (3.12)	Run tests	2026-10-06T10:44:56.0476615Z             guard=self._guard,
pytest (3.12)	Run tests	2026-10-06T10:44:56.0477232Z             pid=self._sidecar_pid,
pytest (3.12)	Run tests	2026-10-06T10:44:56.0477852Z             identity=self._sidecar_identity,
pytest (3.12)	Run tests	2026-10-06T10:44:56.0478306Z             reader=self._reader_thread,
pytest (3.12)	Run tests	2026-10-06T10:44:56.0478765Z             stderr=self._stderr_thread,
pytest (3.12)	Run tests	2026-10-06T10:44:56.0479242Z             applier=self._applier_thread,
pytest (3.12)	Run tests	2026-10-06T10:44:56.0479593Z             kill_timeout=self._kill_timeout,
pytest (3.12)	Run tests	2026-10-06T10:44:56.0479898Z         )
pytest (3.12)	Run tests	2026-10-06T10:44:56.0480199Z         outcome = _reap_process_resources(
pytest (3.12)	Run tests	2026-10-06T10:44:56.0480559Z             proc=self._proc,
pytest (3.12)	Run tests	2026-10-06T10:44:56.0480887Z             guard=self._guard,
pytest (3.12)	Run tests	2026-10-06T10:44:56.0481198Z             pid=self._sidecar_pid,
pytest (3.12)	Run tests	2026-10-06T10:44:56.0481537Z             identity=self._sidecar_identity,
pytest (3.12)	Run tests	2026-10-06T10:44:56.0481895Z             reader=self._reader_thread,
pytest (3.12)	Run tests	2026-10-06T10:44:56.0482250Z             stderr=self._stderr_thread,
pytest (3.12)	Run tests	2026-10-06T10:44:56.0482586Z             applier=self._applier_thread,
pytest (3.12)	Run tests	2026-10-06T10:44:56.0482943Z             budget=self._shutdown_timeout,
pytest (3.12)	Run tests	2026-10-06T10:44:56.0483325Z             kill_timeout=self._kill_timeout,
pytest (3.12)	Run tests	2026-10-06T10:44:56.0483668Z             detail=detail,
pytest (3.12)	Run tests	2026-10-06T10:44:56.0483954Z         )
pytest (3.12)	Run tests	2026-10-06T10:44:56.0484218Z         residual = {
pytest (3.12)	Run tests	2026-10-06T10:44:56.0484512Z             "reason": reason,
pytest (3.12)	Run tests	2026-10-06T10:44:56.0484815Z             "pid": self._sidecar_pid,
pytest (3.12)	Run tests	2026-10-06T10:44:56.0485202Z             "identity_filetime": (
pytest (3.12)	Run tests	2026-10-06T10:44:56.0485570Z                 str(self._sidecar_identity.created_at_filetime)
pytest (3.12)	Run tests	2026-10-06T10:44:56.0485971Z                 if self._sidecar_identity is not None
pytest (3.12)	Run tests	2026-10-06T10:44:56.0486377Z                 else None
pytest (3.12)	Run tests	2026-10-06T10:44:56.0486652Z             ),
pytest (3.12)	Run tests	2026-10-06T10:44:56.0486991Z             "process_exited": outcome["root_dead"],
pytest (3.12)	Run tests	2026-10-06T10:44:56.0487358Z             "job_verified": outcome["job_verified"],
pytest (3.12)	Run tests	2026-10-06T10:44:56.0487717Z             "guard_closed": outcome["guard_closed"],
pytest (3.12)	Run tests	2026-10-06T10:44:56.0488191Z             "cleanup_closed": outcome["closed"],
pytest (3.12)	Run tests	2026-10-06T10:44:56.0488585Z             "cleanup_seconds": outcome["seconds"],
pytest (3.12)	Run tests	2026-10-06T10:44:56.0488995Z             "cleanup_detail": ", ".join(detail) if detail else "ok",
pytest (3.12)	Run tests	2026-10-06T10:44:56.0489423Z             "cleanup_errors": list(outcome["errors"]),
pytest (3.12)	Run tests	2026-10-06T10:44:56.0489821Z             "stderr_digest": self._stderr_digest(),
pytest (3.12)	Run tests	2026-10-06T10:44:56.0490210Z         }
pytest (3.12)	Run tests	2026-10-06T10:44:56.0490512Z         message = (
pytest (3.12)	Run tests	2026-10-06T10:44:56.0490921Z             f"{reason}\uff1b\u6e05\u7406={'converged' if outcome['closed'] else 'retained'}"
pytest (3.12)	Run tests	2026-10-06T10:44:56.0491444Z             f"\uff08{outcome['seconds']}s, pid={self._sidecar_pid}\uff09"
pytest (3.12)	Run tests	2026-10-06T10:44:56.0491841Z         )
pytest (3.12)	Run tests	2026-10-06T10:44:56.0492246Z >       raise EmulatorStartupError(message, owner=owner, residual=residual) from cause
pytest (3.12)	Run tests	2026-10-06T10:44:56.0493447Z E       packages.core.terminal.emulator.EmulatorStartupError: sidecar \u4e0d\u53ef\u7528\uff1adependency-missing:Cannot find package '@xterm/headless' imported from D:\\a\\pan\\pan\\packages\\core\\terminal\\emulator_sidecar\\sidecar.mjs\uff1b\u6e05\u7406=converged\uff080.015s, pid=5448\uff09
pytest (3.12)	Run tests	2026-10-06T10:44:56.0494399Z 
pytest (3.12)	Run tests	2026-10-06T10:44:56.0494644Z packages\core\terminal\emulator.py:904: EmulatorStartupError
pytest (3.12)	Run tests	2026-10-06T10:44:56.0495235Z __________________ test_expired_control_never_executes_late ___________________
pytest (3.12)	Run tests	2026-10-06T10:44:56.0495576Z 
pytest (3.12)	Run tests	2026-10-06T10:44:56.0495758Z emu_factory = <function emu_factory.<locals>.make at 0x000001A8A05911C0>
pytest (3.12)	Run tests	2026-10-06T10:44:56.0496115Z 
pytest (3.12)	Run tests	2026-10-06T10:44:56.0496284Z     def test_expired_control_never_executes_late(emu_factory):
pytest (3.12)	Run tests	2026-10-06T10:44:56.0497102Z >       emu = emu_factory(control_timeout=0.3)
pytest (3.12)	Run tests	2026-10-06T10:44:56.0497506Z               ^^^^^^^^^^^^^^^^^^^^^^^^^^^^^^^^
pytest (3.12)	Run tests	2026-10-06T10:44:56.0497696Z 
pytest (3.12)	Run tests	2026-10-06T10:44:56.0497866Z tests\test_terminal_emulator.py:348: 
pytest (3.12)	Run tests	2026-10-06T10:44:56.0498242Z _ _ _ _ _ _ _ _ _ _ _ _ _ _ _ _ _ _ _ _ _ _ _ _ _ _ _ _ _ _ _ _ _ _ _ _ _ _ _ _
pytest (3.12)	Run tests	2026-10-06T10:44:56.0498771Z tests\test_terminal_emulator.py:87: in make
pytest (3.12)	Run tests	2026-10-06T10:44:56.0499155Z     emu = HeadlessEmulator(**kwargs)
pytest (3.12)	Run tests	2026-10-06T10:44:56.0499471Z           ^^^^^^^^^^^^^^^^^^^^^^^^^^
pytest (3.12)	Run tests	2026-10-06T10:44:56.0499846Z packages\core\terminal\emulator.py:747: in __init__
pytest (3.12)	Run tests	2026-10-06T10:44:56.0500236Z     self._spawn_and_handshake()
pytest (3.12)	Run tests	2026-10-06T10:44:56.0500670Z packages\core\terminal\emulator.py:838: in _spawn_and_handshake
pytest (3.12)	Run tests	2026-10-06T10:44:56.0501263Z     self._fail_startup(f"sidecar \u4e0d\u53ef\u7528\uff1a{self._startup_failure}")
pytest (3.12)	Run tests	2026-10-06T10:44:56.0501731Z _ _ _ _ _ _ _ _ _ _ _ _ _ _ _ _ _ _ _ _ _ _ _ _ _ _ _ _ _ _ _ _ _ _ _ _ _ _ _ _
pytest (3.12)	Run tests	2026-10-06T10:44:56.0501992Z 
pytest (3.12)	Run tests	2026-10-06T10:44:56.0502311Z self = <packages.core.terminal.emulator.HeadlessEmulator object at 0x000001A8A04B9940>
pytest (3.12)	Run tests	2026-10-06T10:44:56.0503571Z reason = "sidecar \u4e0d\u53ef\u7528\uff1adependency-missing:Cannot find package '@xterm/headless' imported from D:\\\\a\\\\pan\\\\pan\\\\packages\\\\core\\\\terminal\\\\emulator_sidecar\\\\sidecar.mjs"
pytest (3.12)	Run tests	2026-10-06T10:44:56.0504662Z cause = None
pytest (3.12)	Run tests	2026-10-06T10:44:56.0504828Z 
pytest (3.12)	Run tests	2026-10-06T10:44:56.0505165Z     def _fail_startup(self, reason: str, *, cause: BaseException | None = None) -> NoReturn:
pytest (3.12)	Run tests	2026-10-06T10:44:56.0505934Z         """\u6784\u9020\u5931\u8d25\u7edf\u4e00\u51fa\u53e3\uff1a\u6709\u754c\u6574 Job \u6e05\u7406 + \u643a\u5e26 owner/\u6b8b\u7559\u4fe1\u606f\u7684\u5f02\u5e38\u3002
pytest (3.12)	Run tests	2026-10-06T10:44:56.0506535Z     
pytest (3.12)	Run tests	2026-10-06T10:44:56.0507098Z         \u6e05\u7406\u987a\u5e8f\u4e0e ``close`` \u4e00\u81f4\uff08\u5148\u6e05\u6811 \u2192 join \u7ebf\u7a0b \u2192 \u5173\u6d41 \u2192 guard.close\uff09\uff0c
pytest (3.12)	Run tests	2026-10-06T10:44:56.0507947Z         \u603b\u9884\u7b97\u4e3a ``shutdown_timeout``\uff1b\u5f02\u5e38\u643a\u5e26\u53ef\u91cd\u8bd5 ``owner``\uff08``retry_cleanup``\uff09
pytest (3.12)	Run tests	2026-10-06T10:44:56.0508739Z         \u4e0e ``residual``\uff08pid/\u8eab\u4efd/\u6e05\u7406\u6838\u9a8c/stderr \u6458\u8981\uff09\uff0c\u4e0d\u4ec5\u6587\u672c\u3002
pytest (3.12)	Run tests	2026-10-06T10:44:56.0509444Z         """
pytest (3.12)	Run tests	2026-10-06T10:44:56.0509723Z         detail: list[str] = []
pytest (3.12)	Run tests	2026-10-06T10:44:56.0510071Z         owner = StartupCleanupOwner(
pytest (3.12)	Run tests	2026-10-06T10:44:56.0510490Z             proc=self._proc,
pytest (3.12)	Run tests	2026-10-06T10:44:56.0510946Z             guard=self._guard,
pytest (3.12)	Run tests	2026-10-06T10:44:56.0511414Z             pid=self._sidecar_pid,
pytest (3.12)	Run tests	2026-10-06T10:44:56.0512167Z             identity=self._sidecar_identity,
pytest (3.12)	Run tests	2026-10-06T10:44:56.0512561Z             reader=self._reader_thread,
pytest (3.12)	Run tests	2026-10-06T10:44:56.0512883Z             stderr=self._stderr_thread,
pytest (3.12)	Run tests	2026-10-06T10:44:56.0513480Z             applier=self._applier_thread,
pytest (3.12)	Run tests	2026-10-06T10:44:56.0513871Z             kill_timeout=self._kill_timeout,
pytest (3.12)	Run tests	2026-10-06T10:44:56.0514208Z         )
pytest (3.12)	Run tests	2026-10-06T10:44:56.0514508Z         outcome = _reap_process_resources(
pytest (3.12)	Run tests	2026-10-06T10:44:56.0514864Z             proc=self._proc,
pytest (3.12)	Run tests	2026-10-06T10:44:56.0515299Z             guard=self._guard,
pytest (3.12)	Run tests	2026-10-06T10:44:56.0515631Z             pid=self._sidecar_pid,
pytest (3.12)	Run tests	2026-10-06T10:44:56.0515953Z             identity=self._sidecar_identity,
pytest (3.12)	Run tests	2026-10-06T10:44:56.0516324Z             reader=self._reader_thread,
pytest (3.12)	Run tests	2026-10-06T10:44:56.0517165Z             stderr=self._stderr_thread,
pytest (3.12)	Run tests	2026-10-06T10:44:56.0517517Z             applier=self._applier_thread,
pytest (3.12)	Run tests	2026-10-06T10:44:56.0517884Z             budget=self._shutdown_timeout,
pytest (3.12)	Run tests	2026-10-06T10:44:56.0518218Z             kill_timeout=self._kill_timeout,
pytest (3.12)	Run tests	2026-10-06T10:44:56.0518574Z             detail=detail,
pytest (3.12)	Run tests	2026-10-06T10:44:56.0518863Z         )
pytest (3.12)	Run tests	2026-10-06T10:44:56.0519114Z         residual = {
pytest (3.12)	Run tests	2026-10-06T10:44:56.0519651Z             "reason": reason,
pytest (3.12)	Run tests	2026-10-06T10:44:56.0520128Z             "pid": self._sidecar_pid,
pytest (3.12)	Run tests	2026-10-06T10:44:56.0520505Z             "identity_filetime": (
pytest (3.12)	Run tests	2026-10-06T10:44:56.0520905Z                 str(self._sidecar_identity.created_at_filetime)
pytest (3.12)	Run tests	2026-10-06T10:44:56.0521298Z                 if self._sidecar_identity is not None
pytest (3.12)	Run tests	2026-10-06T10:44:56.0521693Z                 else None
pytest (3.12)	Run tests	2026-10-06T10:44:56.0521997Z             ),
pytest (3.12)	Run tests	2026-10-06T10:44:56.0522468Z             "process_exited": outcome["root_dead"],
pytest (3.12)	Run tests	2026-10-06T10:44:56.0522852Z             "job_verified": outcome["job_verified"],
pytest (3.12)	Run tests	2026-10-06T10:44:56.0523211Z             "guard_closed": outcome["guard_closed"],
pytest (3.12)	Run tests	2026-10-06T10:44:56.0523609Z             "cleanup_closed": outcome["closed"],
pytest (3.12)	Run tests	2026-10-06T10:44:56.0524022Z             "cleanup_seconds": outcome["seconds"],
pytest (3.12)	Run tests	2026-10-06T10:44:56.0524549Z             "cleanup_detail": ", ".join(detail) if detail else "ok",
pytest (3.12)	Run tests	2026-10-06T10:44:56.0524710Z             "cleanup_errors": list(outcome["errors"]),
pytest (3.12)	Run tests	2026-10-06T10:44:56.0524881Z             "stderr_digest": self._stderr_digest(),
pytest (3.12)	Run tests	2026-10-06T10:44:56.0524974Z         }
pytest (3.12)	Run tests	2026-10-06T10:44:56.0525099Z         message = (
pytest (3.12)	Run tests	2026-10-06T10:44:56.0525385Z             f"{reason}\uff1b\u6e05\u7406={'converged' if outcome['closed'] else 'retained'}"
pytest (3.12)	Run tests	2026-10-06T10:44:56.0525562Z             f"\uff08{outcome['seconds']}s, pid={self._sidecar_pid}\uff09"
pytest (3.12)	Run tests	2026-10-06T10:44:56.0525699Z         )
pytest (3.12)	Run tests	2026-10-06T10:44:56.0525933Z >       raise EmulatorStartupError(message, owner=owner, residual=residual) from cause
pytest (3.12)	Run tests	2026-10-06T10:44:56.0526804Z E       packages.core.terminal.emulator.EmulatorStartupError: sidecar \u4e0d\u53ef\u7528\uff1adependency-missing:Cannot find package '@xterm/headless' imported from D:\\a\\pan\\pan\\packages\\core\\terminal\\emulator_sidecar\\sidecar.mjs\uff1b\u6e05\u7406=converged\uff080.0s, pid=5148\uff09
pytest (3.12)	Run tests	2026-10-06T10:44:56.0526812Z 
pytest (3.12)	Run tests	2026-10-06T10:44:56.0527053Z packages\core\terminal\emulator.py:904: EmulatorStartupError
pytest (3.12)	Run tests	2026-10-06T10:44:56.0527240Z ___________________ test_feed_enqueue_never_waits_for_node ____________________
pytest (3.12)	Run tests	2026-10-06T10:44:56.0527246Z 
pytest (3.12)	Run tests	2026-10-06T10:44:56.0527477Z emu_factory = <function emu_factory.<locals>.make at 0x000001A8A0543CE0>
pytest (3.12)	Run tests	2026-10-06T10:44:56.0527482Z 
pytest (3.12)	Run tests	2026-10-06T10:44:56.0527674Z     def test_feed_enqueue_never_waits_for_node(emu_factory):
pytest (3.12)	Run tests	2026-10-06T10:44:56.0527905Z >       emu = emu_factory(max_queue_bytes=64 * 1024)
pytest (3.12)	Run tests	2026-10-06T10:44:56.0528087Z               ^^^^^^^^^^^^^^^^^^^^^^^^^^^^^^^^^^^^^^
pytest (3.12)	Run tests	2026-10-06T10:44:56.0528093Z 
pytest (3.12)	Run tests	2026-10-06T10:44:56.0528216Z tests\test_terminal_emulator.py:363: 
pytest (3.12)	Run tests	2026-10-06T10:44:56.0528426Z _ _ _ _ _ _ _ _ _ _ _ _ _ _ _ _ _ _ _ _ _ _ _ _ _ _ _ _ _ _ _ _ _ _ _ _ _ _ _ _
pytest (3.12)	Run tests	2026-10-06T10:44:56.0528557Z tests\test_terminal_emulator.py:87: in make
pytest (3.12)	Run tests	2026-10-06T10:44:56.0528706Z     emu = HeadlessEmulator(**kwargs)
pytest (3.12)	Run tests	2026-10-06T10:44:56.0528873Z           ^^^^^^^^^^^^^^^^^^^^^^^^^^
pytest (3.12)	Run tests	2026-10-06T10:44:56.0529021Z packages\core\terminal\emulator.py:747: in __init__
pytest (3.12)	Run tests	2026-10-06T10:44:56.0529178Z     self._spawn_and_handshake()
pytest (3.12)	Run tests	2026-10-06T10:44:56.0529372Z packages\core\terminal\emulator.py:838: in _spawn_and_handshake
pytest (3.12)	Run tests	2026-10-06T10:44:56.0529618Z     self._fail_startup(f"sidecar \u4e0d\u53ef\u7528\uff1a{self._startup_failure}")
pytest (3.12)	Run tests	2026-10-06T10:44:56.0529843Z _ _ _ _ _ _ _ _ _ _ _ _ _ _ _ _ _ _ _ _ _ _ _ _ _ _ _ _ _ _ _ _ _ _ _ _ _ _ _ _
pytest (3.12)	Run tests	2026-10-06T10:44:56.0529852Z 
pytest (3.12)	Run tests	2026-10-06T10:44:56.0530125Z self = <packages.core.terminal.emulator.HeadlessEmulator object at 0x000001A8A04BABA0>
pytest (3.12)	Run tests	2026-10-06T10:44:56.0530931Z reason = "sidecar \u4e0d\u53ef\u7528\uff1adependency-missing:Cannot find package '@xterm/headless' imported from D:\\\\a\\\\pan\\\\pan\\\\packages\\\\core\\\\terminal\\\\emulator_sidecar\\\\sidecar.mjs"
pytest (3.12)	Run tests	2026-10-06T10:44:56.0531083Z cause = None
pytest (3.12)	Run tests	2026-10-06T10:44:56.0531092Z 
pytest (3.12)	Run tests	2026-10-06T10:44:56.0531485Z     def _fail_startup(self, reason: str, *, cause: BaseException | None = None) -> NoReturn:
pytest (3.12)	Run tests	2026-10-06T10:44:56.0532266Z         """\u6784\u9020\u5931\u8d25\u7edf\u4e00\u51fa\u53e3\uff1a\u6709\u754c\u6574 Job \u6e05\u7406 + \u643a\u5e26 owner/\u6b8b\u7559\u4fe1\u606f\u7684\u5f02\u5e38\u3002
pytest (3.12)	Run tests	2026-10-06T10:44:56.0532366Z     
pytest (3.12)	Run tests	2026-10-06T10:44:56.0532786Z         \u6e05\u7406\u987a\u5e8f\u4e0e ``close`` \u4e00\u81f4\uff08\u5148\u6e05\u6811 \u2192 join \u7ebf\u7a0b \u2192 \u5173\u6d41 \u2192 guard.close\uff09\uff0c
pytest (3.12)	Run tests	2026-10-06T10:44:56.0533147Z         \u603b\u9884\u7b97\u4e3a ``shutdown_timeout``\uff1b\u5f02\u5e38\u643a\u5e26\u53ef\u91cd\u8bd5 ``owner``\uff08``retry_cleanup``\uff09
pytest (3.12)	Run tests	2026-10-06T10:44:56.0533623Z         \u4e0e ``residual``\uff08pid/\u8eab\u4efd/\u6e05\u7406\u6838\u9a8c/stderr \u6458\u8981\uff09\uff0c\u4e0d\u4ec5\u6587\u672c\u3002
pytest (3.12)	Run tests	2026-10-06T10:44:56.0533759Z         """
pytest (3.12)	Run tests	2026-10-06T10:44:56.0533870Z         detail: list[str] = []
pytest (3.12)	Run tests	2026-10-06T10:44:56.0534022Z         owner = StartupCleanupOwner(
pytest (3.12)	Run tests	2026-10-06T10:44:56.0534144Z             proc=self._proc,
pytest (3.12)	Run tests	2026-10-06T10:44:56.0534315Z             guard=self._guard,
pytest (3.12)	Run tests	2026-10-06T10:44:56.0534467Z             pid=self._sidecar_pid,
pytest (3.12)	Run tests	2026-10-06T10:44:56.0534594Z             identity=self._sidecar_identity,
pytest (3.12)	Run tests	2026-10-06T10:44:56.0534754Z             reader=self._reader_thread,
pytest (3.12)	Run tests	2026-10-06T10:44:56.0534874Z             stderr=self._stderr_thread,
pytest (3.12)	Run tests	2026-10-06T10:44:56.0535069Z             applier=self._applier_thread,
pytest (3.12)	Run tests	2026-10-06T10:44:56.0535191Z             kill_timeout=self._kill_timeout,
pytest (3.12)	Run tests	2026-10-06T10:44:56.0535338Z         )
pytest (3.12)	Run tests	2026-10-06T10:44:56.0535491Z         outcome = _reap_process_resources(
pytest (3.12)	Run tests	2026-10-06T10:44:56.0535617Z             proc=self._proc,
pytest (3.12)	Run tests	2026-10-06T10:44:56.0535800Z             guard=self._guard,
pytest (3.12)	Run tests	2026-10-06T10:44:56.0535912Z             pid=self._sidecar_pid,
pytest (3.12)	Run tests	2026-10-06T10:44:56.0536078Z             identity=self._sidecar_identity,
pytest (3.12)	Run tests	2026-10-06T10:44:56.0536190Z             reader=self._reader_thread,
pytest (3.12)	Run tests	2026-10-06T10:44:56.0536335Z             stderr=self._stderr_thread,
pytest (3.12)	Run tests	2026-10-06T10:44:56.0536510Z             applier=self._applier_thread,
pytest (3.12)	Run tests	2026-10-06T10:44:56.0536627Z             budget=self._shutdown_timeout,
pytest (3.12)	Run tests	2026-10-06T10:44:56.0537129Z             kill_timeout=self._kill_timeout,
pytest (3.12)	Run tests	2026-10-06T10:44:56.0537256Z             detail=detail,
pytest (3.12)	Run tests	2026-10-06T10:44:56.0537384Z         )
pytest (3.12)	Run tests	2026-10-06T10:44:56.0537504Z         residual = {
pytest (3.12)	Run tests	2026-10-06T10:44:56.0537659Z             "reason": reason,
pytest (3.12)	Run tests	2026-10-06T10:44:56.0537818Z             "pid": self._sidecar_pid,
pytest (3.12)	Run tests	2026-10-06T10:44:56.0538605Z             "identity_filetime": (
pytest (3.12)	Run tests	2026-10-06T10:44:56.0538817Z                 str(self._sidecar_identity.created_at_filetime)
pytest (3.12)	Run tests	2026-10-06T10:44:56.0538991Z                 if self._sidecar_identity is not None
pytest (3.12)	Run tests	2026-10-06T10:44:56.0539142Z                 else None
pytest (3.12)	Run tests	2026-10-06T10:44:56.0539241Z             ),
pytest (3.12)	Run tests	2026-10-06T10:44:56.0539424Z             "process_exited": outcome["root_dead"],
pytest (3.12)	Run tests	2026-10-06T10:44:56.0539591Z             "job_verified": outcome["job_verified"],
pytest (3.12)	Run tests	2026-10-06T10:44:56.0539735Z             "guard_closed": outcome["guard_closed"],
pytest (3.12)	Run tests	2026-10-06T10:44:56.0539903Z             "cleanup_closed": outcome["closed"],
pytest (3.12)	Run tests	2026-10-06T10:44:56.0540034Z             "cleanup_seconds": outcome["seconds"],
pytest (3.12)	Run tests	2026-10-06T10:44:56.0540248Z             "cleanup_detail": ", ".join(detail) if detail else "ok",
pytest (3.12)	Run tests	2026-10-06T10:44:56.0540418Z             "cleanup_errors": list(outcome["errors"]),
pytest (3.12)	Run tests	2026-10-06T10:44:56.0540560Z             "stderr_digest": self._stderr_digest(),
pytest (3.12)	Run tests	2026-10-06T10:44:56.0540702Z         }
pytest (3.12)	Run tests	2026-10-06T10:44:56.0540803Z         message = (
pytest (3.12)	Run tests	2026-10-06T10:44:56.0541077Z             f"{reason}\uff1b\u6e05\u7406={'converged' if outcome['closed'] else 'retained'}"
pytest (3.12)	Run tests	2026-10-06T10:44:56.0541240Z             f"\uff08{outcome['seconds']}s, pid={self._sidecar_pid}\uff09"
pytest (3.12)	Run tests	2026-10-06T10:44:56.0541417Z         )
pytest (3.12)	Run tests	2026-10-06T10:44:56.0541688Z >       raise EmulatorStartupError(message, owner=owner, residual=residual) from cause
pytest (3.12)	Run tests	2026-10-06T10:44:56.0542532Z E       packages.core.terminal.emulator.EmulatorStartupError: sidecar \u4e0d\u53ef\u7528\uff1adependency-missing:Cannot find package '@xterm/headless' imported from D:\\a\\pan\\pan\\packages\\core\\terminal\\emulator_sidecar\\sidecar.mjs\uff1b\u6e05\u7406=converged\uff080.0s, pid=5708\uff09
pytest (3.12)	Run tests	2026-10-06T10:44:56.0542541Z 
pytest (3.12)	Run tests	2026-10-06T10:44:56.0542760Z packages\core\terminal\emulator.py:904: EmulatorStartupError
pytest (3.12)	Run tests	2026-10-06T10:44:56.0542944Z ______________ test_feed_overflow_is_sticky_degraded_and_bounded ______________
pytest (3.12)	Run tests	2026-10-06T10:44:56.0543006Z 
pytest (3.12)	Run tests	2026-10-06T10:44:56.0543222Z emu_factory = <function emu_factory.<locals>.make at 0x000001A8A0590CC0>
pytest (3.12)	Run tests	2026-10-06T10:44:56.0543302Z 
pytest (3.12)	Run tests	2026-10-06T10:44:56.0543532Z     def test_feed_overflow_is_sticky_degraded_and_bounded(emu_factory):
pytest (3.12)	Run tests	2026-10-06T10:44:56.0543704Z >       emu = emu_factory(max_queue_bytes=32 * 1024, max_queue_ops=64)
pytest (3.12)	Run tests	2026-10-06T10:44:56.0543874Z               ^^^^^^^^^^^^^^^^^^^^^^^^^^^^^^^^^^^^^^^^^^^^^^^^^^^^^^^^
pytest (3.12)	Run tests	2026-10-06T10:44:56.0543880Z 
pytest (3.12)	Run tests	2026-10-06T10:44:56.0544036Z tests\test_terminal_emulator.py:379: 
pytest (3.12)	Run tests	2026-10-06T10:44:56.0544207Z _ _ _ _ _ _ _ _ _ _ _ _ _ _ _ _ _ _ _ _ _ _ _ _ _ _ _ _ _ _ _ _ _ _ _ _ _ _ _ _
pytest (3.12)	Run tests	2026-10-06T10:44:56.0544376Z tests\test_terminal_emulator.py:87: in make
pytest (3.12)	Run tests	2026-10-06T10:44:56.0544492Z     emu = HeadlessEmulator(**kwargs)
pytest (3.12)	Run tests	2026-10-06T10:44:56.0544635Z           ^^^^^^^^^^^^^^^^^^^^^^^^^^
pytest (3.12)	Run tests	2026-10-06T10:44:56.0544761Z packages\core\terminal\emulator.py:747: in __init__
pytest (3.12)	Run tests	2026-10-06T10:44:56.0544938Z     self._spawn_and_handshake()
pytest (3.12)	Run tests	2026-10-06T10:44:56.0545183Z packages\core\terminal\emulator.py:838: in _spawn_and_handshake
pytest (3.12)	Run tests	2026-10-06T10:44:56.0545399Z     self._fail_startup(f"sidecar \u4e0d\u53ef\u7528\uff1a{self._startup_failure}")
pytest (3.12)	Run tests	2026-10-06T10:44:56.0545581Z _ _ _ _ _ _ _ _ _ _ _ _ _ _ _ _ _ _ _ _ _ _ _ _ _ _ _ _ _ _ _ _ _ _ _ _ _ _ _ _
pytest (3.12)	Run tests	2026-10-06T10:44:56.0545587Z 
pytest (3.12)	Run tests	2026-10-06T10:44:56.0545824Z self = <packages.core.terminal.emulator.HeadlessEmulator object at 0x000001A8A04B9610>
pytest (3.12)	Run tests	2026-10-06T10:44:56.0546431Z reason = "sidecar \u4e0d\u53ef\u7528\uff1adependency-missing:Cannot find package '@xterm/headless' imported from D:\\\\a\\\\pan\\\\pan\\\\packages\\\\core\\\\terminal\\\\emulator_sidecar\\\\sidecar.mjs"
pytest (3.12)	Run tests	2026-10-06T10:44:56.0546570Z cause = None
pytest (3.12)	Run tests	2026-10-06T10:44:56.0546577Z 
pytest (3.12)	Run tests	2026-10-06T10:44:56.0546815Z     def _fail_startup(self, reason: str, *, cause: BaseException | None = None) -> NoReturn:
pytest (3.12)	Run tests	2026-10-06T10:44:56.0547265Z         """\u6784\u9020\u5931\u8d25\u7edf\u4e00\u51fa\u53e3\uff1a\u6709\u754c\u6574 Job \u6e05\u7406 + \u643a\u5e26 owner/\u6b8b\u7559\u4fe1\u606f\u7684\u5f02\u5e38\u3002
pytest (3.12)	Run tests	2026-10-06T10:44:56.0547850Z     
pytest (3.12)	Run tests	2026-10-06T10:44:56.0548545Z         \u6e05\u7406\u987a\u5e8f\u4e0e ``close`` \u4e00\u81f4\uff08\u5148\u6e05\u6811 \u2192 join \u7ebf\u7a0b \u2192 \u5173\u6d41 \u2192 guard.close\uff09\uff0c
pytest (3.12)	Run tests	2026-10-06T10:44:56.0549069Z         \u603b\u9884\u7b97\u4e3a ``shutdown_timeout``\uff1b\u5f02\u5e38\u643a\u5e26\u53ef\u91cd\u8bd5 ``owner``\uff08``retry_cleanup``\uff09
pytest (3.12)	Run tests	2026-10-06T10:44:56.0549611Z         \u4e0e ``residual``\uff08pid/\u8eab\u4efd/\u6e05\u7406\u6838\u9a8c/stderr \u6458\u8981\uff09\uff0c\u4e0d\u4ec5\u6587\u672c\u3002
pytest (3.12)	Run tests	2026-10-06T10:44:56.0549771Z         """
pytest (3.12)	Run tests	2026-10-06T10:44:56.0549881Z         detail: list[str] = []
pytest (3.12)	Run tests	2026-10-06T10:44:56.0550043Z         owner = StartupCleanupOwner(
pytest (3.12)	Run tests	2026-10-06T10:44:56.0550180Z             proc=self._proc,
pytest (3.12)	Run tests	2026-10-06T10:44:56.0550296Z             guard=self._guard,
pytest (3.12)	Run tests	2026-10-06T10:44:56.0550469Z             pid=self._sidecar_pid,
pytest (3.12)	Run tests	2026-10-06T10:44:56.0550597Z             identity=self._sidecar_identity,
pytest (3.12)	Run tests	2026-10-06T10:44:56.0550763Z             reader=self._reader_thread,
pytest (3.12)	Run tests	2026-10-06T10:44:56.0550881Z             stderr=self._stderr_thread,
pytest (3.12)	Run tests	2026-10-06T10:44:56.0551034Z             applier=self._applier_thread,
pytest (3.12)	Run tests	2026-10-06T10:44:56.0551229Z             kill_timeout=self._kill_timeout,
pytest (3.12)	Run tests	2026-10-06T10:44:56.0551322Z         )
pytest (3.12)	Run tests	2026-10-06T10:44:56.0551484Z         outcome = _reap_process_resources(
pytest (3.12)	Run tests	2026-10-06T10:44:56.0551598Z             proc=self._proc,
pytest (3.12)	Run tests	2026-10-06T10:44:56.0551736Z             guard=self._guard,
pytest (3.12)	Run tests	2026-10-06T10:44:56.0551903Z             pid=self._sidecar_pid,
pytest (3.12)	Run tests	2026-10-06T10:44:56.0552025Z             identity=self._sidecar_identity,
pytest (3.12)	Run tests	2026-10-06T10:44:56.0552185Z             reader=self._reader_thread,
pytest (3.12)	Run tests	2026-10-06T10:44:56.0552300Z             stderr=self._stderr_thread,
pytest (3.12)	Run tests	2026-10-06T10:44:56.0552463Z             applier=self._applier_thread,
pytest (3.12)	Run tests	2026-10-06T10:44:56.0552599Z             budget=self._shutdown_timeout,
pytest (3.12)	Run tests	2026-10-06T10:44:56.0552763Z             kill_timeout=self._kill_timeout,
pytest (3.12)	Run tests	2026-10-06T10:44:56.0552921Z             detail=detail,
pytest (3.12)	Run tests	2026-10-06T10:44:56.0553102Z         )
pytest (3.12)	Run tests	2026-10-06T10:44:56.0553242Z         residual = {
pytest (3.12)	Run tests	2026-10-06T10:44:56.0553364Z             "reason": reason,
pytest (3.12)	Run tests	2026-10-06T10:44:56.0553526Z             "pid": self._sidecar_pid,
pytest (3.12)	Run tests	2026-10-06T10:44:56.0553635Z             "identity_filetime": (
pytest (3.12)	Run tests	2026-10-06T10:44:56.0553833Z                 str(self._sidecar_identity.created_at_filetime)
pytest (3.12)	Run tests	2026-10-06T10:44:56.0553998Z                 if self._sidecar_identity is not None
pytest (3.12)	Run tests	2026-10-06T10:44:56.0554121Z                 else None
pytest (3.12)	Run tests	2026-10-06T10:44:56.0554280Z             ),
pytest (3.12)	Run tests	2026-10-06T10:44:56.0554411Z             "process_exited": outcome["root_dead"],
pytest (3.12)	Run tests	2026-10-06T10:44:56.0554583Z             "job_verified": outcome["job_verified"],
pytest (3.12)	Run tests	2026-10-06T10:44:56.0554695Z             "guard_closed": outcome["guard_closed"],
pytest (3.12)	Run tests	2026-10-06T10:44:56.0554884Z             "cleanup_closed": outcome["closed"],
pytest (3.12)	Run tests	2026-10-06T10:44:56.0555050Z             "cleanup_seconds": outcome["seconds"],
pytest (3.12)	Run tests	2026-10-06T10:44:56.0555222Z             "cleanup_detail": ", ".join(detail) if detail else "ok",
pytest (3.12)	Run tests	2026-10-06T10:44:56.0555401Z             "cleanup_errors": list(outcome["errors"]),
pytest (3.12)	Run tests	2026-10-06T10:44:56.0555510Z             "stderr_digest": self._stderr_digest(),
pytest (3.12)	Run tests	2026-10-06T10:44:56.0555672Z         }
pytest (3.12)	Run tests	2026-10-06T10:44:56.0555772Z         message = (
pytest (3.12)	Run tests	2026-10-06T10:44:56.0556037Z             f"{reason}\uff1b\u6e05\u7406={'converged' if outcome['closed'] else 'retained'}"
pytest (3.12)	Run tests	2026-10-06T10:44:56.0556252Z             f"\uff08{outcome['seconds']}s, pid={self._sidecar_pid}\uff09"
pytest (3.12)	Run tests	2026-10-06T10:44:56.0556330Z         )
pytest (3.12)	Run tests	2026-10-06T10:44:56.0556624Z >       raise EmulatorStartupError(message, owner=owner, residual=residual) from cause
pytest (3.12)	Run tests	2026-10-06T10:44:56.0558310Z E       packages.core.terminal.emulator.EmulatorStartupError: sidecar \u4e0d\u53ef\u7528\uff1adependency-missing:Cannot find package '@xterm/headless' imported from D:\\a\\pan\\pan\\packages\\core\\terminal\\emulator_sidecar\\sidecar.mjs\uff1b\u6e05\u7406=converged\uff080.0s, pid=1408\uff09
pytest (3.12)	Run tests	2026-10-06T10:44:56.0558703Z 
pytest (3.12)	Run tests	2026-10-06T10:44:56.0558897Z packages\core\terminal\emulator.py:904: EmulatorStartupError
pytest (3.12)	Run tests	2026-10-06T10:44:56.0559145Z ___________________ test_control_queue_overflow_is_visible ____________________
pytest (3.12)	Run tests	2026-10-06T10:44:56.0559152Z 
pytest (3.12)	Run tests	2026-10-06T10:44:56.0559346Z emu_factory = <function emu_factory.<locals>.make at 0x000001A8A0593D80>
pytest (3.12)	Run tests	2026-10-06T10:44:56.0559352Z 
pytest (3.12)	Run tests	2026-10-06T10:44:56.0559563Z     def test_control_queue_overflow_is_visible(emu_factory):
pytest (3.12)	Run tests	2026-10-06T10:44:56.0559765Z >       emu = emu_factory(max_queue_ops=8, max_queue_bytes=1024 * 1024)
pytest (3.12)	Run tests	2026-10-06T10:44:56.0559903Z               ^^^^^^^^^^^^^^^^^^^^^^^^^^^^^^^^^^^^^^^^^^^^^^^^^^^^^^^^^
pytest (3.12)	Run tests	2026-10-06T10:44:56.0559909Z 
pytest (3.12)	Run tests	2026-10-06T10:44:56.0560125Z tests\test_terminal_emulator.py:403: 
pytest (3.12)	Run tests	2026-10-06T10:44:56.0560273Z _ _ _ _ _ _ _ _ _ _ _ _ _ _ _ _ _ _ _ _ _ _ _ _ _ _ _ _ _ _ _ _ _ _ _ _ _ _ _ _
pytest (3.12)	Run tests	2026-10-06T10:44:56.0560445Z tests\test_terminal_emulator.py:87: in make
pytest (3.12)	Run tests	2026-10-06T10:44:56.0560590Z     emu = HeadlessEmulator(**kwargs)
pytest (3.12)	Run tests	2026-10-06T10:44:56.0560704Z           ^^^^^^^^^^^^^^^^^^^^^^^^^^
pytest (3.12)	Run tests	2026-10-06T10:44:56.0560904Z packages\core\terminal\emulator.py:747: in __init__
pytest (3.12)	Run tests	2026-10-06T10:44:56.0561020Z     self._spawn_and_handshake()
pytest (3.12)	Run tests	2026-10-06T10:44:56.0561331Z packages\core\terminal\emulator.py:838: in _spawn_and_handshake
pytest (3.12)	Run tests	2026-10-06T10:44:56.0561552Z     self._fail_startup(f"sidecar \u4e0d\u53ef\u7528\uff1a{self._startup_failure}")
pytest (3.12)	Run tests	2026-10-06T10:44:56.0561733Z _ _ _ _ _ _ _ _ _ _ _ _ _ _ _ _ _ _ _ _ _ _ _ _ _ _ _ _ _ _ _ _ _ _ _ _ _ _ _ _
pytest (3.12)	Run tests	2026-10-06T10:44:56.0561739Z 
pytest (3.12)	Run tests	2026-10-06T10:44:56.0562045Z self = <packages.core.terminal.emulator.HeadlessEmulator object at 0x000001A89CFB6CC0>
pytest (3.12)	Run tests	2026-10-06T10:44:56.0562608Z reason = "sidecar \u4e0d\u53ef\u7528\uff1adependency-missing:Cannot find package '@xterm/headless' imported from D:\\\\a\\\\pan\\\\pan\\\\packages\\\\core\\\\terminal\\\\emulator_sidecar\\\\sidecar.mjs"
pytest (3.12)	Run tests	2026-10-06T10:44:56.0562757Z cause = None
pytest (3.12)	Run tests	2026-10-06T10:44:56.0562763Z 
pytest (3.12)	Run tests	2026-10-06T10:44:56.0563023Z     def _fail_startup(self, reason: str, *, cause: BaseException | None = None) -> NoReturn:
pytest (3.12)	Run tests	2026-10-06T10:44:56.0563513Z         """\u6784\u9020\u5931\u8d25\u7edf\u4e00\u51fa\u53e3\uff1a\u6709\u754c\u6574 Job \u6e05\u7406 + \u643a\u5e26 owner/\u6b8b\u7559\u4fe1\u606f\u7684\u5f02\u5e38\u3002
pytest (3.12)	Run tests	2026-10-06T10:44:56.0563663Z     
pytest (3.12)	Run tests	2026-10-06T10:44:56.0564052Z         \u6e05\u7406\u987a\u5e8f\u4e0e ``close`` \u4e00\u81f4\uff08\u5148\u6e05\u6811 \u2192 join \u7ebf\u7a0b \u2192 \u5173\u6d41 \u2192 guard.close\uff09\uff0c
pytest (3.12)	Run tests	2026-10-06T10:44:56.0564441Z         \u603b\u9884\u7b97\u4e3a ``shutdown_timeout``\uff1b\u5f02\u5e38\u643a\u5e26\u53ef\u91cd\u8bd5 ``owner``\uff08``retry_cleanup``\uff09
pytest (3.12)	Run tests	2026-10-06T10:44:56.0564802Z         \u4e0e ``residual``\uff08pid/\u8eab\u4efd/\u6e05\u7406\u6838\u9a8c/stderr \u6458\u8981\uff09\uff0c\u4e0d\u4ec5\u6587\u672c\u3002
pytest (3.12)	Run tests	2026-10-06T10:44:56.0564904Z         """
pytest (3.12)	Run tests	2026-10-06T10:44:56.0565073Z         detail: list[str] = []
pytest (3.12)	Run tests	2026-10-06T10:44:56.0565197Z         owner = StartupCleanupOwner(
pytest (3.12)	Run tests	2026-10-06T10:44:56.0565352Z             proc=self._proc,
pytest (3.12)	Run tests	2026-10-06T10:44:56.0565456Z             guard=self._guard,
pytest (3.12)	Run tests	2026-10-06T10:44:56.0565600Z             pid=self._sidecar_pid,
pytest (3.12)	Run tests	2026-10-06T10:44:56.0565780Z             identity=self._sidecar_identity,
pytest (3.12)	Run tests	2026-10-06T10:44:56.0565895Z             reader=self._reader_thread,
pytest (3.12)	Run tests	2026-10-06T10:44:56.0566049Z             stderr=self._stderr_thread,
pytest (3.12)	Run tests	2026-10-06T10:44:56.0566169Z             applier=self._applier_thread,
pytest (3.12)	Run tests	2026-10-06T10:44:56.0566320Z             kill_timeout=self._kill_timeout,
pytest (3.12)	Run tests	2026-10-06T10:44:56.0566469Z         )
pytest (3.12)	Run tests	2026-10-06T10:44:56.0566589Z         outcome = _reap_process_resources(
pytest (3.12)	Run tests	2026-10-06T10:44:56.0566736Z             proc=self._proc,
pytest (3.12)	Run tests	2026-10-06T10:44:56.0566841Z             guard=self._guard,
pytest (3.12)	Run tests	2026-10-06T10:44:56.0566977Z             pid=self._sidecar_pid,
pytest (3.12)	Run tests	2026-10-06T10:44:56.0567113Z             identity=self._sidecar_identity,
pytest (3.12)	Run tests	2026-10-06T10:44:56.0567523Z             reader=self._reader_thread,
pytest (3.12)	Run tests	2026-10-06T10:44:56.0567633Z             stderr=self._stderr_thread,
pytest (3.12)	Run tests	2026-10-06T10:44:56.0567796Z             applier=self._applier_thread,
pytest (3.12)	Run tests	2026-10-06T10:44:56.0567941Z             budget=self._shutdown_timeout,
pytest (3.12)	Run tests	2026-10-06T10:44:56.0568069Z             kill_timeout=self._kill_timeout,
pytest (3.12)	Run tests	2026-10-06T10:44:56.0568219Z             detail=detail,
pytest (3.12)	Run tests	2026-10-06T10:44:56.0568375Z         )
pytest (3.12)	Run tests	2026-10-06T10:44:56.0568577Z         residual = {
pytest (3.12)	Run tests	2026-10-06T10:44:56.0568690Z             "reason": reason,
pytest (3.12)	Run tests	2026-10-06T10:44:56.0568907Z             "pid": self._sidecar_pid,
pytest (3.12)	Run tests	2026-10-06T10:44:56.0569059Z             "identity_filetime": (
pytest (3.12)	Run tests	2026-10-06T10:44:56.0569227Z                 str(self._sidecar_identity.created_at_filetime)
pytest (3.12)	Run tests	2026-10-06T10:44:56.0569405Z                 if self._sidecar_identity is not None
pytest (3.12)	Run tests	2026-10-06T10:44:56.0569493Z                 else None
pytest (3.12)	Run tests	2026-10-06T10:44:56.0569650Z             ),
pytest (3.12)	Run tests	2026-10-06T10:44:56.0569819Z             "process_exited": outcome["root_dead"],
pytest (3.12)	Run tests	2026-10-06T10:44:56.0569978Z             "job_verified": outcome["job_verified"],
pytest (3.12)	Run tests	2026-10-06T10:44:56.0570154Z             "guard_closed": outcome["guard_closed"],
pytest (3.12)	Run tests	2026-10-06T10:44:56.0570262Z             "cleanup_closed": outcome["closed"],
pytest (3.12)	Run tests	2026-10-06T10:44:56.0570450Z             "cleanup_seconds": outcome["seconds"],
pytest (3.12)	Run tests	2026-10-06T10:44:56.0570616Z             "cleanup_detail": ", ".join(detail) if detail else "ok",
pytest (3.12)	Run tests	2026-10-06T10:44:56.0570794Z             "cleanup_errors": list(outcome["errors"]),
pytest (3.12)	Run tests	2026-10-06T10:44:56.0570959Z             "stderr_digest": self._stderr_digest(),
pytest (3.12)	Run tests	2026-10-06T10:44:56.0571036Z         }
pytest (3.12)	Run tests	2026-10-06T10:44:56.0571284Z         message = (
pytest (3.12)	Run tests	2026-10-06T10:44:56.0571499Z             f"{reason}\uff1b\u6e05\u7406={'converged' if outcome['closed'] else 'retained'}"
pytest (3.12)	Run tests	2026-10-06T10:44:56.0571710Z             f"\uff08{outcome['seconds']}s, pid={self._sidecar_pid}\uff09"
pytest (3.12)	Run tests	2026-10-06T10:44:56.0571793Z         )
pytest (3.12)	Run tests	2026-10-06T10:44:56.0572027Z >       raise EmulatorStartupError(message, owner=owner, residual=residual) from cause
pytest (3.12)	Run tests	2026-10-06T10:44:56.0572979Z E       packages.core.terminal.emulator.EmulatorStartupError: sidecar \u4e0d\u53ef\u7528\uff1adependency-missing:Cannot find package '@xterm/headless' imported from D:\\a\\pan\\pan\\packages\\core\\terminal\\emulator_sidecar\\sidecar.mjs\uff1b\u6e05\u7406=converged\uff080.016s, pid=3284\uff09
pytest (3.12)	Run tests	2026-10-06T10:44:56.0572988Z 
pytest (3.12)	Run tests	2026-10-06T10:44:56.0573153Z packages\core\terminal\emulator.py:904: EmulatorStartupError
pytest (3.12)	Run tests	2026-10-06T10:44:56.0573391Z __________ test_unknown_sequence_after_event_saturation_is_detected ___________
pytest (3.12)	Run tests	2026-10-06T10:44:56.0573399Z 
pytest (3.12)	Run tests	2026-10-06T10:44:56.0573614Z emu_factory = <function emu_factory.<locals>.make at 0x000001A8A0543060>
pytest (3.12)	Run tests	2026-10-06T10:44:56.0573620Z 
pytest (3.12)	Run tests	2026-10-06T10:44:56.0573806Z     def test_unknown_sequence_after_event_saturation_is_detected(emu_factory):
pytest (3.12)	Run tests	2026-10-06T10:44:56.0574303Z         """4096 \u4e8b\u4ef6\u4e0a\u9650\u4e0d\u5f97\u63a9\u76d6\u540e\u6765\u7684\u672a\u77e5\u5e8f\u5217\uff08\u521d\u7248\u6f0f\u68c0 -> full\uff0c\u4fee\u590d\u540e partial\uff09\u3002"""
pytest (3.12)	Run tests	2026-10-06T10:44:56.0574410Z >       emu = emu_factory()
pytest (3.12)	Run tests	2026-10-06T10:44:56.0574532Z               ^^^^^^^^^^^^^
pytest (3.12)	Run tests	2026-10-06T10:44:56.0574538Z 
pytest (3.12)	Run tests	2026-10-06T10:44:56.0574687Z tests\test_terminal_emulator.py:418: 
pytest (3.12)	Run tests	2026-10-06T10:44:56.0574813Z _ _ _ _ _ _ _ _ _ _ _ _ _ _ _ _ _ _ _ _ _ _ _ _ _ _ _ _ _ _ _ _ _ _ _ _ _ _ _ _
pytest (3.12)	Run tests	2026-10-06T10:44:56.0574982Z tests\test_terminal_emulator.py:87: in make
pytest (3.12)	Run tests	2026-10-06T10:44:56.0575090Z     emu = HeadlessEmulator(**kwargs)
pytest (3.12)	Run tests	2026-10-06T10:44:56.0575241Z           ^^^^^^^^^^^^^^^^^^^^^^^^^^
pytest (3.12)	Run tests	2026-10-06T10:44:56.0575411Z packages\core\terminal\emulator.py:747: in __init__
pytest (3.12)	Run tests	2026-10-06T10:44:56.0575506Z     self._spawn_and_handshake()
pytest (3.12)	Run tests	2026-10-06T10:44:56.0575722Z packages\core\terminal\emulator.py:838: in _spawn_and_handshake
pytest (3.12)	Run tests	2026-10-06T10:44:56.0575929Z     self._fail_startup(f"sidecar \u4e0d\u53ef\u7528\uff1a{self._startup_failure}")
pytest (3.12)	Run tests	2026-10-06T10:44:56.0576097Z _ _ _ _ _ _ _ _ _ _ _ _ _ _ _ _ _ _ _ _ _ _ _ _ _ _ _ _ _ _ _ _ _ _ _ _ _ _ _ _
pytest (3.12)	Run tests	2026-10-06T10:44:56.0576532Z 
pytest (3.12)	Run tests	2026-10-06T10:44:56.0576929Z self = <packages.core.terminal.emulator.HeadlessEmulator object at 0x000001A893AA75C0>
pytest (3.12)	Run tests	2026-10-06T10:44:56.0578115Z reason = "sidecar \u4e0d\u53ef\u7528\uff1adependency-missing:Cannot find package '@xterm/headless' imported from D:\\\\a\\\\pan\\\\pan\\\\packages\\\\core\\\\terminal\\\\emulator_sidecar\\\\sidecar.mjs"
pytest (3.12)	Run tests	2026-10-06T10:44:56.0578321Z cause = None
pytest (3.12)	Run tests	2026-10-06T10:44:56.0578330Z 
pytest (3.12)	Run tests	2026-10-06T10:44:56.0578690Z     def _fail_startup(self, reason: str, *, cause: BaseException | None = None) -> NoReturn:
pytest (3.12)	Run tests	2026-10-06T10:44:56.0579403Z         """\u6784\u9020\u5931\u8d25\u7edf\u4e00\u51fa\u53e3\uff1a\u6709\u754c\u6574 Job \u6e05\u7406 + \u643a\u5e26 owner/\u6b8b\u7559\u4fe1\u606f\u7684\u5f02\u5e38\u3002
pytest (3.12)	Run tests	2026-10-06T10:44:56.0579568Z     
pytest (3.12)	Run tests	2026-10-06T10:44:56.0580151Z         \u6e05\u7406\u987a\u5e8f\u4e0e ``close`` \u4e00\u81f4\uff08\u5148\u6e05\u6811 \u2192 join \u7ebf\u7a0b \u2192 \u5173\u6d41 \u2192 guard.close\uff09\uff0c
pytest (3.12)	Run tests	2026-10-06T10:44:56.0580609Z         \u603b\u9884\u7b97\u4e3a ``shutdown_timeout``\uff1b\u5f02\u5e38\u643a\u5e26\u53ef\u91cd\u8bd5 ``owner``\uff08``retry_cleanup``\uff09
pytest (3.12)	Run tests	2026-10-06T10:44:56.0580948Z         \u4e0e ``residual``\uff08pid/\u8eab\u4efd/\u6e05\u7406\u6838\u9a8c/stderr \u6458\u8981\uff09\uff0c\u4e0d\u4ec5\u6587\u672c\u3002
pytest (3.12)	Run tests	2026-10-06T10:44:56.0581071Z         """
pytest (3.12)	Run tests	2026-10-06T10:44:56.0581205Z         detail: list[str] = []
pytest (3.12)	Run tests	2026-10-06T10:44:56.0581314Z         owner = StartupCleanupOwner(
pytest (3.12)	Run tests	2026-10-06T10:44:56.0581468Z             proc=self._proc,
pytest (3.12)	Run tests	2026-10-06T10:44:56.0581564Z             guard=self._guard,
pytest (3.12)	Run tests	2026-10-06T10:44:56.0581699Z             pid=self._sidecar_pid,
pytest (3.12)	Run tests	2026-10-06T10:44:56.0581813Z             identity=self._sidecar_identity,
pytest (3.12)	Run tests	2026-10-06T10:44:56.0581941Z             reader=self._reader_thread,
pytest (3.12)	Run tests	2026-10-06T10:44:56.0582100Z             stderr=self._stderr_thread,
pytest (3.12)	Run tests	2026-10-06T10:44:56.0582211Z             applier=self._applier_thread,
pytest (3.12)	Run tests	2026-10-06T10:44:56.0582357Z             kill_timeout=self._kill_timeout,
pytest (3.12)	Run tests	2026-10-06T10:44:56.0582545Z         )
pytest (3.12)	Run tests	2026-10-06T10:44:56.0582680Z         outcome = _reap_process_resources(
pytest (3.12)	Run tests	2026-10-06T10:44:56.0582786Z             proc=self._proc,
pytest (3.12)	Run tests	2026-10-06T10:44:56.0582936Z             guard=self._guard,
pytest (3.12)	Run tests	2026-10-06T10:44:56.0583093Z             pid=self._sidecar_pid,
pytest (3.12)	Run tests	2026-10-06T10:44:56.0583213Z             identity=self._sidecar_identity,
pytest (3.12)	Run tests	2026-10-06T10:44:56.0583330Z             reader=self._reader_thread,
pytest (3.12)	Run tests	2026-10-06T10:44:56.0583641Z             stderr=self._stderr_thread,
pytest (3.12)	Run tests	2026-10-06T10:44:56.0583806Z             applier=self._applier_thread,
pytest (3.12)	Run tests	2026-10-06T10:44:56.0789777Z             budget=self._shutdown_timeout,
pytest (3.12)	Run tests	2026-10-06T10:44:56.0790194Z             kill_timeout=self._kill_timeout,
pytest (3.12)	Run tests	2026-10-06T10:44:56.0790402Z             detail=detail,
pytest (3.12)	Run tests	2026-10-06T10:44:56.0790542Z         )
pytest (3.12)	Run tests	2026-10-06T10:44:56.0790712Z         residual = {
pytest (3.12)	Run tests	2026-10-06T10:44:56.0790887Z             "reason": reason,
pytest (3.12)	Run tests	2026-10-06T10:44:56.0791050Z             "pid": self._sidecar_pid,
pytest (3.12)	Run tests	2026-10-06T10:44:56.0791193Z             "identity_filetime": (
pytest (3.12)	Run tests	2026-10-06T10:44:56.0791433Z                 str(self._sidecar_identity.created_at_filetime)
pytest (3.12)	Run tests	2026-10-06T10:44:56.0791616Z                 if self._sidecar_identity is not None
pytest (3.12)	Run tests	2026-10-06T10:44:56.0791726Z                 else None
pytest (3.12)	Run tests	2026-10-06T10:44:56.0791843Z             ),
pytest (3.12)	Run tests	2026-10-06T10:44:56.0792033Z             "process_exited": outcome["root_dead"],
pytest (3.12)	Run tests	2026-10-06T10:44:56.0792219Z             "job_verified": outcome["job_verified"],
pytest (3.12)	Run tests	2026-10-06T10:44:56.0792409Z             "guard_closed": outcome["guard_closed"],
pytest (3.12)	Run tests	2026-10-06T10:44:56.0792600Z             "cleanup_closed": outcome["closed"],
pytest (3.12)	Run tests	2026-10-06T10:44:56.0792814Z             "cleanup_seconds": outcome["seconds"],
pytest (3.12)	Run tests	2026-10-06T10:44:56.0793067Z             "cleanup_detail": ", ".join(detail) if detail else "ok",
pytest (3.12)	Run tests	2026-10-06T10:44:56.0793296Z             "cleanup_errors": list(outcome["errors"]),
pytest (3.12)	Run tests	2026-10-06T10:44:56.0794819Z             "stderr_digest": self._stderr_digest(),
pytest (3.12)	Run tests	2026-10-06T10:44:56.0794952Z         }
pytest (3.12)	Run tests	2026-10-06T10:44:56.0795100Z         message = (
pytest (3.12)	Run tests	2026-10-06T10:44:56.0795562Z             f"{reason}\uff1b\u6e05\u7406={'converged' if outcome['closed'] else 'retained'}"
pytest (3.12)	Run tests	2026-10-06T10:44:56.0795866Z             f"\uff08{outcome['seconds']}s, pid={self._sidecar_pid}\uff09"
pytest (3.12)	Run tests	2026-10-06T10:44:56.0796048Z         )
pytest (3.12)	Run tests	2026-10-06T10:44:56.0796464Z >       raise EmulatorStartupError(message, owner=owner, residual=residual) from cause
pytest (3.12)	Run tests	2026-10-06T10:44:56.0798029Z E       packages.core.terminal.emulator.EmulatorStartupError: sidecar \u4e0d\u53ef\u7528\uff1adependency-missing:Cannot find package '@xterm/headless' imported from D:\\a\\pan\\pan\\packages\\core\\terminal\\emulator_sidecar\\sidecar.mjs\uff1b\u6e05\u7406=converged\uff080.0s, pid=3344\uff09
pytest (3.12)	Run tests	2026-10-06T10:44:56.0798043Z 
pytest (3.12)	Run tests	2026-10-06T10:44:56.0798360Z packages\core\terminal\emulator.py:904: EmulatorStartupError
pytest (3.12)	Run tests	2026-10-06T10:44:56.0798647Z ___________________ test_engine_op_error_is_sticky_degraded ___________________
pytest (3.12)	Run tests	2026-10-06T10:44:56.0798676Z 
pytest (3.12)	Run tests	2026-10-06T10:44:56.0798984Z emu_factory = <function emu_factory.<locals>.make at 0x000001A8A0542980>
pytest (3.12)	Run tests	2026-10-06T10:44:56.0798993Z 
pytest (3.12)	Run tests	2026-10-06T10:44:56.0799265Z     def test_engine_op_error_is_sticky_degraded(emu_factory):
pytest (3.12)	Run tests	2026-10-06T10:44:56.0799942Z         """feed \u6267\u884c\u5f02\u5e38\u5fc5\u987b sticky \u964d\u7ea7\u4e14\u89e3\u6790\u5faa\u73af\u7ee7\u7eed\uff08\u521d\u7248\u4ec5\u8bb0\u5f55 -> full\uff09\u3002
pytest (3.12)	Run tests	2026-10-06T10:44:56.0800094Z     
pytest (3.12)	Run tests	2026-10-06T10:44:56.0801297Z         r4 \u8bed\u4e49\u9002\u914d\uff1a\u76f8\u90bb\u8fde\u7eed feed \u4f1a\u5408\u5e76\u4e3a\u5355\u5e27\uff0c\u6ce8\u5165\u9519\u8bef\u4f5c\u7528\u4e8e**\u6574\u6279**\uff08\u663e\u5f0f\u5931\u8d25\u3001
pytest (3.12)	Run tests	2026-10-06T10:44:56.0802331Z         \u4e0d\u5047\u6210\u529f\uff09\uff1b\u56e0\u6b64\u7528 barrier \u8ba9\u9519\u8bef\u6279\u5148\u5904\u7406\uff0c\u518d\u7528**\u72ec\u7acb\u6279**\u9a8c\u8bc1"\u5faa\u73af\u7ee7\u7eed"\u3002
pytest (3.12)	Run tests	2026-10-06T10:44:56.0802463Z         """
pytest (3.12)	Run tests	2026-10-06T10:44:56.0802629Z >       emu = emu_factory()
pytest (3.12)	Run tests	2026-10-06T10:44:56.0803122Z               ^^^^^^^^^^^^^
pytest (3.12)	Run tests	2026-10-06T10:44:56.0803132Z 
pytest (3.12)	Run tests	2026-10-06T10:44:56.0803387Z tests\test_terminal_emulator.py:432: 
pytest (3.12)	Run tests	2026-10-06T10:44:56.0803697Z _ _ _ _ _ _ _ _ _ _ _ _ _ _ _ _ _ _ _ _ _ _ _ _ _ _ _ _ _ _ _ _ _ _ _ _ _ _ _ _
pytest (3.12)	Run tests	2026-10-06T10:44:56.0803884Z tests\test_terminal_emulator.py:87: in make
pytest (3.12)	Run tests	2026-10-06T10:44:56.0804069Z     emu = HeadlessEmulator(**kwargs)
pytest (3.12)	Run tests	2026-10-06T10:44:56.0804251Z           ^^^^^^^^^^^^^^^^^^^^^^^^^^
pytest (3.12)	Run tests	2026-10-06T10:44:56.0804827Z packages\core\terminal\emulator.py:747: in __init__
pytest (3.12)	Run tests	2026-10-06T10:44:56.0805039Z     self._spawn_and_handshake()
pytest (3.12)	Run tests	2026-10-06T10:44:56.0805370Z packages\core\terminal\emulator.py:838: in _spawn_and_handshake
pytest (3.12)	Run tests	2026-10-06T10:44:56.0805819Z     self._fail_startup(f"sidecar \u4e0d\u53ef\u7528\uff1a{self._startup_failure}")
pytest (3.12)	Run tests	2026-10-06T10:44:56.0806130Z _ _ _ _ _ _ _ _ _ _ _ _ _ _ _ _ _ _ _ _ _ _ _ _ _ _ _ _ _ _ _ _ _ _ _ _ _ _ _ _
pytest (3.12)	Run tests	2026-10-06T10:44:56.0806235Z 
pytest (3.12)	Run tests	2026-10-06T10:44:56.0806722Z self = <packages.core.terminal.emulator.HeadlessEmulator object at 0x000001A8A04B3170>
pytest (3.12)	Run tests	2026-10-06T10:44:56.0807801Z reason = "sidecar \u4e0d\u53ef\u7528\uff1adependency-missing:Cannot find package '@xterm/headless' imported from D:\\\\a\\\\pan\\\\pan\\\\packages\\\\core\\\\terminal\\\\emulator_sidecar\\\\sidecar.mjs"
pytest (3.12)	Run tests	2026-10-06T10:44:56.0807925Z cause = None
pytest (3.12)	Run tests	2026-10-06T10:44:56.0807945Z 
pytest (3.12)	Run tests	2026-10-06T10:44:56.0808402Z     def _fail_startup(self, reason: str, *, cause: BaseException | None = None) -> NoReturn:
pytest (3.12)	Run tests	2026-10-06T10:44:56.0809179Z         """\u6784\u9020\u5931\u8d25\u7edf\u4e00\u51fa\u53e3\uff1a\u6709\u754c\u6574 Job \u6e05\u7406 + \u643a\u5e26 owner/\u6b8b\u7559\u4fe1\u606f\u7684\u5f02\u5e38\u3002
pytest (3.12)	Run tests	2026-10-06T10:44:56.0809276Z     
pytest (3.12)	Run tests	2026-10-06T10:44:56.0810071Z         \u6e05\u7406\u987a\u5e8f\u4e0e ``close`` \u4e00\u81f4\uff08\u5148\u6e05\u6811 \u2192 join \u7ebf\u7a0b \u2192 \u5173\u6d41 \u2192 guard.close\uff09\uff0c
pytest (3.12)	Run tests	2026-10-06T10:44:56.0811044Z         \u603b\u9884\u7b97\u4e3a ``shutdown_timeout``\uff1b\u5f02\u5e38\u643a\u5e26\u53ef\u91cd\u8bd5 ``owner``\uff08``retry_cleanup``\uff09
pytest (3.12)	Run tests	2026-10-06T10:44:56.0811720Z         \u4e0e ``residual``\uff08pid/\u8eab\u4efd/\u6e05\u7406\u6838\u9a8c/stderr \u6458\u8981\uff09\uff0c\u4e0d\u4ec5\u6587\u672c\u3002
pytest (3.12)	Run tests	2026-10-06T10:44:56.0811821Z         """
pytest (3.12)	Run tests	2026-10-06T10:44:56.0811971Z         detail: list[str] = []
pytest (3.12)	Run tests	2026-10-06T10:44:56.0812130Z         owner = StartupCleanupOwner(
pytest (3.12)	Run tests	2026-10-06T10:44:56.0812246Z             proc=self._proc,
pytest (3.12)	Run tests	2026-10-06T10:44:56.0812383Z             guard=self._guard,
pytest (3.12)	Run tests	2026-10-06T10:44:56.0812509Z             pid=self._sidecar_pid,
pytest (3.12)	Run tests	2026-10-06T10:44:56.0812681Z             identity=self._sidecar_identity,
pytest (3.12)	Run tests	2026-10-06T10:44:56.0812907Z             reader=self._reader_thread,
pytest (3.12)	Run tests	2026-10-06T10:44:56.0813113Z             stderr=self._stderr_thread,
pytest (3.12)	Run tests	2026-10-06T10:44:56.0813338Z             applier=self._applier_thread,
pytest (3.12)	Run tests	2026-10-06T10:44:56.0813550Z             kill_timeout=self._kill_timeout,
pytest (3.12)	Run tests	2026-10-06T10:44:56.0813654Z         )
pytest (3.12)	Run tests	2026-10-06T10:44:56.0813820Z         outcome = _reap_process_resources(
pytest (3.12)	Run tests	2026-10-06T10:44:56.0813950Z             proc=self._proc,
pytest (3.12)	Run tests	2026-10-06T10:44:56.0814078Z             guard=self._guard,
pytest (3.12)	Run tests	2026-10-06T10:44:56.0814206Z             pid=self._sidecar_pid,
pytest (3.12)	Run tests	2026-10-06T10:44:56.0814398Z             identity=self._sidecar_identity,
pytest (3.12)	Run tests	2026-10-06T10:44:56.0814548Z             reader=self._reader_thread,
pytest (3.12)	Run tests	2026-10-06T10:44:56.0814677Z             stderr=self._stderr_thread,
pytest (3.12)	Run tests	2026-10-06T10:44:56.0814845Z             applier=self._applier_thread,
pytest (3.12)	Run tests	2026-10-06T10:44:56.0815004Z             budget=self._shutdown_timeout,
pytest (3.12)	Run tests	2026-10-06T10:44:56.0815141Z             kill_timeout=self._kill_timeout,
pytest (3.12)	Run tests	2026-10-06T10:44:56.0815283Z             detail=detail,
pytest (3.12)	Run tests	2026-10-06T10:44:56.0815468Z         )
pytest (3.12)	Run tests	2026-10-06T10:44:56.0815634Z         residual = {
pytest (3.12)	Run tests	2026-10-06T10:44:56.0815830Z             "reason": reason,
pytest (3.12)	Run tests	2026-10-06T10:44:56.0816040Z             "pid": self._sidecar_pid,
pytest (3.12)	Run tests	2026-10-06T10:44:56.0816239Z             "identity_filetime": (
pytest (3.12)	Run tests	2026-10-06T10:44:56.0816625Z                 str(self._sidecar_identity.created_at_filetime)
pytest (3.12)	Run tests	2026-10-06T10:44:56.0816899Z                 if self._sidecar_identity is not None
pytest (3.12)	Run tests	2026-10-06T10:44:56.0817096Z                 else None
pytest (3.12)	Run tests	2026-10-06T10:44:56.0817219Z             ),
pytest (3.12)	Run tests	2026-10-06T10:44:56.0817404Z             "process_exited": outcome["root_dead"],
pytest (3.12)	Run tests	2026-10-06T10:44:56.0817606Z             "job_verified": outcome["job_verified"],
pytest (3.12)	Run tests	2026-10-06T10:44:56.0817833Z             "guard_closed": outcome["guard_closed"],
pytest (3.12)	Run tests	2026-10-06T10:44:56.0818040Z             "cleanup_closed": outcome["closed"],
pytest (3.12)	Run tests	2026-10-06T10:44:56.0818287Z             "cleanup_seconds": outcome["seconds"],
pytest (3.12)	Run tests	2026-10-06T10:44:56.0818564Z             "cleanup_detail": ", ".join(detail) if detail else "ok",
pytest (3.12)	Run tests	2026-10-06T10:44:56.0818767Z             "cleanup_errors": list(outcome["errors"]),
pytest (3.12)	Run tests	2026-10-06T10:44:56.0818968Z             "stderr_digest": self._stderr_digest(),
pytest (3.12)	Run tests	2026-10-06T10:44:56.0819105Z         }
pytest (3.12)	Run tests	2026-10-06T10:44:56.0819261Z         message = (
pytest (3.12)	Run tests	2026-10-06T10:44:56.0819929Z             f"{reason}\uff1b\u6e05\u7406={'converged' if outcome['closed'] else 'retained'}"
pytest (3.12)	Run tests	2026-10-06T10:44:56.0820234Z             f"\uff08{outcome['seconds']}s, pid={self._sidecar_pid}\uff09"
pytest (3.12)	Run tests	2026-10-06T10:44:56.0820372Z         )
pytest (3.12)	Run tests	2026-10-06T10:44:56.0820790Z >       raise EmulatorStartupError(message, owner=owner, residual=residual) from cause
pytest (3.12)	Run tests	2026-10-06T10:44:56.0822575Z E       packages.core.terminal.emulator.EmulatorStartupError: sidecar \u4e0d\u53ef\u7528\uff1adependency-missing:Cannot find package '@xterm/headless' imported from D:\\a\\pan\\pan\\packages\\core\\terminal\\emulator_sidecar\\sidecar.mjs\uff1b\u6e05\u7406=converged\uff080.016s, pid=8344\uff09
pytest (3.12)	Run tests	2026-10-06T10:44:56.0822603Z 
pytest (3.12)	Run tests	2026-10-06T10:44:56.0822907Z packages\core\terminal\emulator.py:904: EmulatorStartupError
pytest (3.12)	Run tests	2026-10-06T10:44:56.0823294Z _______ test_reset_baseline_uses_execution_position_not_future_frontier _______
pytest (3.12)	Run tests	2026-10-06T10:44:56.0823458Z 
pytest (3.12)	Run tests	2026-10-06T10:44:56.0823825Z emu_factory = <function emu_factory.<locals>.make at 0x000001A8A05418A0>
pytest (3.12)	Run tests	2026-10-06T10:44:56.0823841Z 
pytest (3.12)	Run tests	2026-10-06T10:44:56.0824221Z     def test_reset_baseline_uses_execution_position_not_future_frontier(emu_factory):
pytest (3.12)	Run tests	2026-10-06T10:44:56.0825802Z         """reset \u65b0\u57fa\u7ebf = \u547d\u4ee4\u5b9e\u9645\u6267\u884c\u4f4d\u7f6e\uff0c\u4e0d\u5f97\u8bef\u53d6\u542b future queued feed \u7684\u5168\u5c40 frontier\u3002"""
pytest (3.12)	Run tests	2026-10-06T10:44:56.0826020Z >       emu = emu_factory(control_timeout=15.0)
pytest (3.12)	Run tests	2026-10-06T10:44:56.0826173Z               ^^^^^^^^^^^^^^^^^^^^^^^^^^^^^^^^^
pytest (3.12)	Run tests	2026-10-06T10:44:56.0826181Z 
pytest (3.12)	Run tests	2026-10-06T10:44:56.0826366Z tests\test_terminal_emulator.py:449: 
pytest (3.12)	Run tests	2026-10-06T10:44:56.0826573Z _ _ _ _ _ _ _ _ _ _ _ _ _ _ _ _ _ _ _ _ _ _ _ _ _ _ _ _ _ _ _ _ _ _ _ _ _ _ _ _
pytest (3.12)	Run tests	2026-10-06T10:44:56.0826753Z tests\test_terminal_emulator.py:87: in make
pytest (3.12)	Run tests	2026-10-06T10:44:56.0826881Z     emu = HeadlessEmulator(**kwargs)
pytest (3.12)	Run tests	2026-10-06T10:44:56.0827030Z           ^^^^^^^^^^^^^^^^^^^^^^^^^^
pytest (3.12)	Run tests	2026-10-06T10:44:56.0827217Z packages\core\terminal\emulator.py:747: in __init__
pytest (3.12)	Run tests	2026-10-06T10:44:56.0827367Z     self._spawn_and_handshake()
pytest (3.12)	Run tests	2026-10-06T10:44:56.0827680Z packages\core\terminal\emulator.py:838: in _spawn_and_handshake
pytest (3.12)	Run tests	2026-10-06T10:44:56.0828104Z     self._fail_startup(f"sidecar \u4e0d\u53ef\u7528\uff1a{self._startup_failure}")
pytest (3.12)	Run tests	2026-10-06T10:44:56.0828339Z _ _ _ _ _ _ _ _ _ _ _ _ _ _ _ _ _ _ _ _ _ _ _ _ _ _ _ _ _ _ _ _ _ _ _ _ _ _ _ _
pytest (3.12)	Run tests	2026-10-06T10:44:56.0828348Z 
pytest (3.12)	Run tests	2026-10-06T10:44:56.0828805Z self = <packages.core.terminal.emulator.HeadlessEmulator object at 0x000001A8A055B170>
pytest (3.12)	Run tests	2026-10-06T10:44:56.0829950Z reason = "sidecar \u4e0d\u53ef\u7528\uff1adependency-missing:Cannot find package '@xterm/headless' imported from D:\\\\a\\\\pan\\\\pan\\\\packages\\\\core\\\\terminal\\\\emulator_sidecar\\\\sidecar.mjs"
pytest (3.12)	Run tests	2026-10-06T10:44:56.0830095Z cause = None
pytest (3.12)	Run tests	2026-10-06T10:44:56.0830104Z 
pytest (3.12)	Run tests	2026-10-06T10:44:56.0830520Z     def _fail_startup(self, reason: str, *, cause: BaseException | None = None) -> NoReturn:
pytest (3.12)	Run tests	2026-10-06T10:44:56.0831607Z         """\u6784\u9020\u5931\u8d25\u7edf\u4e00\u51fa\u53e3\uff1a\u6709\u754c\u6574 Job \u6e05\u7406 + \u643a\u5e26 owner/\u6b8b\u7559\u4fe1\u606f\u7684\u5f02\u5e38\u3002
pytest (3.12)	Run tests	2026-10-06T10:44:56.0831749Z     
pytest (3.12)	Run tests	2026-10-06T10:44:56.0832476Z         \u6e05\u7406\u987a\u5e8f\u4e0e ``close`` \u4e00\u81f4\uff08\u5148\u6e05\u6811 \u2192 join \u7ebf\u7a0b \u2192 \u5173\u6d41 \u2192 guard.close\uff09\uff0c
pytest (3.12)	Run tests	2026-10-06T10:44:56.0833106Z         \u603b\u9884\u7b97\u4e3a ``shutdown_timeout``\uff1b\u5f02\u5e38\u643a\u5e26\u53ef\u91cd\u8bd5 ``owner``\uff08``retry_cleanup``\uff09
pytest (3.12)	Run tests	2026-10-06T10:44:56.0833698Z         \u4e0e ``residual``\uff08pid/\u8eab\u4efd/\u6e05\u7406\u6838\u9a8c/stderr \u6458\u8981\uff09\uff0c\u4e0d\u4ec5\u6587\u672c\u3002
pytest (3.12)	Run tests	2026-10-06T10:44:56.0833802Z         """
pytest (3.12)	Run tests	2026-10-06T10:44:56.0833941Z         detail: list[str] = []
pytest (3.12)	Run tests	2026-10-06T10:44:56.0834117Z         owner = StartupCleanupOwner(
pytest (3.12)	Run tests	2026-10-06T10:44:56.0834288Z             proc=self._proc,
pytest (3.12)	Run tests	2026-10-06T10:44:56.0834420Z             guard=self._guard,
pytest (3.12)	Run tests	2026-10-06T10:44:56.0834589Z             pid=self._sidecar_pid,
pytest (3.12)	Run tests	2026-10-06T10:44:56.0834775Z             identity=self._sidecar_identity,
pytest (3.12)	Run tests	2026-10-06T10:44:56.0834932Z             reader=self._reader_thread,
pytest (3.12)	Run tests	2026-10-06T10:44:56.0835065Z             stderr=self._stderr_thread,
pytest (3.12)	Run tests	2026-10-06T10:44:56.0835215Z             applier=self._applier_thread,
pytest (3.12)	Run tests	2026-10-06T10:44:56.0835387Z             kill_timeout=self._kill_timeout,
pytest (3.12)	Run tests	2026-10-06T10:44:56.0835519Z         )
pytest (3.12)	Run tests	2026-10-06T10:44:56.0835691Z         outcome = _reap_process_resources(
pytest (3.12)	Run tests	2026-10-06T10:44:56.0835844Z             proc=self._proc,
pytest (3.12)	Run tests	2026-10-06T10:44:56.0836027Z             guard=self._guard,
pytest (3.12)	Run tests	2026-10-06T10:44:56.0836194Z             pid=self._sidecar_pid,
pytest (3.12)	Run tests	2026-10-06T10:44:56.0836413Z             identity=self._sidecar_identity,
pytest (3.12)	Run tests	2026-10-06T10:44:56.0836608Z             reader=self._reader_thread,
pytest (3.12)	Run tests	2026-10-06T10:44:56.0836772Z             stderr=self._stderr_thread,
pytest (3.12)	Run tests	2026-10-06T10:44:56.0837039Z             applier=self._applier_thread,
pytest (3.12)	Run tests	2026-10-06T10:44:56.0837190Z             budget=self._shutdown_timeout,
pytest (3.12)	Run tests	2026-10-06T10:44:56.0837374Z             kill_timeout=self._kill_timeout,
pytest (3.12)	Run tests	2026-10-06T10:44:56.0837522Z             detail=detail,
pytest (3.12)	Run tests	2026-10-06T10:44:56.0837643Z         )
pytest (3.12)	Run tests	2026-10-06T10:44:56.0837770Z         residual = {
pytest (3.12)	Run tests	2026-10-06T10:44:56.0837928Z             "reason": reason,
pytest (3.12)	Run tests	2026-10-06T10:44:56.0838082Z             "pid": self._sidecar_pid,
pytest (3.12)	Run tests	2026-10-06T10:44:56.0838211Z             "identity_filetime": (
pytest (3.12)	Run tests	2026-10-06T10:44:56.0838446Z                 str(self._sidecar_identity.created_at_filetime)
pytest (3.12)	Run tests	2026-10-06T10:44:56.0838631Z                 if self._sidecar_identity is not None
pytest (3.12)	Run tests	2026-10-06T10:44:56.0838802Z                 else None
pytest (3.12)	Run tests	2026-10-06T10:44:56.0838990Z             ),
pytest (3.12)	Run tests	2026-10-06T10:44:56.0839187Z             "process_exited": outcome["root_dead"],
pytest (3.12)	Run tests	2026-10-06T10:44:56.0839448Z             "job_verified": outcome["job_verified"],
pytest (3.12)	Run tests	2026-10-06T10:44:56.0839669Z             "guard_closed": outcome["guard_closed"],
pytest (3.12)	Run tests	2026-10-06T10:44:56.0839897Z             "cleanup_closed": outcome["closed"],
pytest (3.12)	Run tests	2026-10-06T10:44:56.0840102Z             "cleanup_seconds": outcome["seconds"],
pytest (3.12)	Run tests	2026-10-06T10:44:56.0840358Z             "cleanup_detail": ", ".join(detail) if detail else "ok",
pytest (3.12)	Run tests	2026-10-06T10:44:56.0840549Z             "cleanup_errors": list(outcome["errors"]),
pytest (3.12)	Run tests	2026-10-06T10:44:56.0840733Z             "stderr_digest": self._stderr_digest(),
pytest (3.12)	Run tests	2026-10-06T10:44:56.0840872Z         }
pytest (3.12)	Run tests	2026-10-06T10:44:56.0840998Z         message = (
pytest (3.12)	Run tests	2026-10-06T10:44:56.0841370Z             f"{reason}\uff1b\u6e05\u7406={'converged' if outcome['closed'] else 'retained'}"
pytest (3.12)	Run tests	2026-10-06T10:44:56.0841671Z             f"\uff08{outcome['seconds']}s, pid={self._sidecar_pid}\uff09"
pytest (3.12)	Run tests	2026-10-06T10:44:56.0841825Z         )
pytest (3.12)	Run tests	2026-10-06T10:44:56.0842199Z >       raise EmulatorStartupError(message, owner=owner, residual=residual) from cause
pytest (3.12)	Run tests	2026-10-06T10:44:56.0843773Z E       packages.core.terminal.emulator.EmulatorStartupError: sidecar \u4e0d\u53ef\u7528\uff1adependency-missing:Cannot find package '@xterm/headless' imported from D:\\a\\pan\\pan\\packages\\core\\terminal\\emulator_sidecar\\sidecar.mjs\uff1b\u6e05\u7406=converged\uff080.016s, pid=2880\uff09
pytest (3.12)	Run tests	2026-10-06T10:44:56.0844603Z 
pytest (3.12)	Run tests	2026-10-06T10:44:56.0845173Z packages\core\terminal\emulator.py:904: EmulatorStartupError
pytest (3.12)	Run tests	2026-10-06T10:44:56.0845468Z _______________ test_reset_clears_old_gap_and_never_fakes_full ________________
pytest (3.12)	Run tests	2026-10-06T10:44:56.0845477Z 
pytest (3.12)	Run tests	2026-10-06T10:44:56.0845807Z emu_factory = <function emu_factory.<locals>.make at 0x000001A8A0541760>
pytest (3.12)	Run tests	2026-10-06T10:44:56.0845817Z 
pytest (3.12)	Run tests	2026-10-06T10:44:56.0846098Z     def test_reset_clears_old_gap_and_never_fakes_full(emu_factory):
pytest (3.12)	Run tests	2026-10-06T10:44:56.0846705Z         """reset \u540e\u65e7 gap \u4e0d\u5f97\u6c38\u4e45\u6c61\u67d3 cursor\uff1b\u4f46 reset \u4e5f\u4e0d\u5047\u6062\u590d full\u3002"""
pytest (3.12)	Run tests	2026-10-06T10:44:56.0846908Z >       emu = emu_factory(control_timeout=15.0)
pytest (3.12)	Run tests	2026-10-06T10:44:56.0847037Z               ^^^^^^^^^^^^^^^^^^^^^^^^^^^^^^^^^
pytest (3.12)	Run tests	2026-10-06T10:44:56.0847083Z 
pytest (3.12)	Run tests	2026-10-06T10:44:56.0847261Z tests\test_terminal_emulator.py:474: 
pytest (3.12)	Run tests	2026-10-06T10:44:56.0847559Z _ _ _ _ _ _ _ _ _ _ _ _ _ _ _ _ _ _ _ _ _ _ _ _ _ _ _ _ _ _ _ _ _ _ _ _ _ _ _ _
pytest (3.12)	Run tests	2026-10-06T10:44:56.0847742Z tests\test_terminal_emulator.py:87: in make
pytest (3.12)	Run tests	2026-10-06T10:44:56.0847994Z     emu = HeadlessEmulator(**kwargs)
pytest (3.12)	Run tests	2026-10-06T10:44:56.0848110Z           ^^^^^^^^^^^^^^^^^^^^^^^^^^
pytest (3.12)	Run tests	2026-10-06T10:44:56.0848300Z packages\core\terminal\emulator.py:747: in __init__
pytest (3.12)	Run tests	2026-10-06T10:44:56.0848465Z     self._spawn_and_handshake()
pytest (3.12)	Run tests	2026-10-06T10:44:56.0848761Z packages\core\terminal\emulator.py:838: in _spawn_and_handshake
pytest (3.12)	Run tests	2026-10-06T10:44:56.0849107Z     self._fail_startup(f"sidecar \u4e0d\u53ef\u7528\uff1a{self._startup_failure}")
pytest (3.12)	Run tests	2026-10-06T10:44:56.0849325Z _ _ _ _ _ _ _ _ _ _ _ _ _ _ _ _ _ _ _ _ _ _ _ _ _ _ _ _ _ _ _ _ _ _ _ _ _ _ _ _
pytest (3.12)	Run tests	2026-10-06T10:44:56.0849333Z 
pytest (3.12)	Run tests	2026-10-06T10:44:56.0849731Z self = <packages.core.terminal.emulator.HeadlessEmulator object at 0x000001A89AA3D6A0>
pytest (3.12)	Run tests	2026-10-06T10:44:56.0850887Z reason = "sidecar \u4e0d\u53ef\u7528\uff1adependency-missing:Cannot find package '@xterm/headless' imported from D:\\\\a\\\\pan\\\\pan\\\\packages\\\\core\\\\terminal\\\\emulator_sidecar\\\\sidecar.mjs"
pytest (3.12)	Run tests	2026-10-06T10:44:56.0851010Z cause = None
pytest (3.12)	Run tests	2026-10-06T10:44:56.0851022Z 
pytest (3.12)	Run tests	2026-10-06T10:44:56.0851399Z     def _fail_startup(self, reason: str, *, cause: BaseException | None = None) -> NoReturn:
pytest (3.12)	Run tests	2026-10-06T10:44:56.0852172Z         """\u6784\u9020\u5931\u8d25\u7edf\u4e00\u51fa\u53e3\uff1a\u6709\u754c\u6574 Job \u6e05\u7406 + \u643a\u5e26 owner/\u6b8b\u7559\u4fe1\u606f\u7684\u5f02\u5e38\u3002
pytest (3.12)	Run tests	2026-10-06T10:44:56.0852280Z     
pytest (3.12)	Run tests	2026-10-06T10:44:56.0852983Z         \u6e05\u7406\u987a\u5e8f\u4e0e ``close`` \u4e00\u81f4\uff08\u5148\u6e05\u6811 \u2192 join \u7ebf\u7a0b \u2192 \u5173\u6d41 \u2192 guard.close\uff09\uff0c
pytest (3.12)	Run tests	2026-10-06T10:44:56.0853587Z         \u603b\u9884\u7b97\u4e3a ``shutdown_timeout``\uff1b\u5f02\u5e38\u643a\u5e26\u53ef\u91cd\u8bd5 ``owner``\uff08``retry_cleanup``\uff09
pytest (3.12)	Run tests	2026-10-06T10:44:56.0854253Z         \u4e0e ``residual``\uff08pid/\u8eab\u4efd/\u6e05\u7406\u6838\u9a8c/stderr \u6458\u8981\uff09\uff0c\u4e0d\u4ec5\u6587\u672c\u3002
pytest (3.12)	Run tests	2026-10-06T10:44:56.0854354Z         """
pytest (3.12)	Run tests	2026-10-06T10:44:56.0854503Z         detail: list[str] = []
pytest (3.12)	Run tests	2026-10-06T10:44:56.0854682Z         owner = StartupCleanupOwner(
pytest (3.12)	Run tests	2026-10-06T10:44:56.0854839Z             proc=self._proc,
pytest (3.12)	Run tests	2026-10-06T10:44:56.0854971Z             guard=self._guard,
pytest (3.12)	Run tests	2026-10-06T10:44:56.0855101Z             pid=self._sidecar_pid,
pytest (3.12)	Run tests	2026-10-06T10:44:56.0855277Z             identity=self._sidecar_identity,
pytest (3.12)	Run tests	2026-10-06T10:44:56.0855421Z             reader=self._reader_thread,
pytest (3.12)	Run tests	2026-10-06T10:44:56.0855573Z             stderr=self._stderr_thread,
pytest (3.12)	Run tests	2026-10-06T10:44:56.0855760Z             applier=self._applier_thread,
pytest (3.12)	Run tests	2026-10-06T10:44:56.0855998Z             kill_timeout=self._kill_timeout,
pytest (3.12)	Run tests	2026-10-06T10:44:56.0856120Z         )
pytest (3.12)	Run tests	2026-10-06T10:44:56.0856283Z         outcome = _reap_process_resources(
pytest (3.12)	Run tests	2026-10-06T10:44:56.0856430Z             proc=self._proc,
pytest (3.12)	Run tests	2026-10-06T10:44:56.0857145Z             guard=self._guard,
pytest (3.12)	Run tests	2026-10-06T10:44:56.0857320Z             pid=self._sidecar_pid,
pytest (3.12)	Run tests	2026-10-06T10:44:56.0857477Z             identity=self._sidecar_identity,
pytest (3.12)	Run tests	2026-10-06T10:44:56.0857628Z             reader=self._reader_thread,
pytest (3.12)	Run tests	2026-10-06T10:44:56.0857799Z             stderr=self._stderr_thread,
pytest (3.12)	Run tests	2026-10-06T10:44:56.0857948Z             applier=self._applier_thread,
pytest (3.12)	Run tests	2026-10-06T10:44:56.0858104Z             budget=self._shutdown_timeout,
pytest (3.12)	Run tests	2026-10-06T10:44:56.0858276Z             kill_timeout=self._kill_timeout,
pytest (3.12)	Run tests	2026-10-06T10:44:56.0858389Z             detail=detail,
pytest (3.12)	Run tests	2026-10-06T10:44:56.0858473Z         )
pytest (3.12)	Run tests	2026-10-06T10:44:56.0858592Z         residual = {
pytest (3.12)	Run tests	2026-10-06T10:44:56.0858717Z             "reason": reason,
pytest (3.12)	Run tests	2026-10-06T10:44:56.0858888Z             "pid": self._sidecar_pid,
pytest (3.12)	Run tests	2026-10-06T10:44:56.0859020Z             "identity_filetime": (
pytest (3.12)	Run tests	2026-10-06T10:44:56.0859220Z                 str(self._sidecar_identity.created_at_filetime)
pytest (3.12)	Run tests	2026-10-06T10:44:56.0859411Z                 if self._sidecar_identity is not None
pytest (3.12)	Run tests	2026-10-06T10:44:56.0859519Z                 else None
pytest (3.12)	Run tests	2026-10-06T10:44:56.0859653Z             ),
pytest (3.12)	Run tests	2026-10-06T10:44:56.0859836Z             "process_exited": outcome["root_dead"],
pytest (3.12)	Run tests	2026-10-06T10:44:56.0860018Z             "job_verified": outcome["job_verified"],
pytest (3.12)	Run tests	2026-10-06T10:44:56.0860180Z             "guard_closed": outcome["guard_closed"],
pytest (3.12)	Run tests	2026-10-06T10:44:56.0860349Z             "cleanup_closed": outcome["closed"],
pytest (3.12)	Run tests	2026-10-06T10:44:56.0860514Z             "cleanup_seconds": outcome["seconds"],
pytest (3.12)	Run tests	2026-10-06T10:44:56.0860752Z             "cleanup_detail": ", ".join(detail) if detail else "ok",
pytest (3.12)	Run tests	2026-10-06T10:44:56.0860971Z             "cleanup_errors": list(outcome["errors"]),
pytest (3.12)	Run tests	2026-10-06T10:44:56.0861134Z             "stderr_digest": self._stderr_digest(),
pytest (3.12)	Run tests	2026-10-06T10:44:56.0861260Z         }
pytest (3.12)	Run tests	2026-10-06T10:44:56.0861416Z         message = (
pytest (3.12)	Run tests	2026-10-06T10:44:56.0861936Z             f"{reason}\uff1b\u6e05\u7406={'converged' if outcome['closed'] else 'retained'}"
pytest (3.12)	Run tests	2026-10-06T10:44:56.0862217Z             f"\uff08{outcome['seconds']}s, pid={self._sidecar_pid}\uff09"
pytest (3.12)	Run tests	2026-10-06T10:44:56.0862329Z         )
pytest (3.12)	Run tests	2026-10-06T10:44:56.0862813Z >       raise EmulatorStartupError(message, owner=owner, residual=residual) from cause
pytest (3.12)	Run tests	2026-10-06T10:44:56.0864384Z E       packages.core.terminal.emulator.EmulatorStartupError: sidecar \u4e0d\u53ef\u7528\uff1adependency-missing:Cannot find package '@xterm/headless' imported from D:\\a\\pan\\pan\\packages\\core\\terminal\\emulator_sidecar\\sidecar.mjs\uff1b\u6e05\u7406=converged\uff080.0s, pid=3568\uff09
pytest (3.12)	Run tests	2026-10-06T10:44:56.0864433Z 
pytest (3.12)	Run tests	2026-10-06T10:44:56.0864722Z packages\core\terminal\emulator.py:904: EmulatorStartupError
pytest (3.12)	Run tests	2026-10-06T10:44:56.0865346Z ________________ test_duplicate_feed_bytes_not_double_consumed ________________
pytest (3.12)	Run tests	2026-10-06T10:44:56.0865367Z 
pytest (3.12)	Run tests	2026-10-06T10:44:56.0865682Z emu_factory = <function emu_factory.<locals>.make at 0x000001A8A05423E0>
pytest (3.12)	Run tests	2026-10-06T10:44:56.0865698Z 
pytest (3.12)	Run tests	2026-10-06T10:44:56.0865971Z     def test_duplicate_feed_bytes_not_double_consumed(emu_factory):
pytest (3.12)	Run tests	2026-10-06T10:44:56.0866119Z >       emu = emu_factory()
pytest (3.12)	Run tests	2026-10-06T10:44:56.0866241Z               ^^^^^^^^^^^^^
pytest (3.12)	Run tests	2026-10-06T10:44:56.0866251Z 
pytest (3.12)	Run tests	2026-10-06T10:44:56.0866412Z tests\test_terminal_emulator.py:489: 
pytest (3.12)	Run tests	2026-10-06T10:44:56.0866639Z _ _ _ _ _ _ _ _ _ _ _ _ _ _ _ _ _ _ _ _ _ _ _ _ _ _ _ _ _ _ _ _ _ _ _ _ _ _ _ _
pytest (3.12)	Run tests	2026-10-06T10:44:56.0866835Z tests\test_terminal_emulator.py:87: in make
pytest (3.12)	Run tests	2026-10-06T10:44:56.0867026Z     emu = HeadlessEmulator(**kwargs)
pytest (3.12)	Run tests	2026-10-06T10:44:56.0867157Z           ^^^^^^^^^^^^^^^^^^^^^^^^^^
pytest (3.12)	Run tests	2026-10-06T10:44:56.0867351Z packages\core\terminal\emulator.py:747: in __init__
pytest (3.12)	Run tests	2026-10-06T10:44:56.0867494Z     self._spawn_and_handshake()
pytest (3.12)	Run tests	2026-10-06T10:44:56.0867766Z packages\core\terminal\emulator.py:838: in _spawn_and_handshake
pytest (3.12)	Run tests	2026-10-06T10:44:56.0868102Z     self._fail_startup(f"sidecar \u4e0d\u53ef\u7528\uff1a{self._startup_failure}")
pytest (3.12)	Run tests	2026-10-06T10:44:56.0868310Z _ _ _ _ _ _ _ _ _ _ _ _ _ _ _ _ _ _ _ _ _ _ _ _ _ _ _ _ _ _ _ _ _ _ _ _ _ _ _ _
pytest (3.12)	Run tests	2026-10-06T10:44:56.0868861Z 
pytest (3.12)	Run tests	2026-10-06T10:44:56.0869302Z self = <packages.core.terminal.emulator.HeadlessEmulator object at 0x000001A8A0558680>
pytest (3.12)	Run tests	2026-10-06T10:44:56.0870316Z reason = "sidecar \u4e0d\u53ef\u7528\uff1adependency-missing:Cannot find package '@xterm/headless' imported from D:\\\\a\\\\pan\\\\pan\\\\packages\\\\core\\\\terminal\\\\emulator_sidecar\\\\sidecar.mjs"
pytest (3.12)	Run tests	2026-10-06T10:44:56.0870443Z cause = None
pytest (3.12)	Run tests	2026-10-06T10:44:56.0870453Z 
pytest (3.12)	Run tests	2026-10-06T10:44:56.0870865Z     def _fail_startup(self, reason: str, *, cause: BaseException | None = None) -> NoReturn:
pytest (3.12)	Run tests	2026-10-06T10:44:56.0871561Z         """\u6784\u9020\u5931\u8d25\u7edf\u4e00\u51fa\u53e3\uff1a\u6709\u754c\u6574 Job \u6e05\u7406 + \u643a\u5e26 owner/\u6b8b\u7559\u4fe1\u606f\u7684\u5f02\u5e38\u3002
pytest (3.12)	Run tests	2026-10-06T10:44:56.0871687Z     
pytest (3.12)	Run tests	2026-10-06T10:44:56.0872479Z         \u6e05\u7406\u987a\u5e8f\u4e0e ``close`` \u4e00\u81f4\uff08\u5148\u6e05\u6811 \u2192 join \u7ebf\u7a0b \u2192 \u5173\u6d41 \u2192 guard.close\uff09\uff0c
pytest (3.12)	Run tests	2026-10-06T10:44:56.0873090Z         \u603b\u9884\u7b97\u4e3a ``shutdown_timeout``\uff1b\u5f02\u5e38\u643a\u5e26\u53ef\u91cd\u8bd5 ``owner``\uff08``retry_cleanup``\uff09
pytest (3.12)	Run tests	2026-10-06T10:44:56.0873636Z         \u4e0e ``residual``\uff08pid/\u8eab\u4efd/\u6e05\u7406\u6838\u9a8c/stderr \u6458\u8981\uff09\uff0c\u4e0d\u4ec5\u6587\u672c\u3002
pytest (3.12)	Run tests	2026-10-06T10:44:56.0873741Z         """
pytest (3.12)	Run tests	2026-10-06T10:44:56.0873888Z         detail: list[str] = []
pytest (3.12)	Run tests	2026-10-06T10:44:56.0874021Z         owner = StartupCleanupOwner(
pytest (3.12)	Run tests	2026-10-06T10:44:56.0874164Z             proc=self._proc,
pytest (3.12)	Run tests	2026-10-06T10:44:56.0874301Z             guard=self._guard,
pytest (3.12)	Run tests	2026-10-06T10:44:56.0874446Z             pid=self._sidecar_pid,
pytest (3.12)	Run tests	2026-10-06T10:44:56.0874597Z             identity=self._sidecar_identity,
pytest (3.12)	Run tests	2026-10-06T10:44:56.0874727Z             reader=self._reader_thread,
pytest (3.12)	Run tests	2026-10-06T10:44:56.0874913Z             stderr=self._stderr_thread,
pytest (3.12)	Run tests	2026-10-06T10:44:56.0875192Z             applier=self._applier_thread,
pytest (3.12)	Run tests	2026-10-06T10:44:56.0875363Z             kill_timeout=self._kill_timeout,
pytest (3.12)	Run tests	2026-10-06T10:44:56.0875483Z         )
pytest (3.12)	Run tests	2026-10-06T10:44:56.0875642Z         outcome = _reap_process_resources(
pytest (3.12)	Run tests	2026-10-06T10:44:56.0875778Z             proc=self._proc,
pytest (3.12)	Run tests	2026-10-06T10:44:56.0875912Z             guard=self._guard,
pytest (3.12)	Run tests	2026-10-06T10:44:56.0876091Z             pid=self._sidecar_pid,
pytest (3.12)	Run tests	2026-10-06T10:44:56.0876225Z             identity=self._sidecar_identity,
pytest (3.12)	Run tests	2026-10-06T10:44:56.0876365Z             reader=self._reader_thread,
pytest (3.12)	Run tests	2026-10-06T10:44:56.0876526Z             stderr=self._stderr_thread,
pytest (3.12)	Run tests	2026-10-06T10:44:56.0876692Z             applier=self._applier_thread,
pytest (3.12)	Run tests	2026-10-06T10:44:56.0876854Z             budget=self._shutdown_timeout,
pytest (3.12)	Run tests	2026-10-06T10:44:56.0877008Z             kill_timeout=self._kill_timeout,
pytest (3.12)	Run tests	2026-10-06T10:44:56.0877144Z             detail=detail,
pytest (3.12)	Run tests	2026-10-06T10:44:56.0877230Z         )
pytest (3.12)	Run tests	2026-10-06T10:44:56.0877338Z         residual = {
pytest (3.12)	Run tests	2026-10-06T10:44:56.0877444Z             "reason": reason,
pytest (3.12)	Run tests	2026-10-06T10:44:56.0877588Z             "pid": self._sidecar_pid,
pytest (3.12)	Run tests	2026-10-06T10:44:56.0877710Z             "identity_filetime": (
pytest (3.12)	Run tests	2026-10-06T10:44:56.0877899Z                 str(self._sidecar_identity.created_at_filetime)
pytest (3.12)	Run tests	2026-10-06T10:44:56.0878046Z                 if self._sidecar_identity is not None
pytest (3.12)	Run tests	2026-10-06T10:44:56.0878175Z                 else None
pytest (3.12)	Run tests	2026-10-06T10:44:56.0878276Z             ),
pytest (3.12)	Run tests	2026-10-06T10:44:56.0878474Z             "process_exited": outcome["root_dead"],
pytest (3.12)	Run tests	2026-10-06T10:44:56.0878685Z             "job_verified": outcome["job_verified"],
pytest (3.12)	Run tests	2026-10-06T10:44:56.0878855Z             "guard_closed": outcome["guard_closed"],
pytest (3.12)	Run tests	2026-10-06T10:44:56.0879034Z             "cleanup_closed": outcome["closed"],
pytest (3.12)	Run tests	2026-10-06T10:44:56.0879220Z             "cleanup_seconds": outcome["seconds"],
pytest (3.12)	Run tests	2026-10-06T10:44:56.0879533Z             "cleanup_detail": ", ".join(detail) if detail else "ok",
pytest (3.12)	Run tests	2026-10-06T10:44:56.0879762Z             "cleanup_errors": list(outcome["errors"]),
pytest (3.12)	Run tests	2026-10-06T10:44:56.0880398Z             "stderr_digest": self._stderr_digest(),
pytest (3.12)	Run tests	2026-10-06T10:44:56.0880487Z         }
pytest (3.12)	Run tests	2026-10-06T10:44:56.0880590Z         message = (
pytest (3.12)	Run tests	2026-10-06T10:44:56.0880915Z             f"{reason}\uff1b\u6e05\u7406={'converged' if outcome['closed'] else 'retained'}"
pytest (3.12)	Run tests	2026-10-06T10:44:56.0881179Z             f"\uff08{outcome['seconds']}s, pid={self._sidecar_pid}\uff09"
pytest (3.12)	Run tests	2026-10-06T10:44:56.0881297Z         )
pytest (3.12)	Run tests	2026-10-06T10:44:56.0881638Z >       raise EmulatorStartupError(message, owner=owner, residual=residual) from cause
pytest (3.12)	Run tests	2026-10-06T10:44:56.0883233Z E       packages.core.terminal.emulator.EmulatorStartupError: sidecar \u4e0d\u53ef\u7528\uff1adependency-missing:Cannot find package '@xterm/headless' imported from D:\\a\\pan\\pan\\packages\\core\\terminal\\emulator_sidecar\\sidecar.mjs\uff1b\u6e05\u7406=converged\uff080.015s, pid=4184\uff09
pytest (3.12)	Run tests	2026-10-06T10:44:56.0883244Z 
pytest (3.12)	Run tests	2026-10-06T10:44:56.0883494Z packages\core\terminal\emulator.py:904: EmulatorStartupError
pytest (3.12)	Run tests	2026-10-06T10:44:56.0883793Z ______________ test_sidecar_crash_is_visible_and_close_converges ______________
pytest (3.12)	Run tests	2026-10-06T10:44:56.0883816Z 
pytest (3.12)	Run tests	2026-10-06T10:44:56.0884136Z emu_factory = <function emu_factory.<locals>.make at 0x000001A8A0541F80>
pytest (3.12)	Run tests	2026-10-06T10:44:56.0884144Z 
pytest (3.12)	Run tests	2026-10-06T10:44:56.0884505Z     def test_sidecar_crash_is_visible_and_close_converges(emu_factory):
pytest (3.12)	Run tests	2026-10-06T10:44:56.0884661Z >       emu = emu_factory()
pytest (3.12)	Run tests	2026-10-06T10:44:56.0884856Z               ^^^^^^^^^^^^^
pytest (3.12)	Run tests	2026-10-06T10:44:56.0884865Z 
pytest (3.12)	Run tests	2026-10-06T10:44:56.0885077Z tests\test_terminal_emulator.py:505: 
pytest (3.12)	Run tests	2026-10-06T10:44:56.0885550Z _ _ _ _ _ _ _ _ _ _ _ _ _ _ _ _ _ _ _ _ _ _ _ _ _ _ _ _ _ _ _ _ _ _ _ _ _ _ _ _
pytest (3.12)	Run tests	2026-10-06T10:44:56.0885743Z tests\test_terminal_emulator.py:87: in make
pytest (3.12)	Run tests	2026-10-06T10:44:56.0885868Z     emu = HeadlessEmulator(**kwargs)
pytest (3.12)	Run tests	2026-10-06T10:44:56.0885970Z           ^^^^^^^^^^^^^^^^^^^^^^^^^^
pytest (3.12)	Run tests	2026-10-06T10:44:56.0886123Z packages\core\terminal\emulator.py:747: in __init__
pytest (3.12)	Run tests	2026-10-06T10:44:56.0886709Z     self._spawn_and_handshake()
pytest (3.12)	Run tests	2026-10-06T10:44:56.0886990Z packages\core\terminal\emulator.py:838: in _spawn_and_handshake
pytest (3.12)	Run tests	2026-10-06T10:44:56.0887292Z     self._fail_startup(f"sidecar \u4e0d\u53ef\u7528\uff1a{self._startup_failure}")
pytest (3.12)	Run tests	2026-10-06T10:44:56.0887510Z _ _ _ _ _ _ _ _ _ _ _ _ _ _ _ _ _ _ _ _ _ _ _ _ _ _ _ _ _ _ _ _ _ _ _ _ _ _ _ _
pytest (3.12)	Run tests	2026-10-06T10:44:56.0887521Z 
pytest (3.12)	Run tests	2026-10-06T10:44:56.0887934Z self = <packages.core.terminal.emulator.HeadlessEmulator object at 0x000001A8A0559370>
pytest (3.12)	Run tests	2026-10-06T10:44:56.0888947Z reason = "sidecar \u4e0d\u53ef\u7528\uff1adependency-missing:Cannot find package '@xterm/headless' imported from D:\\\\a\\\\pan\\\\pan\\\\packages\\\\core\\\\terminal\\\\emulator_sidecar\\\\sidecar.mjs"
pytest (3.12)	Run tests	2026-10-06T10:44:56.0889052Z cause = None
pytest (3.12)	Run tests	2026-10-06T10:44:56.0889060Z 
pytest (3.12)	Run tests	2026-10-06T10:44:56.0889410Z     def _fail_startup(self, reason: str, *, cause: BaseException | None = None) -> NoReturn:
pytest (3.12)	Run tests	2026-10-06T10:44:56.0890109Z         """\u6784\u9020\u5931\u8d25\u7edf\u4e00\u51fa\u53e3\uff1a\u6709\u754c\u6574 Job \u6e05\u7406 + \u643a\u5e26 owner/\u6b8b\u7559\u4fe1\u606f\u7684\u5f02\u5e38\u3002
pytest (3.12)	Run tests	2026-10-06T10:44:56.0890225Z     
pytest (3.12)	Run tests	2026-10-06T10:44:56.0890928Z         \u6e05\u7406\u987a\u5e8f\u4e0e ``close`` \u4e00\u81f4\uff08\u5148\u6e05\u6811 \u2192 join \u7ebf\u7a0b \u2192 \u5173\u6d41 \u2192 guard.close\uff09\uff0c
pytest (3.12)	Run tests	2026-10-06T10:44:56.0891556Z         \u603b\u9884\u7b97\u4e3a ``shutdown_timeout``\uff1b\u5f02\u5e38\u643a\u5e26\u53ef\u91cd\u8bd5 ``owner``\uff08``retry_cleanup``\uff09
pytest (3.12)	Run tests	2026-10-06T10:44:56.0892185Z         \u4e0e ``residual``\uff08pid/\u8eab\u4efd/\u6e05\u7406\u6838\u9a8c/stderr \u6458\u8981\uff09\uff0c\u4e0d\u4ec5\u6587\u672c\u3002
pytest (3.12)	Run tests	2026-10-06T10:44:56.0892309Z         """
pytest (3.12)	Run tests	2026-10-06T10:44:56.0892453Z         detail: list[str] = []
pytest (3.12)	Run tests	2026-10-06T10:44:56.0892607Z         owner = StartupCleanupOwner(
pytest (3.12)	Run tests	2026-10-06T10:44:56.0892740Z             proc=self._proc,
pytest (3.12)	Run tests	2026-10-06T10:44:56.0892925Z             guard=self._guard,
pytest (3.12)	Run tests	2026-10-06T10:44:56.0893085Z             pid=self._sidecar_pid,
pytest (3.12)	Run tests	2026-10-06T10:44:56.0893227Z             identity=self._sidecar_identity,
pytest (3.12)	Run tests	2026-10-06T10:44:56.0893871Z             reader=self._reader_thread,
pytest (3.12)	Run tests	2026-10-06T10:44:56.0894004Z             stderr=self._stderr_thread,
pytest (3.12)	Run tests	2026-10-06T10:44:56.0894164Z             applier=self._applier_thread,
pytest (3.12)	Run tests	2026-10-06T10:44:56.0894310Z             kill_timeout=self._kill_timeout,
pytest (3.12)	Run tests	2026-10-06T10:44:56.0894416Z         )
pytest (3.12)	Run tests	2026-10-06T10:44:56.0894586Z         outcome = _reap_process_resources(
pytest (3.12)	Run tests	2026-10-06T10:44:56.0894699Z             proc=self._proc,
pytest (3.12)	Run tests	2026-10-06T10:44:56.0894832Z             guard=self._guard,
pytest (3.12)	Run tests	2026-10-06T10:44:56.0894966Z             pid=self._sidecar_pid,
pytest (3.12)	Run tests	2026-10-06T10:44:56.0895157Z             identity=self._sidecar_identity,
pytest (3.12)	Run tests	2026-10-06T10:44:56.0895352Z             reader=self._reader_thread,
pytest (3.12)	Run tests	2026-10-06T10:44:56.0895543Z             stderr=self._stderr_thread,
pytest (3.12)	Run tests	2026-10-06T10:44:56.0895708Z             applier=self._applier_thread,
pytest (3.12)	Run tests	2026-10-06T10:44:56.0895854Z             budget=self._shutdown_timeout,
pytest (3.12)	Run tests	2026-10-06T10:44:56.0896049Z             kill_timeout=self._kill_timeout,
pytest (3.12)	Run tests	2026-10-06T10:44:56.0896206Z             detail=detail,
pytest (3.12)	Run tests	2026-10-06T10:44:56.0896370Z         )
pytest (3.12)	Run tests	2026-10-06T10:44:56.0896507Z         residual = {
pytest (3.12)	Run tests	2026-10-06T10:44:56.0896669Z             "reason": reason,
pytest (3.12)	Run tests	2026-10-06T10:44:56.0896827Z             "pid": self._sidecar_pid,
pytest (3.12)	Run tests	2026-10-06T10:44:56.0896982Z             "identity_filetime": (
pytest (3.12)	Run tests	2026-10-06T10:44:56.0897252Z                 str(self._sidecar_identity.created_at_filetime)
pytest (3.12)	Run tests	2026-10-06T10:44:56.0897463Z                 if self._sidecar_identity is not None
pytest (3.12)	Run tests	2026-10-06T10:44:56.0897674Z                 else None
pytest (3.12)	Run tests	2026-10-06T10:44:56.0897828Z             ),
pytest (3.12)	Run tests	2026-10-06T10:44:56.0898082Z             "process_exited": outcome["root_dead"],
pytest (3.12)	Run tests	2026-10-06T10:44:56.0898273Z             "job_verified": outcome["job_verified"],
pytest (3.12)	Run tests	2026-10-06T10:44:56.0898434Z             "guard_closed": outcome["guard_closed"],
pytest (3.12)	Run tests	2026-10-06T10:44:56.0898624Z             "cleanup_closed": outcome["closed"],
pytest (3.12)	Run tests	2026-10-06T10:44:56.0898928Z             "cleanup_seconds": outcome["seconds"],
pytest (3.12)	Run tests	2026-10-06T10:44:56.0899193Z             "cleanup_detail": ", ".join(detail) if detail else "ok",
pytest (3.12)	Run tests	2026-10-06T10:44:56.0899378Z             "cleanup_errors": list(outcome["errors"]),
pytest (3.12)	Run tests	2026-10-06T10:44:56.0899549Z             "stderr_digest": self._stderr_digest(),
pytest (3.12)	Run tests	2026-10-06T10:44:56.0899692Z         }
pytest (3.12)	Run tests	2026-10-06T10:44:56.0899801Z         message = (
pytest (3.12)	Run tests	2026-10-06T10:44:56.0900180Z             f"{reason}\uff1b\u6e05\u7406={'converged' if outcome['closed'] else 'retained'}"
pytest (3.12)	Run tests	2026-10-06T10:44:56.0900429Z             f"\uff08{outcome['seconds']}s, pid={self._sidecar_pid}\uff09"
pytest (3.12)	Run tests	2026-10-06T10:44:56.0900531Z         )
pytest (3.12)	Run tests	2026-10-06T10:44:56.0900915Z >       raise EmulatorStartupError(message, owner=owner, residual=residual) from cause
pytest (3.12)	Run tests	2026-10-06T10:44:56.0902511Z E       packages.core.terminal.emulator.EmulatorStartupError: sidecar \u4e0d\u53ef\u7528\uff1adependency-missing:Cannot find package '@xterm/headless' imported from D:\\a\\pan\\pan\\packages\\core\\terminal\\emulator_sidecar\\sidecar.mjs\uff1b\u6e05\u7406=converged\uff080.015s, pid=1416\uff09
pytest (3.12)	Run tests	2026-10-06T10:44:56.0902531Z 
pytest (3.12)	Run tests	2026-10-06T10:44:56.0902804Z packages\core\terminal\emulator.py:904: EmulatorStartupError
pytest (3.12)	Run tests	2026-10-06T10:44:56.0903125Z __________ test_close_failure_retains_resources_then_retry_converges __________
pytest (3.12)	Run tests	2026-10-06T10:44:56.0903134Z 
pytest (3.12)	Run tests	2026-10-06T10:44:56.0903487Z emu_factory = <function emu_factory.<locals>.make at 0x000001A8A0540A40>
pytest (3.12)	Run tests	2026-10-06T10:44:56.0904025Z monkeypatch = <_pytest.monkeypatch.MonkeyPatch object at 0x000001A8A055C380>
pytest (3.12)	Run tests	2026-10-06T10:44:56.0904042Z 
pytest (3.12)	Run tests	2026-10-06T10:44:56.0904549Z     def test_close_failure_retains_resources_then_retry_converges(emu_factory, monkeypatch):
pytest (3.12)	Run tests	2026-10-06T10:44:56.0904762Z >       emu = emu_factory()
pytest (3.12)	Run tests	2026-10-06T10:44:56.0904922Z               ^^^^^^^^^^^^^
pytest (3.12)	Run tests	2026-10-06T10:44:56.0904931Z 
pytest (3.12)	Run tests	2026-10-06T10:44:56.0905182Z tests\test_terminal_emulator.py:524: 
pytest (3.12)	Run tests	2026-10-06T10:44:56.0905669Z _ _ _ _ _ _ _ _ _ _ _ _ _ _ _ _ _ _ _ _ _ _ _ _ _ _ _ _ _ _ _ _ _ _ _ _ _ _ _ _
pytest (3.12)	Run tests	2026-10-06T10:44:56.0906452Z tests\test_terminal_emulator.py:87: in make
pytest (3.12)	Run tests	2026-10-06T10:44:56.0906664Z     emu = HeadlessEmulator(**kwargs)
pytest (3.12)	Run tests	2026-10-06T10:44:56.0906821Z           ^^^^^^^^^^^^^^^^^^^^^^^^^^
pytest (3.12)	Run tests	2026-10-06T10:44:56.0907075Z packages\core\terminal\emulator.py:747: in __init__
pytest (3.12)	Run tests	2026-10-06T10:44:56.0907263Z     self._spawn_and_handshake()
pytest (3.12)	Run tests	2026-10-06T10:44:56.0907608Z packages\core\terminal\emulator.py:838: in _spawn_and_handshake
pytest (3.12)	Run tests	2026-10-06T10:44:56.0907964Z     self._fail_startup(f"sidecar \u4e0d\u53ef\u7528\uff1a{self._startup_failure}")
pytest (3.12)	Run tests	2026-10-06T10:44:56.0908222Z _ _ _ _ _ _ _ _ _ _ _ _ _ _ _ _ _ _ _ _ _ _ _ _ _ _ _ _ _ _ _ _ _ _ _ _ _ _ _ _
pytest (3.12)	Run tests	2026-10-06T10:44:56.0908231Z 
pytest (3.12)	Run tests	2026-10-06T10:44:56.0908731Z self = <packages.core.terminal.emulator.HeadlessEmulator object at 0x000001A8A055E900>
pytest (3.12)	Run tests	2026-10-06T10:44:56.0909901Z reason = "sidecar \u4e0d\u53ef\u7528\uff1adependency-missing:Cannot find package '@xterm/headless' imported from D:\\\\a\\\\pan\\\\pan\\\\packages\\\\core\\\\terminal\\\\emulator_sidecar\\\\sidecar.mjs"
pytest (3.12)	Run tests	2026-10-06T10:44:56.0910105Z cause = None
pytest (3.12)	Run tests	2026-10-06T10:44:56.0910114Z 
pytest (3.12)	Run tests	2026-10-06T10:44:56.0910599Z     def _fail_startup(self, reason: str, *, cause: BaseException | None = None) -> NoReturn:
pytest (3.12)	Run tests	2026-10-06T10:44:56.0911411Z         """\u6784\u9020\u5931\u8d25\u7edf\u4e00\u51fa\u53e3\uff1a\u6709\u754c\u6574 Job \u6e05\u7406 + \u643a\u5e26 owner/\u6b8b\u7559\u4fe1\u606f\u7684\u5f02\u5e38\u3002
pytest (3.12)	Run tests	2026-10-06T10:44:56.0911604Z     
pytest (3.12)	Run tests	2026-10-06T10:44:56.0912408Z         \u6e05\u7406\u987a\u5e8f\u4e0e ``close`` \u4e00\u81f4\uff08\u5148\u6e05\u6811 \u2192 join \u7ebf\u7a0b \u2192 \u5173\u6d41 \u2192 guard.close\uff09\uff0c
pytest (3.12)	Run tests	2026-10-06T10:44:56.0913076Z         \u603b\u9884\u7b97\u4e3a ``shutdown_timeout``\uff1b\u5f02\u5e38\u643a\u5e26\u53ef\u91cd\u8bd5 ``owner``\uff08``retry_cleanup``\uff09
pytest (3.12)	Run tests	2026-10-06T10:44:56.0913756Z         \u4e0e ``residual``\uff08pid/\u8eab\u4efd/\u6e05\u7406\u6838\u9a8c/stderr \u6458\u8981\uff09\uff0c\u4e0d\u4ec5\u6587\u672c\u3002
pytest (3.12)	Run tests	2026-10-06T10:44:56.0913968Z         """
pytest (3.12)	Run tests	2026-10-06T10:44:56.0914123Z         detail: list[str] = []
pytest (3.12)	Run tests	2026-10-06T10:44:56.0914279Z         owner = StartupCleanupOwner(
pytest (3.12)	Run tests	2026-10-06T10:44:56.0914407Z             proc=self._proc,
pytest (3.12)	Run tests	2026-10-06T10:44:56.0914567Z             guard=self._guard,
pytest (3.12)	Run tests	2026-10-06T10:44:56.0914696Z             pid=self._sidecar_pid,
pytest (3.12)	Run tests	2026-10-06T10:44:56.0914858Z             identity=self._sidecar_identity,
pytest (3.12)	Run tests	2026-10-06T10:44:56.0914990Z             reader=self._reader_thread,
pytest (3.12)	Run tests	2026-10-06T10:44:56.0915131Z             stderr=self._stderr_thread,
pytest (3.12)	Run tests	2026-10-06T10:44:56.0915270Z             applier=self._applier_thread,
pytest (3.12)	Run tests	2026-10-06T10:44:56.0915414Z             kill_timeout=self._kill_timeout,
pytest (3.12)	Run tests	2026-10-06T10:44:56.0915509Z         )
pytest (3.12)	Run tests	2026-10-06T10:44:56.0915655Z         outcome = _reap_process_resources(
pytest (3.12)	Run tests	2026-10-06T10:44:56.0915779Z             proc=self._proc,
pytest (3.12)	Run tests	2026-10-06T10:44:56.0915929Z             guard=self._guard,
pytest (3.12)	Run tests	2026-10-06T10:44:56.0916067Z             pid=self._sidecar_pid,
pytest (3.12)	Run tests	2026-10-06T10:44:56.0916199Z             identity=self._sidecar_identity,
pytest (3.12)	Run tests	2026-10-06T10:44:56.0916347Z             reader=self._reader_thread,
pytest (3.12)	Run tests	2026-10-06T10:44:56.0916469Z             stderr=self._stderr_thread,
pytest (3.12)	Run tests	2026-10-06T10:44:56.0916616Z             applier=self._applier_thread,
pytest (3.12)	Run tests	2026-10-06T10:44:56.0916770Z             budget=self._shutdown_timeout,
pytest (3.12)	Run tests	2026-10-06T10:44:56.0916904Z             kill_timeout=self._kill_timeout,
pytest (3.12)	Run tests	2026-10-06T10:44:56.0917023Z             detail=detail,
pytest (3.12)	Run tests	2026-10-06T10:44:56.0917126Z         )
pytest (3.12)	Run tests	2026-10-06T10:44:56.0917247Z         residual = {
pytest (3.12)	Run tests	2026-10-06T10:44:56.0917369Z             "reason": reason,
pytest (3.12)	Run tests	2026-10-06T10:44:56.0917534Z             "pid": self._sidecar_pid,
pytest (3.12)	Run tests	2026-10-06T10:44:56.0917655Z             "identity_filetime": (
pytest (3.12)	Run tests	2026-10-06T10:44:56.0917861Z                 str(self._sidecar_identity.created_at_filetime)
pytest (3.12)	Run tests	2026-10-06T10:44:56.0918036Z                 if self._sidecar_identity is not None
pytest (3.12)	Run tests	2026-10-06T10:44:56.0918149Z                 else None
pytest (3.12)	Run tests	2026-10-06T10:44:56.0918268Z             ),
pytest (3.12)	Run tests	2026-10-06T10:44:56.0918883Z             "process_exited": outcome["root_dead"],
pytest (3.12)	Run tests	2026-10-06T10:44:56.0919071Z             "job_verified": outcome["job_verified"],
pytest (3.12)	Run tests	2026-10-06T10:44:56.0919268Z             "guard_closed": outcome["guard_closed"],
pytest (3.12)	Run tests	2026-10-06T10:44:56.0919736Z             "cleanup_closed": outcome["closed"],
pytest (3.12)	Run tests	2026-10-06T10:44:56.0919927Z             "cleanup_seconds": outcome["seconds"],
pytest (3.12)	Run tests	2026-10-06T10:44:56.0920169Z             "cleanup_detail": ", ".join(detail) if detail else "ok",
pytest (3.12)	Run tests	2026-10-06T10:44:56.0920397Z             "cleanup_errors": list(outcome["errors"]),
pytest (3.12)	Run tests	2026-10-06T10:44:56.0920578Z             "stderr_digest": self._stderr_digest(),
pytest (3.12)	Run tests	2026-10-06T10:44:56.0920745Z         }
pytest (3.12)	Run tests	2026-10-06T10:44:56.0920874Z         message = (
pytest (3.12)	Run tests	2026-10-06T10:44:56.0921342Z             f"{reason}\uff1b\u6e05\u7406={'converged' if outcome['closed'] else 'retained'}"
pytest (3.12)	Run tests	2026-10-06T10:44:56.0921674Z             f"\uff08{outcome['seconds']}s, pid={self._sidecar_pid}\uff09"
pytest (3.12)	Run tests	2026-10-06T10:44:56.0921817Z         )
pytest (3.12)	Run tests	2026-10-06T10:44:56.0922294Z >       raise EmulatorStartupError(message, owner=owner, residual=residual) from cause
pytest (3.12)	Run tests	2026-10-06T10:44:56.0924311Z E       packages.core.terminal.emulator.EmulatorStartupError: sidecar \u4e0d\u53ef\u7528\uff1adependency-missing:Cannot find package '@xterm/headless' imported from D:\\a\\pan\\pan\\packages\\core\\terminal\\emulator_sidecar\\sidecar.mjs\uff1b\u6e05\u7406=converged\uff080.015s, pid=6960\uff09
pytest (3.12)	Run tests	2026-10-06T10:44:56.0924352Z 
pytest (3.12)	Run tests	2026-10-06T10:44:56.0924694Z packages\core\terminal\emulator.py:904: EmulatorStartupError
pytest (3.12)	Run tests	2026-10-06T10:44:56.0925077Z ____________________ test_guard_close_failure_is_retryable ____________________
pytest (3.12)	Run tests	2026-10-06T10:44:56.0925086Z 
pytest (3.12)	Run tests	2026-10-06T10:44:56.0925487Z emu_factory = <function emu_factory.<locals>.make at 0x000001A8A0543420>
pytest (3.12)	Run tests	2026-10-06T10:44:56.0926274Z monkeypatch = <_pytest.monkeypatch.MonkeyPatch object at 0x000001A89AA3F440>
pytest (3.12)	Run tests	2026-10-06T10:44:56.0926296Z 
pytest (3.12)	Run tests	2026-10-06T10:44:56.0926819Z     def test_guard_close_failure_is_retryable(emu_factory, monkeypatch):
pytest (3.12)	Run tests	2026-10-06T10:44:56.0927060Z >       emu = emu_factory()
pytest (3.12)	Run tests	2026-10-06T10:44:56.0927232Z               ^^^^^^^^^^^^^
pytest (3.12)	Run tests	2026-10-06T10:44:56.0927241Z 
pytest (3.12)	Run tests	2026-10-06T10:44:56.0927462Z tests\test_terminal_emulator.py:551: 
pytest (3.12)	Run tests	2026-10-06T10:44:56.0927785Z _ _ _ _ _ _ _ _ _ _ _ _ _ _ _ _ _ _ _ _ _ _ _ _ _ _ _ _ _ _ _ _ _ _ _ _ _ _ _ _
pytest (3.12)	Run tests	2026-10-06T10:44:56.0927989Z tests\test_terminal_emulator.py:87: in make
pytest (3.12)	Run tests	2026-10-06T10:44:56.0928175Z     emu = HeadlessEmulator(**kwargs)
pytest (3.12)	Run tests	2026-10-06T10:44:56.0928324Z           ^^^^^^^^^^^^^^^^^^^^^^^^^^
pytest (3.12)	Run tests	2026-10-06T10:44:56.0928557Z packages\core\terminal\emulator.py:747: in __init__
pytest (3.12)	Run tests	2026-10-06T10:44:56.0928780Z     self._spawn_and_handshake()
pytest (3.12)	Run tests	2026-10-06T10:44:56.0929056Z packages\core\terminal\emulator.py:838: in _spawn_and_handshake
pytest (3.12)	Run tests	2026-10-06T10:44:56.0929455Z     self._fail_startup(f"sidecar \u4e0d\u53ef\u7528\uff1a{self._startup_failure}")
pytest (3.12)	Run tests	2026-10-06T10:44:56.0929745Z _ _ _ _ _ _ _ _ _ _ _ _ _ _ _ _ _ _ _ _ _ _ _ _ _ _ _ _ _ _ _ _ _ _ _ _ _ _ _ _
pytest (3.12)	Run tests	2026-10-06T10:44:56.0929761Z 
pytest (3.12)	Run tests	2026-10-06T10:44:56.0930332Z self = <packages.core.terminal.emulator.HeadlessEmulator object at 0x000001A89AA3D430>
pytest (3.12)	Run tests	2026-10-06T10:44:56.0931566Z reason = "sidecar \u4e0d\u53ef\u7528\uff1adependency-missing:Cannot find package '@xterm/headless' imported from D:\\\\a\\\\pan\\\\pan\\\\packages\\\\core\\\\terminal\\\\emulator_sidecar\\\\sidecar.mjs"
pytest (3.12)	Run tests	2026-10-06T10:44:56.0931718Z cause = None
pytest (3.12)	Run tests	2026-10-06T10:44:56.0931729Z 
pytest (3.12)	Run tests	2026-10-06T10:44:56.0932246Z     def _fail_startup(self, reason: str, *, cause: BaseException | None = None) -> NoReturn:
pytest (3.12)	Run tests	2026-10-06T10:44:56.0933130Z         """\u6784\u9020\u5931\u8d25\u7edf\u4e00\u51fa\u53e3\uff1a\u6709\u754c\u6574 Job \u6e05\u7406 + \u643a\u5e26 owner/\u6b8b\u7559\u4fe1\u606f\u7684\u5f02\u5e38\u3002
pytest (3.12)	Run tests	2026-10-06T10:44:56.0933321Z     
pytest (3.12)	Run tests	2026-10-06T10:44:56.0934200Z         \u6e05\u7406\u987a\u5e8f\u4e0e ``close`` \u4e00\u81f4\uff08\u5148\u6e05\u6811 \u2192 join \u7ebf\u7a0b \u2192 \u5173\u6d41 \u2192 guard.close\uff09\uff0c
pytest (3.12)	Run tests	2026-10-06T10:44:56.0935016Z         \u603b\u9884\u7b97\u4e3a ``shutdown_timeout``\uff1b\u5f02\u5e38\u643a\u5e26\u53ef\u91cd\u8bd5 ``owner``\uff08``retry_cleanup``\uff09
pytest (3.12)	Run tests	2026-10-06T10:44:56.0936614Z         \u4e0e ``residual``\uff08pid/\u8eab\u4efd/\u6e05\u7406\u6838\u9a8c/stderr \u6458\u8981\uff09\uff0c\u4e0d\u4ec5\u6587\u672c\u3002
pytest (3.12)	Run tests	2026-10-06T10:44:56.0936815Z         """
pytest (3.12)	Run tests	2026-10-06T10:44:56.0936985Z         detail: list[str] = []
pytest (3.12)	Run tests	2026-10-06T10:44:56.0937173Z         owner = StartupCleanupOwner(
pytest (3.12)	Run tests	2026-10-06T10:44:56.0937284Z             proc=self._proc,
pytest (3.12)	Run tests	2026-10-06T10:44:56.0937398Z             guard=self._guard,
pytest (3.12)	Run tests	2026-10-06T10:44:56.0937530Z             pid=self._sidecar_pid,
pytest (3.12)	Run tests	2026-10-06T10:44:56.0937713Z             identity=self._sidecar_identity,
pytest (3.12)	Run tests	2026-10-06T10:44:56.0937864Z             reader=self._reader_thread,
pytest (3.12)	Run tests	2026-10-06T10:44:56.0938048Z             stderr=self._stderr_thread,
pytest (3.12)	Run tests	2026-10-06T10:44:56.0938213Z             applier=self._applier_thread,
pytest (3.12)	Run tests	2026-10-06T10:44:56.0938368Z             kill_timeout=self._kill_timeout,
pytest (3.12)	Run tests	2026-10-06T10:44:56.0938474Z         )
pytest (3.12)	Run tests	2026-10-06T10:44:56.0938627Z         outcome = _reap_process_resources(
pytest (3.12)	Run tests	2026-10-06T10:44:56.0938797Z             proc=self._proc,
pytest (3.12)	Run tests	2026-10-06T10:44:56.0938913Z             guard=self._guard,
pytest (3.12)	Run tests	2026-10-06T10:44:56.0939092Z             pid=self._sidecar_pid,
pytest (3.12)	Run tests	2026-10-06T10:44:56.0939268Z             identity=self._sidecar_identity,
pytest (3.12)	Run tests	2026-10-06T10:44:56.0939427Z             reader=self._reader_thread,
pytest (3.12)	Run tests	2026-10-06T10:44:56.0939601Z             stderr=self._stderr_thread,
pytest (3.12)	Run tests	2026-10-06T10:44:56.0939777Z             applier=self._applier_thread,
pytest (3.12)	Run tests	2026-10-06T10:44:56.0939988Z             budget=self._shutdown_timeout,
pytest (3.12)	Run tests	2026-10-06T10:44:56.0940167Z             kill_timeout=self._kill_timeout,
pytest (3.12)	Run tests	2026-10-06T10:44:56.0940286Z             detail=detail,
pytest (3.12)	Run tests	2026-10-06T10:44:56.0940388Z         )
pytest (3.12)	Run tests	2026-10-06T10:44:56.0940533Z         residual = {
pytest (3.12)	Run tests	2026-10-06T10:44:56.0940688Z             "reason": reason,
pytest (3.12)	Run tests	2026-10-06T10:44:56.0940943Z             "pid": self._sidecar_pid,
pytest (3.12)	Run tests	2026-10-06T10:44:56.0941151Z             "identity_filetime": (
pytest (3.12)	Run tests	2026-10-06T10:44:56.0941418Z                 str(self._sidecar_identity.created_at_filetime)
pytest (3.12)	Run tests	2026-10-06T10:44:56.0941624Z                 if self._sidecar_identity is not None
pytest (3.12)	Run tests	2026-10-06T10:44:56.0941745Z                 else None
pytest (3.12)	Run tests	2026-10-06T10:44:56.0941859Z             ),
pytest (3.12)	Run tests	2026-10-06T10:44:56.0942087Z             "process_exited": outcome["root_dead"],
pytest (3.12)	Run tests	2026-10-06T10:44:56.0942307Z             "job_verified": outcome["job_verified"],
pytest (3.12)	Run tests	2026-10-06T10:44:56.0942562Z             "guard_closed": outcome["guard_closed"],
pytest (3.12)	Run tests	2026-10-06T10:44:56.0942793Z             "cleanup_closed": outcome["closed"],
pytest (3.12)	Run tests	2026-10-06T10:44:56.0943033Z             "cleanup_seconds": outcome["seconds"],
pytest (3.12)	Run tests	2026-10-06T10:44:56.0943632Z             "cleanup_detail": ", ".join(detail) if detail else "ok",
pytest (3.12)	Run tests	2026-10-06T10:44:56.0943909Z             "cleanup_errors": list(outcome["errors"]),
pytest (3.12)	Run tests	2026-10-06T10:44:56.0944171Z             "stderr_digest": self._stderr_digest(),
pytest (3.12)	Run tests	2026-10-06T10:44:56.0944300Z         }
pytest (3.12)	Run tests	2026-10-06T10:44:56.0944492Z         message = (
pytest (3.12)	Run tests	2026-10-06T10:44:56.0944892Z             f"{reason}\uff1b\u6e05\u7406={'converged' if outcome['closed'] else 'retained'}"
pytest (3.12)	Run tests	2026-10-06T10:44:56.0945214Z             f"\uff08{outcome['seconds']}s, pid={self._sidecar_pid}\uff09"
pytest (3.12)	Run tests	2026-10-06T10:44:56.0945383Z         )
pytest (3.12)	Run tests	2026-10-06T10:44:56.0945815Z >       raise EmulatorStartupError(message, owner=owner, residual=residual) from cause
pytest (3.12)	Run tests	2026-10-06T10:44:56.0947600Z E       packages.core.terminal.emulator.EmulatorStartupError: sidecar \u4e0d\u53ef\u7528\uff1adependency-missing:Cannot find package '@xterm/headless' imported from D:\\a\\pan\\pan\\packages\\core\\terminal\\emulator_sidecar\\sidecar.mjs\uff1b\u6e05\u7406=converged\uff080.0s, pid=8096\uff09
pytest (3.12)	Run tests	2026-10-06T10:44:56.0947610Z 
pytest (3.12)	Run tests	2026-10-06T10:44:56.0947876Z packages\core\terminal\emulator.py:904: EmulatorStartupError
pytest (3.12)	Run tests	2026-10-06T10:44:56.0948198Z ________________ test_runner_hard_death_kills_sidecar_via_job _________________
pytest (3.12)	Run tests	2026-10-06T10:44:56.0948330Z 
pytest (3.12)	Run tests	2026-10-06T10:44:56.0949138Z tmp_path = WindowsPath('C:/Users/runneradmin/AppData/Local/Temp/pytest-of-runneradmin/pytest-0/test_runner_hard_death_kills_s0')
pytest (3.12)	Run tests	2026-10-06T10:44:56.0949150Z 
pytest (3.12)	Run tests	2026-10-06T10:44:56.0949389Z     def test_runner_hard_death_kills_sidecar_via_job(tmp_path):
pytest (3.12)	Run tests	2026-10-06T10:44:56.0950200Z         """runner\uff08\u6301\u6709 Job \u53e5\u67c4\u7684\u5bbf\u4e3b\uff09\u786c\u6b7b\uff1a\u5185\u6838\u5173\u95ed\u53e5\u67c4 -> sidecar \u4e0d\u6b8b\u7559\u3002"""
pytest (3.12)	Run tests	2026-10-06T10:44:56.0950377Z         info_path = tmp_path / "sidecar.json"
pytest (3.12)	Run tests	2026-10-06T10:44:56.0950494Z         script = (
pytest (3.12)	Run tests	2026-10-06T10:44:56.0950633Z             "import json, os, sys\n"
pytest (3.12)	Run tests	2026-10-06T10:44:56.0950802Z             f"sys.path.insert(0, {str(REPO_ROOT)!r})\n"
pytest (3.12)	Run tests	2026-10-06T10:44:56.0951140Z             "from packages.core.terminal.emulator import HeadlessEmulator\n"
pytest (3.12)	Run tests	2026-10-06T10:44:56.0951368Z             "emu = HeadlessEmulator(startup_timeout=30.0)\n"
pytest (3.12)	Run tests	2026-10-06T10:44:56.0951678Z             "open(r'" + str(info_path) + "', 'w', encoding='utf-8').write("
pytest (3.12)	Run tests	2026-10-06T10:44:56.0951840Z             "json.dumps({'pid': emu.sidecar_pid, "
pytest (3.12)	Run tests	2026-10-06T10:44:56.0952158Z             "'filetime': str(emu._sidecar_identity.created_at_filetime)}))\n"
pytest (3.12)	Run tests	2026-10-06T10:44:56.0952289Z             "os._exit(7)\n"
pytest (3.12)	Run tests	2026-10-06T10:44:56.0952409Z         )
pytest (3.12)	Run tests	2026-10-06T10:44:56.0952591Z         proc = subprocess.run(
pytest (3.12)	Run tests	2026-10-06T10:44:56.0952766Z             [sys.executable, "-c", script],
pytest (3.12)	Run tests	2026-10-06T10:44:56.0952919Z             cwd=str(REPO_ROOT),
pytest (3.12)	Run tests	2026-10-06T10:44:56.0953025Z             timeout=120,
pytest (3.12)	Run tests	2026-10-06T10:44:56.0953157Z             capture_output=True,
pytest (3.12)	Run tests	2026-10-06T10:44:56.0953272Z         )
pytest (3.12)	Run tests	2026-10-06T10:44:56.0953659Z >       assert proc.returncode == 7, proc.stderr.decode("utf-8", errors="replace")[-800:]
pytest (3.12)	Run tests	2026-10-06T10:44:56.0953864Z E       AssertionError: t recent call last):
pytest (3.12)	Run tests	2026-10-06T10:44:56.0953873Z 
pytest (3.12)	Run tests	2026-10-06T10:44:56.0954127Z E           File "<string>", line 4, in <module>
pytest (3.12)	Run tests	2026-10-06T10:44:56.0954140Z 
pytest (3.12)	Run tests	2026-10-06T10:44:56.0954471Z E           File "D:\a\pan\pan\packages\core\terminal\emulator.py", line 747, in __init__
pytest (3.12)	Run tests	2026-10-06T10:44:56.0954482Z 
pytest (3.12)	Run tests	2026-10-06T10:44:56.0954635Z E             self._spawn_and_handshake()
pytest (3.12)	Run tests	2026-10-06T10:44:56.0954643Z 
pytest (3.12)	Run tests	2026-10-06T10:44:56.0955075Z E           File "D:\a\pan\pan\packages\core\terminal\emulator.py", line 838, in _spawn_and_handshake
pytest (3.12)	Run tests	2026-10-06T10:44:56.0955085Z 
pytest (3.12)	Run tests	2026-10-06T10:44:56.0955418Z E             self._fail_startup(f"sidecar \u4e0d\u53ef\u7528\uff1a{self._startup_failure}")
pytest (3.12)	Run tests	2026-10-06T10:44:56.0955426Z 
pytest (3.12)	Run tests	2026-10-06T10:44:56.0955817Z E           File "D:\a\pan\pan\packages\core\terminal\emulator.py", line 904, in _fail_startup
pytest (3.12)	Run tests	2026-10-06T10:44:56.0955834Z 
pytest (3.12)	Run tests	2026-10-06T10:44:56.0956232Z E             raise EmulatorStartupError(message, owner=owner, residual=residual) from cause
pytest (3.12)	Run tests	2026-10-06T10:44:56.0956241Z 
pytest (3.12)	Run tests	2026-10-06T10:44:56.0957926Z E         packages.core.terminal.emulator.EmulatorStartupError: sidecar \u4e0d\u53ef\u7528\uff1adependency-missing:Cannot find package '@xterm/headless' imported from D:\a\pan\pan\packages\core\terminal\emulator_sidecar\sidecar.mjs\uff1b\u6e05\u7406=converged\uff080.0s, pid=6248\uff09
pytest (3.12)	Run tests	2026-10-06T10:44:56.0957944Z 
pytest (3.12)	Run tests	2026-10-06T10:44:56.0958067Z E         
pytest (3.12)	Run tests	2026-10-06T10:44:56.0958188Z E       assert 1 == 7
pytest (3.12)	Run tests	2026-10-06T10:44:56.0959584Z E        +  where 1 = CompletedProcess(args=['C:\\hostedtoolcache\\windows\\Python\\3.12.10\\x64\\python.exe', '-c', "import json, os, sys\n...ackages\\core\\terminal\\emulator_sidecar\\sidecar.mjs\\uff1b\\u6e05\\u7406=converged\\uff080.0s, pid=6248\\uff09\r\n').returncode
pytest (3.12)	Run tests	2026-10-06T10:44:56.0959595Z 
pytest (3.12)	Run tests	2026-10-06T10:44:56.0959835Z tests\test_terminal_emulator.py:584: AssertionError
pytest (3.12)	Run tests	2026-10-06T10:44:56.0960169Z ______________________ test_no_process_leaks_after_close ______________________
pytest (3.12)	Run tests	2026-10-06T10:44:56.0960178Z 
pytest (3.12)	Run tests	2026-10-06T10:44:56.0960373Z     def test_no_process_leaks_after_close():
pytest (3.12)	Run tests	2026-10-06T10:44:56.0960611Z         records: list[tuple[int, ProcessIdentity]] = []
pytest (3.12)	Run tests	2026-10-06T10:44:56.0960887Z         for _ in range(3):
pytest (3.12)	Run tests	2026-10-06T10:44:56.0961104Z >           emu = HeadlessEmulator(startup_timeout=30.0)
pytest (3.12)	Run tests	2026-10-06T10:44:56.0961292Z                   ^^^^^^^^^^^^^^^^^^^^^^^^^^^^^^^^^^^^^^
pytest (3.12)	Run tests	2026-10-06T10:44:56.0961300Z 
pytest (3.12)	Run tests	2026-10-06T10:44:56.0961488Z tests\test_terminal_emulator.py:617: 
pytest (3.12)	Run tests	2026-10-06T10:44:56.0961739Z _ _ _ _ _ _ _ _ _ _ _ _ _ _ _ _ _ _ _ _ _ _ _ _ _ _ _ _ _ _ _ _ _ _ _ _ _ _ _ _
pytest (3.12)	Run tests	2026-10-06T10:44:56.0961978Z packages\core\terminal\emulator.py:747: in __init__
pytest (3.12)	Run tests	2026-10-06T10:44:56.0962149Z     self._spawn_and_handshake()
pytest (3.12)	Run tests	2026-10-06T10:44:56.0962454Z packages\core\terminal\emulator.py:838: in _spawn_and_handshake
pytest (3.12)	Run tests	2026-10-06T10:44:56.0962867Z     self._fail_startup(f"sidecar \u4e0d\u53ef\u7528\uff1a{self._startup_failure}")
pytest (3.12)	Run tests	2026-10-06T10:44:56.0963140Z _ _ _ _ _ _ _ _ _ _ _ _ _ _ _ _ _ _ _ _ _ _ _ _ _ _ _ _ _ _ _ _ _ _ _ _ _ _ _ _
pytest (3.12)	Run tests	2026-10-06T10:44:56.0963150Z 
pytest (3.12)	Run tests	2026-10-06T10:44:56.0963961Z self = <packages.core.terminal.emulator.HeadlessEmulator object at 0x000001A89AB79970>
pytest (3.12)	Run tests	2026-10-06T10:44:56.0965315Z reason = "sidecar \u4e0d\u53ef\u7528\uff1adependency-missing:Cannot find package '@xterm/headless' imported from D:\\\\a\\\\pan\\\\pan\\\\packages\\\\core\\\\terminal\\\\emulator_sidecar\\\\sidecar.mjs"
pytest (3.12)	Run tests	2026-10-06T10:44:56.0965466Z cause = None
pytest (3.12)	Run tests	2026-10-06T10:44:56.0965477Z 
pytest (3.12)	Run tests	2026-10-06T10:44:56.0965966Z     def _fail_startup(self, reason: str, *, cause: BaseException | None = None) -> NoReturn:
pytest (3.12)	Run tests	2026-10-06T10:44:56.0967028Z         """\u6784\u9020\u5931\u8d25\u7edf\u4e00\u51fa\u53e3\uff1a\u6709\u754c\u6574 Job \u6e05\u7406 + \u643a\u5e26 owner/\u6b8b\u7559\u4fe1\u606f\u7684\u5f02\u5e38\u3002
pytest (3.12)	Run tests	2026-10-06T10:44:56.0967264Z     
pytest (3.12)	Run tests	2026-10-06T10:44:56.0968231Z         \u6e05\u7406\u987a\u5e8f\u4e0e ``close`` \u4e00\u81f4\uff08\u5148\u6e05\u6811 \u2192 join \u7ebf\u7a0b \u2192 \u5173\u6d41 \u2192 guard.close\uff09\uff0c
pytest (3.12)	Run tests	2026-10-06T10:44:56.0969067Z         \u603b\u9884\u7b97\u4e3a ``shutdown_timeout``\uff1b\u5f02\u5e38\u643a\u5e26\u53ef\u91cd\u8bd5 ``owner``\uff08``retry_cleanup``\uff09
pytest (3.12)	Run tests	2026-10-06T10:44:56.0969733Z         \u4e0e ``residual``\uff08pid/\u8eab\u4efd/\u6e05\u7406\u6838\u9a8c/stderr \u6458\u8981\uff09\uff0c\u4e0d\u4ec5\u6587\u672c\u3002
pytest (3.12)	Run tests	2026-10-06T10:44:56.0969840Z         """
pytest (3.12)	Run tests	2026-10-06T10:44:56.0969996Z         detail: list[str] = []
pytest (3.12)	Run tests	2026-10-06T10:44:56.0970196Z         owner = StartupCleanupOwner(
pytest (3.12)	Run tests	2026-10-06T10:44:56.0970352Z             proc=self._proc,
pytest (3.12)	Run tests	2026-10-06T10:44:56.0970484Z             guard=self._guard,
pytest (3.12)	Run tests	2026-10-06T10:44:56.0970679Z             pid=self._sidecar_pid,
pytest (3.12)	Run tests	2026-10-06T10:44:56.0970891Z             identity=self._sidecar_identity,
pytest (3.12)	Run tests	2026-10-06T10:44:56.0971109Z             reader=self._reader_thread,
pytest (3.12)	Run tests	2026-10-06T10:44:56.0971271Z             stderr=self._stderr_thread,
pytest (3.12)	Run tests	2026-10-06T10:44:56.0971454Z             applier=self._applier_thread,
pytest (3.12)	Run tests	2026-10-06T10:44:56.0971633Z             kill_timeout=self._kill_timeout,
pytest (3.12)	Run tests	2026-10-06T10:44:56.0971750Z         )
pytest (3.12)	Run tests	2026-10-06T10:44:56.0971944Z         outcome = _reap_process_resources(
pytest (3.12)	Run tests	2026-10-06T10:44:56.0972076Z             proc=self._proc,
pytest (3.12)	Run tests	2026-10-06T10:44:56.0972218Z             guard=self._guard,
pytest (3.12)	Run tests	2026-10-06T10:44:56.0972356Z             pid=self._sidecar_pid,
pytest (3.12)	Run tests	2026-10-06T10:44:56.0972530Z             identity=self._sidecar_identity,
pytest (3.12)	Run tests	2026-10-06T10:44:56.0972707Z             reader=self._reader_thread,
pytest (3.12)	Run tests	2026-10-06T10:44:56.0972861Z             stderr=self._stderr_thread,
pytest (3.12)	Run tests	2026-10-06T10:44:56.0973068Z             applier=self._applier_thread,
pytest (3.12)	Run tests	2026-10-06T10:44:56.0973270Z             budget=self._shutdown_timeout,
pytest (3.12)	Run tests	2026-10-06T10:44:56.0973461Z             kill_timeout=self._kill_timeout,
pytest (3.12)	Run tests	2026-10-06T10:44:56.0973599Z             detail=detail,
pytest (3.12)	Run tests	2026-10-06T10:44:56.0973728Z         )
pytest (3.12)	Run tests	2026-10-06T10:44:56.0973879Z         residual = {
pytest (3.12)	Run tests	2026-10-06T10:44:56.0974013Z             "reason": reason,
pytest (3.12)	Run tests	2026-10-06T10:44:56.0974201Z             "pid": self._sidecar_pid,
pytest (3.12)	Run tests	2026-10-06T10:44:56.0974343Z             "identity_filetime": (
pytest (3.12)	Run tests	2026-10-06T10:44:56.0974601Z                 str(self._sidecar_identity.created_at_filetime)
pytest (3.12)	Run tests	2026-10-06T10:44:56.0974910Z                 if self._sidecar_identity is not None
pytest (3.12)	Run tests	2026-10-06T10:44:56.0975058Z                 else None
pytest (3.12)	Run tests	2026-10-06T10:44:56.0975226Z             ),
pytest (3.12)	Run tests	2026-10-06T10:44:56.0975451Z             "process_exited": outcome["root_dead"],
pytest (3.12)	Run tests	2026-10-06T10:44:56.0975704Z             "job_verified": outcome["job_verified"],
pytest (3.12)	Run tests	2026-10-06T10:44:56.0975888Z             "guard_closed": outcome["guard_closed"],
pytest (3.12)	Run tests	2026-10-06T10:44:56.0976077Z             "cleanup_closed": outcome["closed"],
pytest (3.12)	Run tests	2026-10-06T10:44:56.0976264Z             "cleanup_seconds": outcome["seconds"],
pytest (3.12)	Run tests	2026-10-06T10:44:56.0976585Z             "cleanup_detail": ", ".join(detail) if detail else "ok",
pytest (3.12)	Run tests	2026-10-06T10:44:56.0976852Z             "cleanup_errors": list(outcome["errors"]),
pytest (3.12)	Run tests	2026-10-06T10:44:56.0977037Z             "stderr_digest": self._stderr_digest(),
pytest (3.12)	Run tests	2026-10-06T10:44:56.0977194Z         }
pytest (3.12)	Run tests	2026-10-06T10:44:56.0977324Z         message = (
pytest (3.12)	Run tests	2026-10-06T10:44:56.0977716Z             f"{reason}\uff1b\u6e05\u7406={'converged' if outcome['closed'] else 'retained'}"
pytest (3.12)	Run tests	2026-10-06T10:44:56.0977957Z             f"\uff08{outcome['seconds']}s, pid={self._sidecar_pid}\uff09"
pytest (3.12)	Run tests	2026-10-06T10:44:56.0978068Z         )
pytest (3.12)	Run tests	2026-10-06T10:44:56.0978424Z >       raise EmulatorStartupError(message, owner=owner, residual=residual) from cause
pytest (3.12)	Run tests	2026-10-06T10:44:56.0980243Z E       packages.core.terminal.emulator.EmulatorStartupError: sidecar \u4e0d\u53ef\u7528\uff1adependency-missing:Cannot find package '@xterm/headless' imported from D:\\a\\pan\\pan\\packages\\core\\terminal\\emulator_sidecar\\sidecar.mjs\uff1b\u6e05\u7406=converged\uff080.0s, pid=8812\uff09
pytest (3.12)	Run tests	2026-10-06T10:44:56.0980254Z 
pytest (3.12)	Run tests	2026-10-06T10:44:56.0980579Z packages\core\terminal\emulator.py:904: EmulatorStartupError
pytest (3.12)	Run tests	2026-10-06T10:44:56.0980911Z _____________ test_stderr_join_failure_is_accounted_and_retryable _____________
pytest (3.12)	Run tests	2026-10-06T10:44:56.0980962Z 
pytest (3.12)	Run tests	2026-10-06T10:44:56.0981420Z emu_factory = <function emu_factory.<locals>.make at 0x000001A8A0543420>
pytest (3.12)	Run tests	2026-10-06T10:44:56.0981433Z 
pytest (3.12)	Run tests	2026-10-06T10:44:56.0981825Z     def test_stderr_join_failure_is_accounted_and_retryable(emu_factory):
pytest (3.12)	Run tests	2026-10-06T10:44:56.0982457Z         """P8\uff1astderr \u672a join \u5fc5\u987b\u963b\u6b62 closed=True\uff1b\u6062\u590d\u540e\u53ef\u91cd\u8bd5\u6536\u655b\u3002"""
pytest (3.12)	Run tests	2026-10-06T10:44:56.0982648Z >       emu = emu_factory()
pytest (3.12)	Run tests	2026-10-06T10:44:56.0982786Z               ^^^^^^^^^^^^^
pytest (3.12)	Run tests	2026-10-06T10:44:56.0982841Z 
pytest (3.12)	Run tests	2026-10-06T10:44:56.0983043Z tests\test_terminal_emulator.py:907: 
pytest (3.12)	Run tests	2026-10-06T10:44:56.0983304Z _ _ _ _ _ _ _ _ _ _ _ _ _ _ _ _ _ _ _ _ _ _ _ _ _ _ _ _ _ _ _ _ _ _ _ _ _ _ _ _
pytest (3.12)	Run tests	2026-10-06T10:44:56.0983752Z tests\test_terminal_emulator.py:87: in make
pytest (3.12)	Run tests	2026-10-06T10:44:56.0983951Z     emu = HeadlessEmulator(**kwargs)
pytest (3.12)	Run tests	2026-10-06T10:44:56.0984045Z           ^^^^^^^^^^^^^^^^^^^^^^^^^^
pytest (3.12)	Run tests	2026-10-06T10:44:56.0984263Z packages\core\terminal\emulator.py:747: in __init__
pytest (3.12)	Run tests	2026-10-06T10:44:56.0984364Z     self._spawn_and_handshake()
pytest (3.12)	Run tests	2026-10-06T10:44:56.0984522Z packages\core\terminal\emulator.py:838: in _spawn_and_handshake
pytest (3.12)	Run tests	2026-10-06T10:44:56.0984769Z     self._fail_startup(f"sidecar \u4e0d\u53ef\u7528\uff1a{self._startup_failure}")
pytest (3.12)	Run tests	2026-10-06T10:44:56.0984878Z _ _ _ _ _ _ _ _ _ _ _ _ _ _ _ _ _ _ _ _ _ _ _ _ _ _ _ _ _ _ _ _ _ _ _ _ _ _ _ _
pytest (3.12)	Run tests	2026-10-06T10:44:56.0984884Z 
pytest (3.12)	Run tests	2026-10-06T10:44:56.0985139Z self = <packages.core.terminal.emulator.HeadlessEmulator object at 0x000001A89AA0C680>
pytest (3.12)	Run tests	2026-10-06T10:44:56.0985646Z reason = "sidecar \u4e0d\u53ef\u7528\uff1adependency-missing:Cannot find package '@xterm/headless' imported from D:\\\\a\\\\pan\\\\pan\\\\packages\\\\core\\\\terminal\\\\emulator_sidecar\\\\sidecar.mjs"
pytest (3.12)	Run tests	2026-10-06T10:44:56.0985773Z cause = None
pytest (3.12)	Run tests	2026-10-06T10:44:56.0985778Z 
pytest (3.12)	Run tests	2026-10-06T10:44:56.0986011Z     def _fail_startup(self, reason: str, *, cause: BaseException | None = None) -> NoReturn:
pytest (3.12)	Run tests	2026-10-06T10:44:56.0986425Z         """\u6784\u9020\u5931\u8d25\u7edf\u4e00\u51fa\u53e3\uff1a\u6709\u754c\u6574 Job \u6e05\u7406 + \u643a\u5e26 owner/\u6b8b\u7559\u4fe1\u606f\u7684\u5f02\u5e38\u3002
pytest (3.12)	Run tests	2026-10-06T10:44:56.0986668Z     
pytest (3.12)	Run tests	2026-10-06T10:44:56.0987075Z         \u6e05\u7406\u987a\u5e8f\u4e0e ``close`` \u4e00\u81f4\uff08\u5148\u6e05\u6811 \u2192 join \u7ebf\u7a0b \u2192 \u5173\u6d41 \u2192 guard.close\uff09\uff0c
pytest (3.12)	Run tests	2026-10-06T10:44:56.0987439Z         \u603b\u9884\u7b97\u4e3a ``shutdown_timeout``\uff1b\u5f02\u5e38\u643a\u5e26\u53ef\u91cd\u8bd5 ``owner``\uff08``retry_cleanup``\uff09
pytest (3.12)	Run tests	2026-10-06T10:44:56.0987787Z         \u4e0e ``residual``\uff08pid/\u8eab\u4efd/\u6e05\u7406\u6838\u9a8c/stderr \u6458\u8981\uff09\uff0c\u4e0d\u4ec5\u6587\u672c\u3002
pytest (3.12)	Run tests	2026-10-06T10:44:56.0987915Z         """
pytest (3.12)	Run tests	2026-10-06T10:44:56.0988066Z         detail: list[str] = []
pytest (3.12)	Run tests	2026-10-06T10:44:56.0988190Z         owner = StartupCleanupOwner(
pytest (3.12)	Run tests	2026-10-06T10:44:56.0988336Z             proc=self._proc,
pytest (3.12)	Run tests	2026-10-06T10:44:56.0988451Z             guard=self._guard,
pytest (3.12)	Run tests	2026-10-06T10:44:56.0988601Z             pid=self._sidecar_pid,
pytest (3.12)	Run tests	2026-10-06T10:44:56.0988735Z             identity=self._sidecar_identity,
pytest (3.12)	Run tests	2026-10-06T10:44:56.0988893Z             reader=self._reader_thread,
pytest (3.12)	Run tests	2026-10-06T10:44:56.0989046Z             stderr=self._stderr_thread,
pytest (3.12)	Run tests	2026-10-06T10:44:56.0989175Z             applier=self._applier_thread,
pytest (3.12)	Run tests	2026-10-06T10:44:56.0989321Z             kill_timeout=self._kill_timeout,
pytest (3.12)	Run tests	2026-10-06T10:44:56.0989419Z         )
pytest (3.12)	Run tests	2026-10-06T10:44:56.0989576Z         outcome = _reap_process_resources(
pytest (3.12)	Run tests	2026-10-06T10:44:56.0989689Z             proc=self._proc,
pytest (3.12)	Run tests	2026-10-06T10:44:56.0989834Z             guard=self._guard,
pytest (3.12)	Run tests	2026-10-06T10:44:56.0989950Z             pid=self._sidecar_pid,
pytest (3.12)	Run tests	2026-10-06T10:44:56.0990097Z             identity=self._sidecar_identity,
pytest (3.12)	Run tests	2026-10-06T10:44:56.0990246Z             reader=self._reader_thread,
pytest (3.12)	Run tests	2026-10-06T10:44:56.0990337Z             stderr=self._stderr_thread,
pytest (3.12)	Run tests	2026-10-06T10:44:56.0990461Z             applier=self._applier_thread,
pytest (3.12)	Run tests	2026-10-06T10:44:56.0990592Z             budget=self._shutdown_timeout,
pytest (3.12)	Run tests	2026-10-06T10:44:56.0990828Z             kill_timeout=self._kill_timeout,
pytest (3.12)	Run tests	2026-10-06T10:44:56.0990941Z             detail=detail,
pytest (3.12)	Run tests	2026-10-06T10:44:56.0991059Z         )
pytest (3.12)	Run tests	2026-10-06T10:44:56.0991183Z         residual = {
pytest (3.12)	Run tests	2026-10-06T10:44:56.0991283Z             "reason": reason,
pytest (3.12)	Run tests	2026-10-06T10:44:56.0991422Z             "pid": self._sidecar_pid,
pytest (3.12)	Run tests	2026-10-06T10:44:56.0991528Z             "identity_filetime": (
pytest (3.12)	Run tests	2026-10-06T10:44:56.0991710Z                 str(self._sidecar_identity.created_at_filetime)
pytest (3.12)	Run tests	2026-10-06T10:44:56.0991835Z                 if self._sidecar_identity is not None
pytest (3.12)	Run tests	2026-10-06T10:44:56.0991973Z                 else None
pytest (3.12)	Run tests	2026-10-06T10:44:56.0992077Z             ),
pytest (3.12)	Run tests	2026-10-06T10:44:56.0992194Z             "process_exited": outcome["root_dead"],
pytest (3.12)	Run tests	2026-10-06T10:44:56.0992356Z             "job_verified": outcome["job_verified"],
pytest (3.12)	Run tests	2026-10-06T10:44:56.0992478Z             "guard_closed": outcome["guard_closed"],
pytest (3.12)	Run tests	2026-10-06T10:44:56.0992602Z             "cleanup_closed": outcome["closed"],
pytest (3.12)	Run tests	2026-10-06T10:44:56.0992698Z             "cleanup_seconds": outcome["seconds"],
pytest (3.12)	Run tests	2026-10-06T10:44:56.0992895Z             "cleanup_detail": ", ".join(detail) if detail else "ok",
pytest (3.12)	Run tests	2026-10-06T10:44:56.0993063Z             "cleanup_errors": list(outcome["errors"]),
pytest (3.12)	Run tests	2026-10-06T10:44:56.0993181Z             "stderr_digest": self._stderr_digest(),
pytest (3.12)	Run tests	2026-10-06T10:44:56.0993297Z         }
pytest (3.12)	Run tests	2026-10-06T10:44:56.0993392Z         message = (
pytest (3.12)	Run tests	2026-10-06T10:44:56.0993640Z             f"{reason}\uff1b\u6e05\u7406={'converged' if outcome['closed'] else 'retained'}"
pytest (3.12)	Run tests	2026-10-06T10:44:56.0993807Z             f"\uff08{outcome['seconds']}s, pid={self._sidecar_pid}\uff09"
pytest (3.12)	Run tests	2026-10-06T10:44:56.0993935Z         )
pytest (3.12)	Run tests	2026-10-06T10:44:56.0994187Z >       raise EmulatorStartupError(message, owner=owner, residual=residual) from cause
pytest (3.12)	Run tests	2026-10-06T10:44:56.0995009Z E       packages.core.terminal.emulator.EmulatorStartupError: sidecar \u4e0d\u53ef\u7528\uff1adependency-missing:Cannot find package '@xterm/headless' imported from D:\\a\\pan\\pan\\packages\\core\\terminal\\emulator_sidecar\\sidecar.mjs\uff1b\u6e05\u7406=converged\uff080.0s, pid=2256\uff09
pytest (3.12)	Run tests	2026-10-06T10:44:56.0995091Z 
pytest (3.12)	Run tests	2026-10-06T10:44:56.0995295Z packages\core\terminal\emulator.py:904: EmulatorStartupError
pytest (3.12)	Run tests	2026-10-06T10:44:56.0995490Z ____________ test_stream_close_failure_is_accounted_and_retryable _____________
pytest (3.12)	Run tests	2026-10-06T10:44:56.0995533Z 
pytest (3.12)	Run tests	2026-10-06T10:44:56.0995718Z emu_factory = <function emu_factory.<locals>.make at 0x000001A8A0543240>
pytest (3.12)	Run tests	2026-10-06T10:44:56.0995724Z 
pytest (3.12)	Run tests	2026-10-06T10:44:56.0995941Z     def test_stream_close_failure_is_accounted_and_retryable(emu_factory):
pytest (3.12)	Run tests	2026-10-06T10:44:56.0996374Z         """P8\uff1a\u6d41\u5173\u95ed\u5931\u8d25\u5fc5\u987b\u963b\u6b62 closed=True\uff0c\u4fdd\u7559\u5f15\u7528\uff1b\u6062\u590d\u540e\u91cd\u8bd5\u6536\u655b\u3002"""
pytest (3.12)	Run tests	2026-10-06T10:44:56.0996518Z >       emu = emu_factory()
pytest (3.12)	Run tests	2026-10-06T10:44:56.0996660Z               ^^^^^^^^^^^^^
pytest (3.12)	Run tests	2026-10-06T10:44:56.0996716Z 
pytest (3.12)	Run tests	2026-10-06T10:44:56.0996862Z tests\test_terminal_emulator.py:926: 
pytest (3.12)	Run tests	2026-10-06T10:44:56.0997119Z _ _ _ _ _ _ _ _ _ _ _ _ _ _ _ _ _ _ _ _ _ _ _ _ _ _ _ _ _ _ _ _ _ _ _ _ _ _ _ _
pytest (3.12)	Run tests	2026-10-06T10:44:56.0997295Z tests\test_terminal_emulator.py:87: in make
pytest (3.12)	Run tests	2026-10-06T10:44:56.0997499Z     emu = HeadlessEmulator(**kwargs)
pytest (3.12)	Run tests	2026-10-06T10:44:56.0997639Z           ^^^^^^^^^^^^^^^^^^^^^^^^^^
pytest (3.12)	Run tests	2026-10-06T10:44:56.0997886Z packages\core\terminal\emulator.py:747: in __init__
pytest (3.12)	Run tests	2026-10-06T10:44:56.0998078Z     self._spawn_and_handshake()
pytest (3.12)	Run tests	2026-10-06T10:44:56.0998319Z packages\core\terminal\emulator.py:838: in _spawn_and_handshake
pytest (3.12)	Run tests	2026-10-06T10:44:56.0998680Z     self._fail_startup(f"sidecar \u4e0d\u53ef\u7528\uff1a{self._startup_failure}")
pytest (3.12)	Run tests	2026-10-06T10:44:56.0998889Z _ _ _ _ _ _ _ _ _ _ _ _ _ _ _ _ _ _ _ _ _ _ _ _ _ _ _ _ _ _ _ _ _ _ _ _ _ _ _ _
pytest (3.12)	Run tests	2026-10-06T10:44:56.0998897Z 
pytest (3.12)	Run tests	2026-10-06T10:44:56.0999383Z self = <packages.core.terminal.emulator.HeadlessEmulator object at 0x000001A8A054CB30>
pytest (3.12)	Run tests	2026-10-06T10:44:56.1000130Z reason = "sidecar \u4e0d\u53ef\u7528\uff1adependency-missing:Cannot find package '@xterm/headless' imported from D:\\\\a\\\\pan\\\\pan\\\\packages\\\\core\\\\terminal\\\\emulator_sidecar\\\\sidecar.mjs"
pytest (3.12)	Run tests	2026-10-06T10:44:56.1000391Z cause = None
pytest (3.12)	Run tests	2026-10-06T10:44:56.1000398Z 
pytest (3.12)	Run tests	2026-10-06T10:44:56.1000787Z     def _fail_startup(self, reason: str, *, cause: BaseException | None = None) -> NoReturn:
pytest (3.12)	Run tests	2026-10-06T10:44:56.1001188Z         """\u6784\u9020\u5931\u8d25\u7edf\u4e00\u51fa\u53e3\uff1a\u6709\u754c\u6574 Job \u6e05\u7406 + \u643a\u5e26 owner/\u6b8b\u7559\u4fe1\u606f\u7684\u5f02\u5e38\u3002
pytest (3.12)	Run tests	2026-10-06T10:44:56.1001315Z     
pytest (3.12)	Run tests	2026-10-06T10:44:56.1001691Z         \u6e05\u7406\u987a\u5e8f\u4e0e ``close`` \u4e00\u81f4\uff08\u5148\u6e05\u6811 \u2192 join \u7ebf\u7a0b \u2192 \u5173\u6d41 \u2192 guard.close\uff09\uff0c
pytest (3.12)	Run tests	2026-10-06T10:44:56.1002048Z         \u603b\u9884\u7b97\u4e3a ``shutdown_timeout``\uff1b\u5f02\u5e38\u643a\u5e26\u53ef\u91cd\u8bd5 ``owner``\uff08``retry_cleanup``\uff09
pytest (3.12)	Run tests	2026-10-06T10:44:56.1002407Z         \u4e0e ``residual``\uff08pid/\u8eab\u4efd/\u6e05\u7406\u6838\u9a8c/stderr \u6458\u8981\uff09\uff0c\u4e0d\u4ec5\u6587\u672c\u3002
pytest (3.12)	Run tests	2026-10-06T10:44:56.1002506Z         """
pytest (3.12)	Run tests	2026-10-06T10:44:56.1002640Z         detail: list[str] = []
pytest (3.12)	Run tests	2026-10-06T10:44:56.1002752Z         owner = StartupCleanupOwner(
pytest (3.12)	Run tests	2026-10-06T10:44:56.1002883Z             proc=self._proc,
pytest (3.12)	Run tests	2026-10-06T10:44:56.1003008Z             guard=self._guard,
pytest (3.12)	Run tests	2026-10-06T10:44:56.1003113Z             pid=self._sidecar_pid,
pytest (3.12)	Run tests	2026-10-06T10:44:56.1003263Z             identity=self._sidecar_identity,
pytest (3.12)	Run tests	2026-10-06T10:44:56.1003373Z             reader=self._reader_thread,
pytest (3.12)	Run tests	2026-10-06T10:44:56.1003512Z             stderr=self._stderr_thread,
pytest (3.12)	Run tests	2026-10-06T10:44:56.1003621Z             applier=self._applier_thread,
pytest (3.12)	Run tests	2026-10-06T10:44:56.1004030Z             kill_timeout=self._kill_timeout,
pytest (3.12)	Run tests	2026-10-06T10:44:56.1004232Z         )
pytest (3.12)	Run tests	2026-10-06T10:44:56.1004343Z         outcome = _reap_process_resources(
pytest (3.12)	Run tests	2026-10-06T10:44:56.1004472Z             proc=self._proc,
pytest (3.12)	Run tests	2026-10-06T10:44:56.1004568Z             guard=self._guard,
pytest (3.12)	Run tests	2026-10-06T10:44:56.1004707Z             pid=self._sidecar_pid,
pytest (3.12)	Run tests	2026-10-06T10:44:56.1004912Z             identity=self._sidecar_identity,
pytest (3.12)	Run tests	2026-10-06T10:44:56.1005048Z             reader=self._reader_thread,
pytest (3.12)	Run tests	2026-10-06T10:44:56.1005188Z             stderr=self._stderr_thread,
pytest (3.12)	Run tests	2026-10-06T10:44:56.1005296Z             applier=self._applier_thread,
pytest (3.12)	Run tests	2026-10-06T10:44:56.1005441Z             budget=self._shutdown_timeout,
pytest (3.12)	Run tests	2026-10-06T10:44:56.1005548Z             kill_timeout=self._kill_timeout,
pytest (3.12)	Run tests	2026-10-06T10:44:56.1005680Z             detail=detail,
pytest (3.12)	Run tests	2026-10-06T10:44:56.1005766Z         )
pytest (3.12)	Run tests	2026-10-06T10:44:56.1005896Z         residual = {
pytest (3.12)	Run tests	2026-10-06T10:44:56.1005995Z             "reason": reason,
pytest (3.12)	Run tests	2026-10-06T10:44:56.1006127Z             "pid": self._sidecar_pid,
pytest (3.12)	Run tests	2026-10-06T10:44:56.1006260Z             "identity_filetime": (
pytest (3.12)	Run tests	2026-10-06T10:44:56.1006411Z                 str(self._sidecar_identity.created_at_filetime)
pytest (3.12)	Run tests	2026-10-06T10:44:56.1006574Z                 if self._sidecar_identity is not None
pytest (3.12)	Run tests	2026-10-06T10:44:56.1006677Z                 else None
pytest (3.12)	Run tests	2026-10-06T10:44:56.1006799Z             ),
pytest (3.12)	Run tests	2026-10-06T10:44:56.1006920Z             "process_exited": outcome["root_dead"],
pytest (3.12)	Run tests	2026-10-06T10:44:56.1007081Z             "job_verified": outcome["job_verified"],
pytest (3.12)	Run tests	2026-10-06T10:44:56.1007231Z             "guard_closed": outcome["guard_closed"],
pytest (3.12)	Run tests	2026-10-06T10:44:56.1007350Z             "cleanup_closed": outcome["closed"],
pytest (3.12)	Run tests	2026-10-06T10:44:56.1007500Z             "cleanup_seconds": outcome["seconds"],
pytest (3.12)	Run tests	2026-10-06T10:44:56.1007659Z             "cleanup_detail": ", ".join(detail) if detail else "ok",
pytest (3.12)	Run tests	2026-10-06T10:44:56.1007825Z             "cleanup_errors": list(outcome["errors"]),
pytest (3.12)	Run tests	2026-10-06T10:44:56.1007944Z             "stderr_digest": self._stderr_digest(),
pytest (3.12)	Run tests	2026-10-06T10:44:56.1008076Z         }
pytest (3.12)	Run tests	2026-10-06T10:44:56.1008201Z         message = (
pytest (3.12)	Run tests	2026-10-06T10:44:56.1008411Z             f"{reason}\uff1b\u6e05\u7406={'converged' if outcome['closed'] else 'retained'}"
pytest (3.12)	Run tests	2026-10-06T10:44:56.1008682Z             f"\uff08{outcome['seconds']}s, pid={self._sidecar_pid}\uff09"
pytest (3.12)	Run tests	2026-10-06T10:44:56.1008772Z         )
pytest (3.12)	Run tests	2026-10-06T10:44:56.1009031Z >       raise EmulatorStartupError(message, owner=owner, residual=residual) from cause
pytest (3.12)	Run tests	2026-10-06T10:44:56.1009869Z E       packages.core.terminal.emulator.EmulatorStartupError: sidecar \u4e0d\u53ef\u7528\uff1adependency-missing:Cannot find package '@xterm/headless' imported from D:\\a\\pan\\pan\\packages\\core\\terminal\\emulator_sidecar\\sidecar.mjs\uff1b\u6e05\u7406=converged\uff080.0s, pid=8260\uff09
pytest (3.12)	Run tests	2026-10-06T10:44:56.1009910Z 
pytest (3.12)	Run tests	2026-10-06T10:44:56.1010082Z packages\core\terminal\emulator.py:904: EmulatorStartupError
pytest (3.12)	Run tests	2026-10-06T10:44:56.1010303Z ____________________ test_resize_wait_confirmation_surface ____________________
pytest (3.12)	Run tests	2026-10-06T10:44:56.1010308Z 
pytest (3.12)	Run tests	2026-10-06T10:44:56.1010492Z emu_factory = <function emu_factory.<locals>.make at 0x000001A89C588B80>
pytest (3.12)	Run tests	2026-10-06T10:44:56.1010534Z 
pytest (3.12)	Run tests	2026-10-06T10:44:56.1010689Z     def test_resize_wait_confirmation_surface(emu_factory):
pytest (3.12)	Run tests	2026-10-06T10:44:56.1011200Z         """resize \u786e\u8ba4\u9762\uff1a\u975e\u963b\u585e resize \u65e0\u56de\u6267\uff08\u4e0d\u5f97\u63a8\u65ad\u4e09\u65b9\u4e00\u81f4\uff09\uff1bresize_wait \u53ef\u786e\u8ba4\u3002"""
pytest (3.12)	Run tests	2026-10-06T10:44:56.1011311Z >       emu = emu_factory()
pytest (3.12)	Run tests	2026-10-06T10:44:56.1011440Z               ^^^^^^^^^^^^^
pytest (3.12)	Run tests	2026-10-06T10:44:56.1011446Z 
pytest (3.12)	Run tests	2026-10-06T10:44:56.1011564Z tests\test_terminal_emulator.py:1039: 
pytest (3.12)	Run tests	2026-10-06T10:44:56.1011742Z _ _ _ _ _ _ _ _ _ _ _ _ _ _ _ _ _ _ _ _ _ _ _ _ _ _ _ _ _ _ _ _ _ _ _ _ _ _ _ _
pytest (3.12)	Run tests	2026-10-06T10:44:56.1011902Z tests\test_terminal_emulator.py:87: in make
pytest (3.12)	Run tests	2026-10-06T10:44:56.1012017Z     emu = HeadlessEmulator(**kwargs)
pytest (3.12)	Run tests	2026-10-06T10:44:56.1012150Z           ^^^^^^^^^^^^^^^^^^^^^^^^^^
pytest (3.12)	Run tests	2026-10-06T10:44:56.1012288Z packages\core\terminal\emulator.py:747: in __init__
pytest (3.12)	Run tests	2026-10-06T10:44:56.1012431Z     self._spawn_and_handshake()
pytest (3.12)	Run tests	2026-10-06T10:44:56.1012604Z packages\core\terminal\emulator.py:838: in _spawn_and_handshake
pytest (3.12)	Run tests	2026-10-06T10:44:56.1012847Z     self._fail_startup(f"sidecar \u4e0d\u53ef\u7528\uff1a{self._startup_failure}")
pytest (3.12)	Run tests	2026-10-06T10:44:56.1013089Z _ _ _ _ _ _ _ _ _ _ _ _ _ _ _ _ _ _ _ _ _ _ _ _ _ _ _ _ _ _ _ _ _ _ _ _ _ _ _ _
pytest (3.12)	Run tests	2026-10-06T10:44:56.1013095Z 
pytest (3.12)	Run tests	2026-10-06T10:44:56.1013342Z self = <packages.core.terminal.emulator.HeadlessEmulator object at 0x000001A8A055A000>
pytest (3.12)	Run tests	2026-10-06T10:44:56.1013912Z reason = "sidecar \u4e0d\u53ef\u7528\uff1adependency-missing:Cannot find package '@xterm/headless' imported from D:\\\\a\\\\pan\\\\pan\\\\packages\\\\core\\\\terminal\\\\emulator_sidecar\\\\sidecar.mjs"
pytest (3.12)	Run tests	2026-10-06T10:44:56.1014007Z cause = None
pytest (3.12)	Run tests	2026-10-06T10:44:56.1014048Z 
pytest (3.12)	Run tests	2026-10-06T10:44:56.1014277Z     def _fail_startup(self, reason: str, *, cause: BaseException | None = None) -> NoReturn:
pytest (3.12)	Run tests	2026-10-06T10:44:56.1014706Z         """\u6784\u9020\u5931\u8d25\u7edf\u4e00\u51fa\u53e3\uff1a\u6709\u754c\u6574 Job \u6e05\u7406 + \u643a\u5e26 owner/\u6b8b\u7559\u4fe1\u606f\u7684\u5f02\u5e38\u3002
pytest (3.12)	Run tests	2026-10-06T10:44:56.1014801Z     
pytest (3.12)	Run tests	2026-10-06T10:44:56.1015209Z         \u6e05\u7406\u987a\u5e8f\u4e0e ``close`` \u4e00\u81f4\uff08\u5148\u6e05\u6811 \u2192 join \u7ebf\u7a0b \u2192 \u5173\u6d41 \u2192 guard.close\uff09\uff0c
pytest (3.12)	Run tests	2026-10-06T10:44:56.1015549Z         \u603b\u9884\u7b97\u4e3a ``shutdown_timeout``\uff1b\u5f02\u5e38\u643a\u5e26\u53ef\u91cd\u8bd5 ``owner``\uff08``retry_cleanup``\uff09
pytest (3.12)	Run tests	2026-10-06T10:44:56.1015912Z         \u4e0e ``residual``\uff08pid/\u8eab\u4efd/\u6e05\u7406\u6838\u9a8c/stderr \u6458\u8981\uff09\uff0c\u4e0d\u4ec5\u6587\u672c\u3002
pytest (3.12)	Run tests	2026-10-06T10:44:56.1016035Z         """
pytest (3.12)	Run tests	2026-10-06T10:44:56.1016138Z         detail: list[str] = []
pytest (3.12)	Run tests	2026-10-06T10:44:56.1016294Z         owner = StartupCleanupOwner(
pytest (3.12)	Run tests	2026-10-06T10:44:56.1016393Z             proc=self._proc,
pytest (3.12)	Run tests	2026-10-06T10:44:56.1016528Z             guard=self._guard,
pytest (3.12)	Run tests	2026-10-06T10:44:56.1016662Z             pid=self._sidecar_pid,
pytest (3.12)	Run tests	2026-10-06T10:44:56.1016774Z             identity=self._sidecar_identity,
pytest (3.12)	Run tests	2026-10-06T10:44:56.1016897Z             reader=self._reader_thread,
pytest (3.12)	Run tests	2026-10-06T10:44:56.1017061Z             stderr=self._stderr_thread,
pytest (3.12)	Run tests	2026-10-06T10:44:56.1017204Z             applier=self._applier_thread,
pytest (3.12)	Run tests	2026-10-06T10:44:56.1017313Z             kill_timeout=self._kill_timeout,
pytest (3.12)	Run tests	2026-10-06T10:44:56.1017420Z         )
pytest (3.12)	Run tests	2026-10-06T10:44:56.1017518Z         outcome = _reap_process_resources(
pytest (3.12)	Run tests	2026-10-06T10:44:56.1017649Z             proc=self._proc,
pytest (3.12)	Run tests	2026-10-06T10:44:56.1017773Z             guard=self._guard,
pytest (3.12)	Run tests	2026-10-06T10:44:56.1017877Z             pid=self._sidecar_pid,
pytest (3.12)	Run tests	2026-10-06T10:44:56.1018024Z             identity=self._sidecar_identity,
pytest (3.12)	Run tests	2026-10-06T10:44:56.1018125Z             reader=self._reader_thread,
pytest (3.12)	Run tests	2026-10-06T10:44:56.1018260Z             stderr=self._stderr_thread,
pytest (3.12)	Run tests	2026-10-06T10:44:56.1018371Z             applier=self._applier_thread,
pytest (3.12)	Run tests	2026-10-06T10:44:56.1018509Z             budget=self._shutdown_timeout,
pytest (3.12)	Run tests	2026-10-06T10:44:56.1018648Z             kill_timeout=self._kill_timeout,
pytest (3.12)	Run tests	2026-10-06T10:44:56.1018743Z             detail=detail,
pytest (3.12)	Run tests	2026-10-06T10:44:56.1018863Z         )
pytest (3.12)	Run tests	2026-10-06T10:44:56.1018956Z         residual = {
pytest (3.12)	Run tests	2026-10-06T10:44:56.1019092Z             "reason": reason,
pytest (3.12)	Run tests	2026-10-06T10:44:56.1019200Z             "pid": self._sidecar_pid,
pytest (3.12)	Run tests	2026-10-06T10:44:56.1019333Z             "identity_filetime": (
pytest (3.12)	Run tests	2026-10-06T10:44:56.1019873Z                 str(self._sidecar_identity.created_at_filetime)
pytest (3.12)	Run tests	2026-10-06T10:44:56.1020012Z                 if self._sidecar_identity is not None
pytest (3.12)	Run tests	2026-10-06T10:44:56.1020140Z                 else None
pytest (3.12)	Run tests	2026-10-06T10:44:56.1020228Z             ),
pytest (3.12)	Run tests	2026-10-06T10:44:56.1020384Z             "process_exited": outcome["root_dead"],
pytest (3.12)	Run tests	2026-10-06T10:44:56.1020506Z             "job_verified": outcome["job_verified"],
pytest (3.12)	Run tests	2026-10-06T10:44:56.1020659Z             "guard_closed": outcome["guard_closed"],
pytest (3.12)	Run tests	2026-10-06T10:44:56.1020808Z             "cleanup_closed": outcome["closed"],
pytest (3.12)	Run tests	2026-10-06T10:44:56.1020926Z             "cleanup_seconds": outcome["seconds"],
pytest (3.12)	Run tests	2026-10-06T10:44:56.1021116Z             "cleanup_detail": ", ".join(detail) if detail else "ok",
pytest (3.12)	Run tests	2026-10-06T10:44:56.1021250Z             "cleanup_errors": list(outcome["errors"]),
pytest (3.12)	Run tests	2026-10-06T10:44:56.1021485Z             "stderr_digest": self._stderr_digest(),
pytest (3.12)	Run tests	2026-10-06T10:44:56.1021570Z         }
pytest (3.12)	Run tests	2026-10-06T10:44:56.1021693Z         message = (
pytest (3.12)	Run tests	2026-10-06T10:44:56.1021936Z             f"{reason}\uff1b\u6e05\u7406={'converged' if outcome['closed'] else 'retained'}"
pytest (3.12)	Run tests	2026-10-06T10:44:56.1022106Z             f"\uff08{outcome['seconds']}s, pid={self._sidecar_pid}\uff09"
pytest (3.12)	Run tests	2026-10-06T10:44:56.1022226Z         )
pytest (3.12)	Run tests	2026-10-06T10:44:56.1022446Z >       raise EmulatorStartupError(message, owner=owner, residual=residual) from cause
pytest (3.12)	Run tests	2026-10-06T10:44:56.1023316Z E       packages.core.terminal.emulator.EmulatorStartupError: sidecar \u4e0d\u53ef\u7528\uff1adependency-missing:Cannot find package '@xterm/headless' imported from D:\\a\\pan\\pan\\packages\\core\\terminal\\emulator_sidecar\\sidecar.mjs\uff1b\u6e05\u7406=converged\uff080.016s, pid=2472\uff09
pytest (3.12)	Run tests	2026-10-06T10:44:56.1023328Z 
pytest (3.12)	Run tests	2026-10-06T10:44:56.1023528Z packages\core\terminal\emulator.py:904: EmulatorStartupError
pytest (3.12)	Run tests	2026-10-06T10:44:56.1023746Z __________ test_close_timeout_bounds_total_call_including_lock_wait ___________
pytest (3.12)	Run tests	2026-10-06T10:44:56.1023752Z 
pytest (3.12)	Run tests	2026-10-06T10:44:56.1024287Z emu_factory = <function emu_factory.<locals>.make at 0x000001A89C58B100>
pytest (3.12)	Run tests	2026-10-06T10:44:56.1024302Z 
pytest (3.12)	Run tests	2026-10-06T10:44:56.1024507Z     def test_close_timeout_bounds_total_call_including_lock_wait(emu_factory):
pytest (3.12)	Run tests	2026-10-06T10:44:56.1024958Z         """F1\uff1aclose(timeout) \u662f**\u672c\u6b21\u8c03\u7528**\u603b\u9884\u7b97\uff08\u4ece\u5165\u53e3\u8ba1\u65f6\uff0c\u542b _close_lock \u6392\u961f\uff09\u3002
pytest (3.12)	Run tests	2026-10-06T10:44:56.1025081Z     
pytest (3.12)	Run tests	2026-10-06T10:44:56.1025503Z         - T1 \u6301\u9501\u65f6 T2 \u77ed budget \u5fc5\u987b\u5728\u5176\u9884\u7b97\u5185\u6709\u754c\u8fd4\u56de\u5408\u6cd5 closed=False + \u9501\u5fd9\u8bca\u65ad\uff1b
pytest (3.12)	Run tests	2026-10-06T10:44:56.1025808Z         - T2 \u4e0d\u5199\u53e6\u4e00\u8c03\u7528\u7684\u72b6\u6001/\u7f13\u5b58\uff08\u4fdd owner\uff09\uff1b
pytest (3.12)	Run tests	2026-10-06T10:44:56.1026317Z         - T1 \u6536\u655b\u540e\u91cd\u8bd5\u6210\u529f\u4e14 seconds \u4e3a\u672c\u6b21\u8c03\u7528\u5b9e\u9645\u8017\u65f6\uff08\u4e0d\u7528 T1 \u8017\u65f6\u5192\u5145\uff09\uff1b
pytest (3.12)	Run tests	2026-10-06T10:44:56.1026670Z         - timeout=0 \u8fb9\u754c\u660e\u786e\u4e0d\u5012\u9000\uff08\u5408\u6cd5\u62a5\u544a\uff0c\u91cd\u8bd5\u6536\u655b\uff09\u3002
pytest (3.12)	Run tests	2026-10-06T10:44:56.1026792Z         """
pytest (3.12)	Run tests	2026-10-06T10:44:56.1026893Z >       emu = emu_factory()
pytest (3.12)	Run tests	2026-10-06T10:44:56.1027017Z               ^^^^^^^^^^^^^
pytest (3.12)	Run tests	2026-10-06T10:44:56.1027023Z 
pytest (3.12)	Run tests	2026-10-06T10:44:56.1027140Z tests\test_terminal_emulator.py:1068: 
pytest (3.12)	Run tests	2026-10-06T10:44:56.1027326Z _ _ _ _ _ _ _ _ _ _ _ _ _ _ _ _ _ _ _ _ _ _ _ _ _ _ _ _ _ _ _ _ _ _ _ _ _ _ _ _
pytest (3.12)	Run tests	2026-10-06T10:44:56.1027482Z tests\test_terminal_emulator.py:87: in make
pytest (3.12)	Run tests	2026-10-06T10:44:56.1027596Z     emu = HeadlessEmulator(**kwargs)
pytest (3.12)	Run tests	2026-10-06T10:44:56.1027725Z           ^^^^^^^^^^^^^^^^^^^^^^^^^^
pytest (3.12)	Run tests	2026-10-06T10:44:56.1027867Z packages\core\terminal\emulator.py:747: in __init__
pytest (3.12)	Run tests	2026-10-06T10:44:56.1028018Z     self._spawn_and_handshake()
pytest (3.12)	Run tests	2026-10-06T10:44:56.1028187Z packages\core\terminal\emulator.py:838: in _spawn_and_handshake
pytest (3.12)	Run tests	2026-10-06T10:44:56.1028431Z     self._fail_startup(f"sidecar \u4e0d\u53ef\u7528\uff1a{self._startup_failure}")
pytest (3.12)	Run tests	2026-10-06T10:44:56.1028600Z _ _ _ _ _ _ _ _ _ _ _ _ _ _ _ _ _ _ _ _ _ _ _ _ _ _ _ _ _ _ _ _ _ _ _ _ _ _ _ _
pytest (3.12)	Run tests	2026-10-06T10:44:56.1028605Z 
pytest (3.12)	Run tests	2026-10-06T10:44:56.1028855Z self = <packages.core.terminal.emulator.HeadlessEmulator object at 0x000001A89AAD1F70>
pytest (3.12)	Run tests	2026-10-06T10:44:56.1029435Z reason = "sidecar \u4e0d\u53ef\u7528\uff1adependency-missing:Cannot find package '@xterm/headless' imported from D:\\\\a\\\\pan\\\\pan\\\\packages\\\\core\\\\terminal\\\\emulator_sidecar\\\\sidecar.mjs"
pytest (3.12)	Run tests	2026-10-06T10:44:56.1029527Z cause = None
pytest (3.12)	Run tests	2026-10-06T10:44:56.1029568Z 
pytest (3.12)	Run tests	2026-10-06T10:44:56.1029797Z     def _fail_startup(self, reason: str, *, cause: BaseException | None = None) -> NoReturn:
pytest (3.12)	Run tests	2026-10-06T10:44:56.1030234Z         """\u6784\u9020\u5931\u8d25\u7edf\u4e00\u51fa\u53e3\uff1a\u6709\u754c\u6574 Job \u6e05\u7406 + \u643a\u5e26 owner/\u6b8b\u7559\u4fe1\u606f\u7684\u5f02\u5e38\u3002
pytest (3.12)	Run tests	2026-10-06T10:44:56.1030395Z     
pytest (3.12)	Run tests	2026-10-06T10:44:56.1030806Z         \u6e05\u7406\u987a\u5e8f\u4e0e ``close`` \u4e00\u81f4\uff08\u5148\u6e05\u6811 \u2192 join \u7ebf\u7a0b \u2192 \u5173\u6d41 \u2192 guard.close\uff09\uff0c
pytest (3.12)	Run tests	2026-10-06T10:44:56.1031146Z         \u603b\u9884\u7b97\u4e3a ``shutdown_timeout``\uff1b\u5f02\u5e38\u643a\u5e26\u53ef\u91cd\u8bd5 ``owner``\uff08``retry_cleanup``\uff09
pytest (3.12)	Run tests	2026-10-06T10:44:56.1031515Z         \u4e0e ``residual``\uff08pid/\u8eab\u4efd/\u6e05\u7406\u6838\u9a8c/stderr \u6458\u8981\uff09\uff0c\u4e0d\u4ec5\u6587\u672c\u3002
pytest (3.12)	Run tests	2026-10-06T10:44:56.1031644Z         """
pytest (3.12)	Run tests	2026-10-06T10:44:56.1031735Z         detail: list[str] = []
pytest (3.12)	Run tests	2026-10-06T10:44:56.1031885Z         owner = StartupCleanupOwner(
pytest (3.12)	Run tests	2026-10-06T10:44:56.1031990Z             proc=self._proc,
pytest (3.12)	Run tests	2026-10-06T10:44:56.1032126Z             guard=self._guard,
pytest (3.12)	Run tests	2026-10-06T10:44:56.1032236Z             pid=self._sidecar_pid,
pytest (3.12)	Run tests	2026-10-06T10:44:56.1032387Z             identity=self._sidecar_identity,
pytest (3.12)	Run tests	2026-10-06T10:44:56.1032522Z             reader=self._reader_thread,
pytest (3.12)	Run tests	2026-10-06T10:44:56.1032626Z             stderr=self._stderr_thread,
pytest (3.12)	Run tests	2026-10-06T10:44:56.1032773Z             applier=self._applier_thread,
pytest (3.12)	Run tests	2026-10-06T10:44:56.1032885Z             kill_timeout=self._kill_timeout,
pytest (3.12)	Run tests	2026-10-06T10:44:56.1033005Z         )
pytest (3.12)	Run tests	2026-10-06T10:44:56.1033117Z         outcome = _reap_process_resources(
pytest (3.12)	Run tests	2026-10-06T10:44:56.1033255Z             proc=self._proc,
pytest (3.12)	Run tests	2026-10-06T10:44:56.1033389Z             guard=self._guard,
pytest (3.12)	Run tests	2026-10-06T10:44:56.1033490Z             pid=self._sidecar_pid,
pytest (3.12)	Run tests	2026-10-06T10:44:56.1033633Z             identity=self._sidecar_identity,
pytest (3.12)	Run tests	2026-10-06T10:44:56.1033742Z             reader=self._reader_thread,
pytest (3.12)	Run tests	2026-10-06T10:44:56.1033881Z             stderr=self._stderr_thread,
pytest (3.12)	Run tests	2026-10-06T10:44:56.1033990Z             applier=self._applier_thread,
pytest (3.12)	Run tests	2026-10-06T10:44:56.1034333Z             budget=self._shutdown_timeout,
pytest (3.12)	Run tests	2026-10-06T10:44:56.1034478Z             kill_timeout=self._kill_timeout,
pytest (3.12)	Run tests	2026-10-06T10:44:56.1034620Z             detail=detail,
pytest (3.12)	Run tests	2026-10-06T10:44:56.1034778Z         )
pytest (3.12)	Run tests	2026-10-06T10:44:56.1034910Z         residual = {
pytest (3.12)	Run tests	2026-10-06T10:44:56.1035092Z             "reason": reason,
pytest (3.12)	Run tests	2026-10-06T10:44:56.1035249Z             "pid": self._sidecar_pid,
pytest (3.12)	Run tests	2026-10-06T10:44:56.1035450Z             "identity_filetime": (
pytest (3.12)	Run tests	2026-10-06T10:44:56.1035711Z                 str(self._sidecar_identity.created_at_filetime)
pytest (3.12)	Run tests	2026-10-06T10:44:56.1035899Z                 if self._sidecar_identity is not None
pytest (3.12)	Run tests	2026-10-06T10:44:56.1036080Z                 else None
pytest (3.12)	Run tests	2026-10-06T10:44:56.1036196Z             ),
pytest (3.12)	Run tests	2026-10-06T10:44:56.1036420Z             "process_exited": outcome["root_dead"],
pytest (3.12)	Run tests	2026-10-06T10:44:56.1036600Z             "job_verified": outcome["job_verified"],
pytest (3.12)	Run tests	2026-10-06T10:44:56.1036822Z             "guard_closed": outcome["guard_closed"],
pytest (3.12)	Run tests	2026-10-06T10:44:56.1037028Z             "cleanup_closed": outcome["closed"],
pytest (3.12)	Run tests	2026-10-06T10:44:56.1037207Z             "cleanup_seconds": outcome["seconds"],
pytest (3.12)	Run tests	2026-10-06T10:44:56.1037470Z             "cleanup_detail": ", ".join(detail) if detail else "ok",
pytest (3.12)	Run tests	2026-10-06T10:44:56.1037646Z             "cleanup_errors": list(outcome["errors"]),
pytest (3.12)	Run tests	2026-10-06T10:44:56.1037864Z             "stderr_digest": self._stderr_digest(),
pytest (3.12)	Run tests	2026-10-06T10:44:56.1037987Z         }
pytest (3.12)	Run tests	2026-10-06T10:44:56.1038164Z         message = (
pytest (3.12)	Run tests	2026-10-06T10:44:56.1038496Z             f"{reason}\uff1b\u6e05\u7406={'converged' if outcome['closed'] else 'retained'}"
pytest (3.12)	Run tests	2026-10-06T10:44:56.1038768Z             f"\uff08{outcome['seconds']}s, pid={self._sidecar_pid}\uff09"
pytest (3.12)	Run tests	2026-10-06T10:44:56.1038923Z         )
pytest (3.12)	Run tests	2026-10-06T10:44:56.1039209Z >       raise EmulatorStartupError(message, owner=owner, residual=residual) from cause
pytest (3.12)	Run tests	2026-10-06T10:44:56.1040353Z E       packages.core.terminal.emulator.EmulatorStartupError: sidecar \u4e0d\u53ef\u7528\uff1adependency-missing:Cannot find package '@xterm/headless' imported from D:\\a\\pan\\pan\\packages\\core\\terminal\\emulator_sidecar\\sidecar.mjs\uff1b\u6e05\u7406=converged\uff080.015s, pid=5504\uff09
pytest (3.12)	Run tests	2026-10-06T10:44:56.1040485Z 
pytest (3.12)	Run tests	2026-10-06T10:44:56.1040737Z packages\core\terminal\emulator.py:904: EmulatorStartupError
pytest (3.12)	Run tests	2026-10-06T10:44:56.1040997Z _________________ test_kill_timeout_wired_to_remaining_budget _________________
pytest (3.12)	Run tests	2026-10-06T10:44:56.1041004Z 
pytest (3.12)	Run tests	2026-10-06T10:44:56.1041312Z emu_factory = <function emu_factory.<locals>.make at 0x000001A89C58B420>
pytest (3.12)	Run tests	2026-10-06T10:44:56.1041936Z fake_sidecar = WindowsPath('C:/Users/runneradmin/AppData/Local/Temp/pytest-of-runneradmin/pytest-0/test_kill_timeout_wired_to_rem0/fake_sidecar.cjs')
pytest (3.12)	Run tests	2026-10-06T10:44:56.1042275Z monkeypatch = <_pytest.monkeypatch.MonkeyPatch object at 0x000001A89AA94230>
pytest (3.12)	Run tests	2026-10-06T10:44:56.1042795Z tmp_path = WindowsPath('C:/Users/runneradmin/AppData/Local/Temp/pytest-of-runneradmin/pytest-0/test_kill_timeout_wired_to_rem0')
pytest (3.12)	Run tests	2026-10-06T10:44:56.1042809Z 
pytest (3.12)	Run tests	2026-10-06T10:44:56.1042981Z     def test_kill_timeout_wired_to_remaining_budget(
pytest (3.12)	Run tests	2026-10-06T10:44:56.1043234Z         emu_factory, fake_sidecar, monkeypatch, tmp_path
pytest (3.12)	Run tests	2026-10-06T10:44:56.1043353Z     ):
pytest (3.12)	Run tests	2026-10-06T10:44:56.1043896Z         """F3\uff1akill_timeout \u63a5\u5165\u6bcf\u6b21 kill \u7b49\u5f85\u4e0a\u9650 = min(\u5269\u4f59\u603b\u9884\u7b97, kill_timeout)\uff1b
pytest (3.12)	Run tests	2026-10-06T10:44:56.1044903Z         close / \u6784\u9020\u5931\u8d25\u6e05\u7406 / owner \u91cd\u8bd5\u4e09\u6761\u8def\u5f84\u53c2\u6570\u4e00\u81f4\uff08\u4e0d\u8bef\u79f0\u786c OS SLA\uff09\u3002"""
pytest (3.12)	Run tests	2026-10-06T10:44:56.1045056Z         captured: list = []
pytest (3.12)	Run tests	2026-10-06T10:44:56.1045267Z         real_kv = identity_module.kill_verified
pytest (3.12)	Run tests	2026-10-06T10:44:56.1045381Z     
pytest (3.12)	Run tests	2026-10-06T10:44:56.1045671Z         def spy_kv(pid, expected, *, exit_code=0xDEAD, wait_timeout=5.0):
pytest (3.12)	Run tests	2026-10-06T10:44:56.1045836Z             captured.append(float(wait_timeout))
pytest (3.12)	Run tests	2026-10-06T10:44:56.1046181Z             return real_kv(pid, expected, exit_code=exit_code, wait_timeout=wait_timeout)
pytest (3.12)	Run tests	2026-10-06T10:44:56.1046472Z     
pytest (3.12)	Run tests	2026-10-06T10:44:56.1046737Z         monkeypatch.setattr(identity_module, "kill_verified", spy_kv)
pytest (3.12)	Run tests	2026-10-06T10:44:56.1046876Z         kill_timeout = 1.0
pytest (3.12)	Run tests	2026-10-06T10:44:56.1046956Z     
pytest (3.12)	Run tests	2026-10-06T10:44:56.1047432Z         # (a) close \u9884\u7b97\u4e0d\u8db3\uff1a\u7b49\u5f85\u4e0a\u9650\u8ddf\u968f\u5269\u4f59\u603b\u9884\u7b97\uff08< kill_timeout\uff09
pytest (3.12)	Run tests	2026-10-06T10:44:56.1047595Z >       emu = emu_factory(kill_timeout=kill_timeout)
pytest (3.12)	Run tests	2026-10-06T10:44:56.1047705Z               ^^^^^^^^^^^^^^^^^^^^^^^^^^^^^^^^^^^^^^
pytest (3.12)	Run tests	2026-10-06T10:44:56.1047713Z 
pytest (3.12)	Run tests	2026-10-06T10:44:56.1047838Z tests\test_terminal_emulator.py:1226: 
pytest (3.12)	Run tests	2026-10-06T10:44:56.1047996Z _ _ _ _ _ _ _ _ _ _ _ _ _ _ _ _ _ _ _ _ _ _ _ _ _ _ _ _ _ _ _ _ _ _ _ _ _ _ _ _
pytest (3.12)	Run tests	2026-10-06T10:44:56.1048137Z tests\test_terminal_emulator.py:87: in make
pytest (3.12)	Run tests	2026-10-06T10:44:56.1048255Z     emu = HeadlessEmulator(**kwargs)
pytest (3.12)	Run tests	2026-10-06T10:44:56.1048375Z           ^^^^^^^^^^^^^^^^^^^^^^^^^^
pytest (3.12)	Run tests	2026-10-06T10:44:56.1048556Z packages\core\terminal\emulator.py:747: in __init__
pytest (3.12)	Run tests	2026-10-06T10:44:56.1048668Z     self._spawn_and_handshake()
pytest (3.12)	Run tests	2026-10-06T10:44:56.1048881Z packages\core\terminal\emulator.py:838: in _spawn_and_handshake
pytest (3.12)	Run tests	2026-10-06T10:44:56.1049155Z     self._fail_startup(f"sidecar \u4e0d\u53ef\u7528\uff1a{self._startup_failure}")
pytest (3.12)	Run tests	2026-10-06T10:44:56.1049329Z _ _ _ _ _ _ _ _ _ _ _ _ _ _ _ _ _ _ _ _ _ _ _ _ _ _ _ _ _ _ _ _ _ _ _ _ _ _ _ _
pytest (3.12)	Run tests	2026-10-06T10:44:56.1049337Z 
pytest (3.12)	Run tests	2026-10-06T10:44:56.1049645Z self = <packages.core.terminal.emulator.HeadlessEmulator object at 0x000001A89AA97590>
pytest (3.12)	Run tests	2026-10-06T10:44:56.1050415Z reason = "sidecar \u4e0d\u53ef\u7528\uff1adependency-missing:Cannot find package '@xterm/headless' imported from D:\\\\a\\\\pan\\\\pan\\\\packages\\\\core\\\\terminal\\\\emulator_sidecar\\\\sidecar.mjs"
pytest (3.12)	Run tests	2026-10-06T10:44:56.1050495Z cause = None
pytest (3.12)	Run tests	2026-10-06T10:44:56.1050500Z 
pytest (3.12)	Run tests	2026-10-06T10:44:56.1050705Z     def _fail_startup(self, reason: str, *, cause: BaseException | None = None) -> NoReturn:
pytest (3.12)	Run tests	2026-10-06T10:44:56.1051086Z         """\u6784\u9020\u5931\u8d25\u7edf\u4e00\u51fa\u53e3\uff1a\u6709\u754c\u6574 Job \u6e05\u7406 + \u643a\u5e26 owner/\u6b8b\u7559\u4fe1\u606f\u7684\u5f02\u5e38\u3002
pytest (3.12)	Run tests	2026-10-06T10:44:56.1051278Z     
pytest (3.12)	Run tests	2026-10-06T10:44:56.1051628Z         \u6e05\u7406\u987a\u5e8f\u4e0e ``close`` \u4e00\u81f4\uff08\u5148\u6e05\u6811 \u2192 join \u7ebf\u7a0b \u2192 \u5173\u6d41 \u2192 guard.close\uff09\uff0c
pytest (3.12)	Run tests	2026-10-06T10:44:56.1051947Z         \u603b\u9884\u7b97\u4e3a ``shutdown_timeout``\uff1b\u5f02\u5e38\u643a\u5e26\u53ef\u91cd\u8bd5 ``owner``\uff08``retry_cleanup``\uff09
pytest (3.12)	Run tests	2026-10-06T10:44:56.1052243Z         \u4e0e ``residual``\uff08pid/\u8eab\u4efd/\u6e05\u7406\u6838\u9a8c/stderr \u6458\u8981\uff09\uff0c\u4e0d\u4ec5\u6587\u672c\u3002
pytest (3.12)	Run tests	2026-10-06T10:44:56.1052314Z         """
pytest (3.12)	Run tests	2026-10-06T10:44:56.1052404Z         detail: list[str] = []
pytest (3.12)	Run tests	2026-10-06T10:44:56.1052490Z         owner = StartupCleanupOwner(
pytest (3.12)	Run tests	2026-10-06T10:44:56.1052586Z             proc=self._proc,
pytest (3.12)	Run tests	2026-10-06T10:44:56.1052662Z             guard=self._guard,
pytest (3.12)	Run tests	2026-10-06T10:44:56.1052757Z             pid=self._sidecar_pid,
pytest (3.12)	Run tests	2026-10-06T10:44:56.1052849Z             identity=self._sidecar_identity,
pytest (3.12)	Run tests	2026-10-06T10:44:56.1052941Z             reader=self._reader_thread,
pytest (3.12)	Run tests	2026-10-06T10:44:56.1053029Z             stderr=self._stderr_thread,
pytest (3.12)	Run tests	2026-10-06T10:44:56.1053116Z             applier=self._applier_thread,
pytest (3.12)	Run tests	2026-10-06T10:44:56.1053211Z             kill_timeout=self._kill_timeout,
pytest (3.12)	Run tests	2026-10-06T10:44:56.1053274Z         )
pytest (3.12)	Run tests	2026-10-06T10:44:56.1053376Z         outcome = _reap_process_resources(
pytest (3.12)	Run tests	2026-10-06T10:44:56.1053447Z             proc=self._proc,
pytest (3.12)	Run tests	2026-10-06T10:44:56.1053529Z             guard=self._guard,
pytest (3.12)	Run tests	2026-10-06T10:44:56.1053613Z             pid=self._sidecar_pid,
pytest (3.12)	Run tests	2026-10-06T10:44:56.1053696Z             identity=self._sidecar_identity,
pytest (3.12)	Run tests	2026-10-06T10:44:56.1053781Z             reader=self._reader_thread,
pytest (3.12)	Run tests	2026-10-06T10:44:56.1053862Z             stderr=self._stderr_thread,
pytest (3.12)	Run tests	2026-10-06T10:44:56.1054035Z             applier=self._applier_thread,
pytest (3.12)	Run tests	2026-10-06T10:44:56.1054121Z             budget=self._shutdown_timeout,
pytest (3.12)	Run tests	2026-10-06T10:44:56.1054214Z             kill_timeout=self._kill_timeout,
pytest (3.12)	Run tests	2026-10-06T10:44:56.1054286Z             detail=detail,
pytest (3.12)	Run tests	2026-10-06T10:44:56.1054357Z         )
pytest (3.12)	Run tests	2026-10-06T10:44:56.1054434Z         residual = {
pytest (3.12)	Run tests	2026-10-06T10:44:56.1054505Z             "reason": reason,
pytest (3.12)	Run tests	2026-10-06T10:44:56.1054602Z             "pid": self._sidecar_pid,
pytest (3.12)	Run tests	2026-10-06T10:44:56.1054679Z             "identity_filetime": (
pytest (3.12)	Run tests	2026-10-06T10:44:56.1054811Z                 str(self._sidecar_identity.created_at_filetime)
pytest (3.12)	Run tests	2026-10-06T10:44:56.1054910Z                 if self._sidecar_identity is not None
pytest (3.12)	Run tests	2026-10-06T10:44:56.1054994Z                 else None
pytest (3.12)	Run tests	2026-10-06T10:44:56.1055072Z             ),
pytest (3.12)	Run tests	2026-10-06T10:44:56.1055172Z             "process_exited": outcome["root_dead"],
pytest (3.12)	Run tests	2026-10-06T10:44:56.1055279Z             "job_verified": outcome["job_verified"],
pytest (3.12)	Run tests	2026-10-06T10:44:56.1055376Z             "guard_closed": outcome["guard_closed"],
pytest (3.12)	Run tests	2026-10-06T10:44:56.1055478Z             "cleanup_closed": outcome["closed"],
pytest (3.12)	Run tests	2026-10-06T10:44:56.1055576Z             "cleanup_seconds": outcome["seconds"],
pytest (3.12)	Run tests	2026-10-06T10:44:56.1055721Z             "cleanup_detail": ", ".join(detail) if detail else "ok",
pytest (3.12)	Run tests	2026-10-06T10:44:56.1055832Z             "cleanup_errors": list(outcome["errors"]),
pytest (3.12)	Run tests	2026-10-06T10:44:56.1055925Z             "stderr_digest": self._stderr_digest(),
pytest (3.12)	Run tests	2026-10-06T10:44:56.1055994Z         }
pytest (3.12)	Run tests	2026-10-06T10:44:56.1056059Z         message = (
pytest (3.12)	Run tests	2026-10-06T10:44:56.1056253Z             f"{reason}\uff1b\u6e05\u7406={'converged' if outcome['closed'] else 'retained'}"
pytest (3.12)	Run tests	2026-10-06T10:44:56.1056396Z             f"\uff08{outcome['seconds']}s, pid={self._sidecar_pid}\uff09"
pytest (3.12)	Run tests	2026-10-06T10:44:56.1056463Z         )
pytest (3.12)	Run tests	2026-10-06T10:44:56.1056669Z >       raise EmulatorStartupError(message, owner=owner, residual=residual) from cause
pytest (3.12)	Run tests	2026-10-06T10:44:56.1057474Z E       packages.core.terminal.emulator.EmulatorStartupError: sidecar \u4e0d\u53ef\u7528\uff1adependency-missing:Cannot find package '@xterm/headless' imported from D:\\a\\pan\\pan\\packages\\core\\terminal\\emulator_sidecar\\sidecar.mjs\uff1b\u6e05\u7406=converged\uff080.0s, pid=1248\uff09
pytest (3.12)	Run tests	2026-10-06T10:44:56.1057551Z 
pytest (3.12)	Run tests	2026-10-06T10:44:56.1057703Z packages\core\terminal\emulator.py:904: EmulatorStartupError
pytest (3.12)	Run tests	2026-10-06T10:44:56.1057861Z __________________ test_feed_batching_merges_adjacent_feeds ___________________
pytest (3.12)	Run tests	2026-10-06T10:44:56.1057878Z 
pytest (3.12)	Run tests	2026-10-06T10:44:56.1058036Z emu_factory = <function emu_factory.<locals>.make at 0x000001A89C5880E0>
pytest (3.12)	Run tests	2026-10-06T10:44:56.1058042Z 
pytest (3.12)	Run tests	2026-10-06T10:44:56.1058178Z     def test_feed_batching_merges_adjacent_feeds(emu_factory):
pytest (3.12)	Run tests	2026-10-06T10:44:56.1058642Z         """F2\uff1a\u76f8\u90bb\u8fde\u7eed feed \u5728\u6709\u754c\u4e0a\u9650\u5185\u5408\u5e76\u4e3a\u5355\u5e27\uff1b\u6279\u4e0a\u9650\u751f\u6548\uff1b\u5185\u5bb9\u4e0e\u9010\u5757\u4e00\u81f4\u3002"""
pytest (3.12)	Run tests	2026-10-06T10:44:56.1058748Z >       emu = emu_factory(feed_batch_limit=4096)
pytest (3.12)	Run tests	2026-10-06T10:44:56.1058836Z               ^^^^^^^^^^^^^^^^^^^^^^^^^^^^^^^^^^
pytest (3.12)	Run tests	2026-10-06T10:44:56.1058844Z 
pytest (3.12)	Run tests	2026-10-06T10:44:56.1058933Z tests\test_terminal_emulator.py:1382: 
pytest (3.12)	Run tests	2026-10-06T10:44:56.1059054Z _ _ _ _ _ _ _ _ _ _ _ _ _ _ _ _ _ _ _ _ _ _ _ _ _ _ _ _ _ _ _ _ _ _ _ _ _ _ _ _
pytest (3.12)	Run tests	2026-10-06T10:44:56.1059147Z tests\test_terminal_emulator.py:87: in make
pytest (3.12)	Run tests	2026-10-06T10:44:56.1059237Z     emu = HeadlessEmulator(**kwargs)
pytest (3.12)	Run tests	2026-10-06T10:44:56.1059309Z           ^^^^^^^^^^^^^^^^^^^^^^^^^^
pytest (3.12)	Run tests	2026-10-06T10:44:56.1059427Z packages\core\terminal\emulator.py:747: in __init__
pytest (3.12)	Run tests	2026-10-06T10:44:56.1059515Z     self._spawn_and_handshake()
pytest (3.12)	Run tests	2026-10-06T10:44:56.1059663Z packages\core\terminal\emulator.py:838: in _spawn_and_handshake
pytest (3.12)	Run tests	2026-10-06T10:44:56.1059849Z     self._fail_startup(f"sidecar \u4e0d\u53ef\u7528\uff1a{self._startup_failure}")
pytest (3.12)	Run tests	2026-10-06T10:44:56.1059960Z _ _ _ _ _ _ _ _ _ _ _ _ _ _ _ _ _ _ _ _ _ _ _ _ _ _ _ _ _ _ _ _ _ _ _ _ _ _ _ _
pytest (3.12)	Run tests	2026-10-06T10:44:56.1060035Z 
pytest (3.12)	Run tests	2026-10-06T10:44:56.1060266Z self = <packages.core.terminal.emulator.HeadlessEmulator object at 0x000001A89CF69A00>
pytest (3.12)	Run tests	2026-10-06T10:44:56.1060791Z reason = "sidecar \u4e0d\u53ef\u7528\uff1adependency-missing:Cannot find package '@xterm/headless' imported from D:\\\\a\\\\pan\\\\pan\\\\packages\\\\core\\\\terminal\\\\emulator_sidecar\\\\sidecar.mjs"
pytest (3.12)	Run tests	2026-10-06T10:44:56.1060857Z cause = None
pytest (3.12)	Run tests	2026-10-06T10:44:56.1060863Z 
pytest (3.12)	Run tests	2026-10-06T10:44:56.1061071Z     def _fail_startup(self, reason: str, *, cause: BaseException | None = None) -> NoReturn:
pytest (3.12)	Run tests	2026-10-06T10:44:56.1061445Z         """\u6784\u9020\u5931\u8d25\u7edf\u4e00\u51fa\u53e3\uff1a\u6709\u754c\u6574 Job \u6e05\u7406 + \u643a\u5e26 owner/\u6b8b\u7559\u4fe1\u606f\u7684\u5f02\u5e38\u3002
pytest (3.12)	Run tests	2026-10-06T10:44:56.1061514Z     
pytest (3.12)	Run tests	2026-10-06T10:44:56.1061871Z         \u6e05\u7406\u987a\u5e8f\u4e0e ``close`` \u4e00\u81f4\uff08\u5148\u6e05\u6811 \u2192 join \u7ebf\u7a0b \u2192 \u5173\u6d41 \u2192 guard.close\uff09\uff0c
pytest (3.12)	Run tests	2026-10-06T10:44:56.1062182Z         \u603b\u9884\u7b97\u4e3a ``shutdown_timeout``\uff1b\u5f02\u5e38\u643a\u5e26\u53ef\u91cd\u8bd5 ``owner``\uff08``retry_cleanup``\uff09
pytest (3.12)	Run tests	2026-10-06T10:44:56.1062495Z         \u4e0e ``residual``\uff08pid/\u8eab\u4efd/\u6e05\u7406\u6838\u9a8c/stderr \u6458\u8981\uff09\uff0c\u4e0d\u4ec5\u6587\u672c\u3002
pytest (3.12)	Run tests	2026-10-06T10:44:56.1062556Z         """
pytest (3.12)	Run tests	2026-10-06T10:44:56.1062643Z         detail: list[str] = []
pytest (3.12)	Run tests	2026-10-06T10:44:56.1062738Z         owner = StartupCleanupOwner(
pytest (3.12)	Run tests	2026-10-06T10:44:56.1062816Z             proc=self._proc,
pytest (3.12)	Run tests	2026-10-06T10:44:56.1062900Z             guard=self._guard,
pytest (3.12)	Run tests	2026-10-06T10:44:56.1062979Z             pid=self._sidecar_pid,
pytest (3.12)	Run tests	2026-10-06T10:44:56.1063076Z             identity=self._sidecar_identity,
pytest (3.12)	Run tests	2026-10-06T10:44:56.1063153Z             reader=self._reader_thread,
pytest (3.12)	Run tests	2026-10-06T10:44:56.1063239Z             stderr=self._stderr_thread,
pytest (3.12)	Run tests	2026-10-06T10:44:56.1063335Z             applier=self._applier_thread,
pytest (3.12)	Run tests	2026-10-06T10:44:56.1063419Z             kill_timeout=self._kill_timeout,
pytest (3.12)	Run tests	2026-10-06T10:44:56.1063490Z         )
pytest (3.12)	Run tests	2026-10-06T10:44:56.1063577Z         outcome = _reap_process_resources(
pytest (3.12)	Run tests	2026-10-06T10:44:56.1063729Z             proc=self._proc,
pytest (3.12)	Run tests	2026-10-06T10:44:56.1063803Z             guard=self._guard,
pytest (3.12)	Run tests	2026-10-06T10:44:56.1063889Z             pid=self._sidecar_pid,
pytest (3.12)	Run tests	2026-10-06T10:44:56.1063971Z             identity=self._sidecar_identity,
pytest (3.12)	Run tests	2026-10-06T10:44:56.1064056Z             reader=self._reader_thread,
pytest (3.12)	Run tests	2026-10-06T10:44:56.1064140Z             stderr=self._stderr_thread,
pytest (3.12)	Run tests	2026-10-06T10:44:56.1064221Z             applier=self._applier_thread,
pytest (3.12)	Run tests	2026-10-06T10:44:56.1064701Z             budget=self._shutdown_timeout,
pytest (3.12)	Run tests	2026-10-06T10:44:56.1064858Z             kill_timeout=self._kill_timeout,
pytest (3.12)	Run tests	2026-10-06T10:44:56.1064943Z             detail=detail,
pytest (3.12)	Run tests	2026-10-06T10:44:56.1065007Z         )
pytest (3.12)	Run tests	2026-10-06T10:44:56.1065089Z         residual = {
pytest (3.12)	Run tests	2026-10-06T10:44:56.1065175Z             "reason": reason,
pytest (3.12)	Run tests	2026-10-06T10:44:56.1065261Z             "pid": self._sidecar_pid,
pytest (3.12)	Run tests	2026-10-06T10:44:56.1065345Z             "identity_filetime": (
pytest (3.12)	Run tests	2026-10-06T10:44:56.1065474Z                 str(self._sidecar_identity.created_at_filetime)
pytest (3.12)	Run tests	2026-10-06T10:44:56.1065588Z                 if self._sidecar_identity is not None
pytest (3.12)	Run tests	2026-10-06T10:44:56.1065663Z                 else None
pytest (3.12)	Run tests	2026-10-06T10:44:56.1065737Z             ),
pytest (3.12)	Run tests	2026-10-06T10:44:56.1065841Z             "process_exited": outcome["root_dead"],
pytest (3.12)	Run tests	2026-10-06T10:44:56.1065940Z             "job_verified": outcome["job_verified"],
pytest (3.12)	Run tests	2026-10-06T10:44:56.1066042Z             "guard_closed": outcome["guard_closed"],
pytest (3.12)	Run tests	2026-10-06T10:44:56.1066133Z             "cleanup_closed": outcome["closed"],
pytest (3.12)	Run tests	2026-10-06T10:44:56.1066236Z             "cleanup_seconds": outcome["seconds"],
pytest (3.12)	Run tests	2026-10-06T10:44:56.1066371Z             "cleanup_detail": ", ".join(detail) if detail else "ok",
pytest (3.12)	Run tests	2026-10-06T10:44:56.1066479Z             "cleanup_errors": list(outcome["errors"]),
pytest (3.12)	Run tests	2026-10-06T10:44:56.1066581Z             "stderr_digest": self._stderr_digest(),
pytest (3.12)	Run tests	2026-10-06T10:44:56.1066639Z         }
pytest (3.12)	Run tests	2026-10-06T10:44:56.1066799Z         message = (
pytest (3.12)	Run tests	2026-10-06T10:44:56.1066986Z             f"{reason}\uff1b\u6e05\u7406={'converged' if outcome['closed'] else 'retained'}"
pytest (3.12)	Run tests	2026-10-06T10:44:56.1067143Z             f"\uff08{outcome['seconds']}s, pid={self._sidecar_pid}\uff09"
pytest (3.12)	Run tests	2026-10-06T10:44:56.1067202Z         )
pytest (3.12)	Run tests	2026-10-06T10:44:56.1067409Z >       raise EmulatorStartupError(message, owner=owner, residual=residual) from cause
pytest (3.12)	Run tests	2026-10-06T10:44:56.1068243Z E       packages.core.terminal.emulator.EmulatorStartupError: sidecar \u4e0d\u53ef\u7528\uff1adependency-missing:Cannot find package '@xterm/headless' imported from D:\\a\\pan\\pan\\packages\\core\\terminal\\emulator_sidecar\\sidecar.mjs\uff1b\u6e05\u7406=converged\uff080.015s, pid=4456\uff09
pytest (3.12)	Run tests	2026-10-06T10:44:56.1068250Z 
pytest (3.12)	Run tests	2026-10-06T10:44:56.1068395Z packages\core\terminal\emulator.py:904: EmulatorStartupError
pytest (3.12)	Run tests	2026-10-06T10:44:56.1068567Z _________________ test_feed_batching_stops_at_gap_and_control _________________
pytest (3.12)	Run tests	2026-10-06T10:44:56.1068573Z 
pytest (3.12)	Run tests	2026-10-06T10:44:56.1068748Z emu_factory = <function emu_factory.<locals>.make at 0x000001A89C58A660>
pytest (3.12)	Run tests	2026-10-06T10:44:56.1068756Z 
pytest (3.12)	Run tests	2026-10-06T10:44:56.1068901Z     def test_feed_batching_stops_at_gap_and_control(emu_factory):
pytest (3.12)	Run tests	2026-10-06T10:44:56.1069237Z         """F2\uff1a\u5408\u5e76\u4e0d\u8de8 seq gap / duplicate\uff0c\u4e5f\u4e0d\u8de8\u63a7\u5236\u4ea4\u9519\uff08resize/snapshot/barrier/
pytest (3.12)	Run tests	2026-10-06T10:44:56.1069518Z         reset/restore\uff09\uff1bbyte \u7edd\u5bf9\u504f\u79fb\u4e0e gap \u8bca\u65ad\u8bed\u4e49\u4e0d\u53d8\u3002"""
pytest (3.12)	Run tests	2026-10-06T10:44:56.1069829Z >       emu = emu_factory(feed_batch_limit=1 << 20)  # \u5927\u4e0a\u9650\uff1a\u82e5\u4e0d\u8bbe\u8fb9\u754c\u4f1a\u5168\u90e8\u5408\u5e76
pytest (3.12)	Run tests	2026-10-06T10:44:56.1069922Z               ^^^^^^^^^^^^^^^^^^^^^^^^^^^^^^^^^^^^^
pytest (3.12)	Run tests	2026-10-06T10:44:56.1069927Z 
pytest (3.12)	Run tests	2026-10-06T10:44:56.1070017Z tests\test_terminal_emulator.py:1407: 
pytest (3.12)	Run tests	2026-10-06T10:44:56.1070135Z _ _ _ _ _ _ _ _ _ _ _ _ _ _ _ _ _ _ _ _ _ _ _ _ _ _ _ _ _ _ _ _ _ _ _ _ _ _ _ _
pytest (3.12)	Run tests	2026-10-06T10:44:56.1070233Z tests\test_terminal_emulator.py:87: in make
pytest (3.12)	Run tests	2026-10-06T10:44:56.1070428Z     emu = HeadlessEmulator(**kwargs)
pytest (3.12)	Run tests	2026-10-06T10:44:56.1070496Z           ^^^^^^^^^^^^^^^^^^^^^^^^^^
pytest (3.12)	Run tests	2026-10-06T10:44:56.1070613Z packages\core\terminal\emulator.py:747: in __init__
pytest (3.12)	Run tests	2026-10-06T10:44:56.1070707Z     self._spawn_and_handshake()
pytest (3.12)	Run tests	2026-10-06T10:44:56.1070850Z packages\core\terminal\emulator.py:838: in _spawn_and_handshake
pytest (3.12)	Run tests	2026-10-06T10:44:56.1071039Z     self._fail_startup(f"sidecar \u4e0d\u53ef\u7528\uff1a{self._startup_failure}")
pytest (3.12)	Run tests	2026-10-06T10:44:56.1071153Z _ _ _ _ _ _ _ _ _ _ _ _ _ _ _ _ _ _ _ _ _ _ _ _ _ _ _ _ _ _ _ _ _ _ _ _ _ _ _ _
pytest (3.12)	Run tests	2026-10-06T10:44:56.1071159Z 
pytest (3.12)	Run tests	2026-10-06T10:44:56.1071394Z self = <packages.core.terminal.emulator.HeadlessEmulator object at 0x000001A89AB6D340>
pytest (3.12)	Run tests	2026-10-06T10:44:56.1071908Z reason = "sidecar \u4e0d\u53ef\u7528\uff1adependency-missing:Cannot find package '@xterm/headless' imported from D:\\\\a\\\\pan\\\\pan\\\\packages\\\\core\\\\terminal\\\\emulator_sidecar\\\\sidecar.mjs"
pytest (3.12)	Run tests	2026-10-06T10:44:56.1071981Z cause = None
pytest (3.12)	Run tests	2026-10-06T10:44:56.1071986Z 
pytest (3.12)	Run tests	2026-10-06T10:44:56.1072204Z     def _fail_startup(self, reason: str, *, cause: BaseException | None = None) -> NoReturn:
pytest (3.12)	Run tests	2026-10-06T10:44:56.1072572Z         """\u6784\u9020\u5931\u8d25\u7edf\u4e00\u51fa\u53e3\uff1a\u6709\u754c\u6574 Job \u6e05\u7406 + \u643a\u5e26 owner/\u6b8b\u7559\u4fe1\u606f\u7684\u5f02\u5e38\u3002
pytest (3.12)	Run tests	2026-10-06T10:44:56.1072646Z     
pytest (3.12)	Run tests	2026-10-06T10:44:56.1073006Z         \u6e05\u7406\u987a\u5e8f\u4e0e ``close`` \u4e00\u81f4\uff08\u5148\u6e05\u6811 \u2192 join \u7ebf\u7a0b \u2192 \u5173\u6d41 \u2192 guard.close\uff09\uff0c
pytest (3.12)	Run tests	2026-10-06T10:44:56.1073313Z         \u603b\u9884\u7b97\u4e3a ``shutdown_timeout``\uff1b\u5f02\u5e38\u643a\u5e26\u53ef\u91cd\u8bd5 ``owner``\uff08``retry_cleanup``\uff09
pytest (3.12)	Run tests	2026-10-06T10:44:56.1073624Z         \u4e0e ``residual``\uff08pid/\u8eab\u4efd/\u6e05\u7406\u6838\u9a8c/stderr \u6458\u8981\uff09\uff0c\u4e0d\u4ec5\u6587\u672c\u3002
pytest (3.12)	Run tests	2026-10-06T10:44:56.1073690Z         """
pytest (3.12)	Run tests	2026-10-06T10:44:56.1073851Z         detail: list[str] = []
pytest (3.12)	Run tests	2026-10-06T10:44:56.1073942Z         owner = StartupCleanupOwner(
pytest (3.12)	Run tests	2026-10-06T10:44:56.1074021Z             proc=self._proc,
pytest (3.12)	Run tests	2026-10-06T10:44:56.1074099Z             guard=self._guard,
pytest (3.12)	Run tests	2026-10-06T10:44:56.1074174Z             pid=self._sidecar_pid,
pytest (3.12)	Run tests	2026-10-06T10:44:56.1074272Z             identity=self._sidecar_identity,
pytest (3.12)	Run tests	2026-10-06T10:44:56.1074351Z             reader=self._reader_thread,
pytest (3.12)	Run tests	2026-10-06T10:44:56.1074447Z             stderr=self._stderr_thread,
pytest (3.12)	Run tests	2026-10-06T10:44:56.1074536Z             applier=self._applier_thread,
pytest (3.12)	Run tests	2026-10-06T10:44:56.1074619Z             kill_timeout=self._kill_timeout,
pytest (3.12)	Run tests	2026-10-06T10:44:56.1074689Z         )
pytest (3.12)	Run tests	2026-10-06T10:44:56.1074774Z         outcome = _reap_process_resources(
pytest (3.12)	Run tests	2026-10-06T10:44:56.1074857Z             proc=self._proc,
pytest (3.12)	Run tests	2026-10-06T10:44:56.1074928Z             guard=self._guard,
pytest (3.12)	Run tests	2026-10-06T10:44:56.1075014Z             pid=self._sidecar_pid,
pytest (3.12)	Run tests	2026-10-06T10:44:56.1075099Z             identity=self._sidecar_identity,
pytest (3.12)	Run tests	2026-10-06T10:44:56.1075196Z             reader=self._reader_thread,
pytest (3.12)	Run tests	2026-10-06T10:44:56.1075300Z             stderr=self._stderr_thread,
pytest (3.12)	Run tests	2026-10-06T10:44:56.1075383Z             applier=self._applier_thread,
pytest (3.12)	Run tests	2026-10-06T10:44:56.1075474Z             budget=self._shutdown_timeout,
pytest (3.12)	Run tests	2026-10-06T10:44:56.1075556Z             kill_timeout=self._kill_timeout,
pytest (3.12)	Run tests	2026-10-06T10:44:56.1075636Z             detail=detail,
pytest (3.12)	Run tests	2026-10-06T10:44:56.1075697Z         )
pytest (3.12)	Run tests	2026-10-06T10:44:56.1075776Z         residual = {
pytest (3.12)	Run tests	2026-10-06T10:44:56.1075861Z             "reason": reason,
pytest (3.12)	Run tests	2026-10-06T10:44:56.1075941Z             "pid": self._sidecar_pid,
pytest (3.12)	Run tests	2026-10-06T10:44:56.1076024Z             "identity_filetime": (
pytest (3.12)	Run tests	2026-10-06T10:44:56.1076145Z                 str(self._sidecar_identity.created_at_filetime)
pytest (3.12)	Run tests	2026-10-06T10:44:56.1076255Z                 if self._sidecar_identity is not None
pytest (3.12)	Run tests	2026-10-06T10:44:56.1076326Z                 else None
pytest (3.12)	Run tests	2026-10-06T10:44:56.1076397Z             ),
pytest (3.12)	Run tests	2026-10-06T10:44:56.1076507Z             "process_exited": outcome["root_dead"],
pytest (3.12)	Run tests	2026-10-06T10:44:56.1076600Z             "job_verified": outcome["job_verified"],
pytest (3.12)	Run tests	2026-10-06T10:44:56.1076790Z             "guard_closed": outcome["guard_closed"],
pytest (3.12)	Run tests	2026-10-06T10:44:56.1076884Z             "cleanup_closed": outcome["closed"],
pytest (3.12)	Run tests	2026-10-06T10:44:56.1076985Z             "cleanup_seconds": outcome["seconds"],
pytest (3.12)	Run tests	2026-10-06T10:44:56.1077115Z             "cleanup_detail": ", ".join(detail) if detail else "ok",
pytest (3.12)	Run tests	2026-10-06T10:44:56.1077230Z             "cleanup_errors": list(outcome["errors"]),
pytest (3.12)	Run tests	2026-10-06T10:44:56.1077331Z             "stderr_digest": self._stderr_digest(),
pytest (3.12)	Run tests	2026-10-06T10:44:56.1077394Z         }
pytest (3.12)	Run tests	2026-10-06T10:44:56.1077468Z         message = (
pytest (3.12)	Run tests	2026-10-06T10:44:56.1077651Z             f"{reason}\uff1b\u6e05\u7406={'converged' if outcome['closed'] else 'retained'}"
pytest (3.12)	Run tests	2026-10-06T10:44:56.1077802Z             f"\uff08{outcome['seconds']}s, pid={self._sidecar_pid}\uff09"
pytest (3.12)	Run tests	2026-10-06T10:44:56.1077861Z         )
pytest (3.12)	Run tests	2026-10-06T10:44:56.1078073Z >       raise EmulatorStartupError(message, owner=owner, residual=residual) from cause
pytest (3.12)	Run tests	2026-10-06T10:44:56.1078891Z E       packages.core.terminal.emulator.EmulatorStartupError: sidecar \u4e0d\u53ef\u7528\uff1adependency-missing:Cannot find package '@xterm/headless' imported from D:\\a\\pan\\pan\\packages\\core\\terminal\\emulator_sidecar\\sidecar.mjs\uff1b\u6e05\u7406=converged\uff080.016s, pid=8988\uff09
pytest (3.12)	Run tests	2026-10-06T10:44:56.1078899Z 
pytest (3.12)	Run tests	2026-10-06T10:44:56.1079045Z packages\core\terminal\emulator.py:904: EmulatorStartupError
pytest (3.12)	Run tests	2026-10-06T10:44:56.1079228Z __________ test_feed_batching_prefix_split_utf8_csi_osc_equivalence ___________
pytest (3.12)	Run tests	2026-10-06T10:44:56.1079234Z 
pytest (3.12)	Run tests	2026-10-06T10:44:56.1079403Z emu_factory = <function emu_factory.<locals>.make at 0x000001A89C58B560>
pytest (3.12)	Run tests	2026-10-06T10:44:56.1079409Z 
pytest (3.12)	Run tests	2026-10-06T10:44:56.1079583Z     def test_feed_batching_prefix_split_utf8_csi_osc_equivalence(emu_factory):
pytest (3.12)	Run tests	2026-10-06T10:44:56.1080024Z         """F2\uff1a\u628a\u8de8\u5757 UTF-8/CSI/OSC \u5e8f\u5217\u62c6\u8fdb\u591a\u4e2a feed \u540e\u5408\u5e76\uff0c\u884c\u4e3a\u4e0e\u4e0d\u5408\u5e76\u9010\u5b57\u8282\u7b49\u4ef7
pytest (3.12)	Run tests	2026-10-06T10:44:56.1080284Z         \uff08\u534f\u8bae A \u5bf9\u62cd + clean \u8fb9\u754c\u4e0d\u53d8\uff09\u3002"""
pytest (3.12)	Run tests	2026-10-06T10:44:56.1080367Z         stream = (
pytest (3.12)	Run tests	2026-10-06T10:44:56.1080493Z             b"head-" + "\u4e2d".encode("utf-8") + b"-mid\\r\\n"
pytest (3.12)	Run tests	2026-10-06T10:44:56.1080599Z             b"\x1b[31mRED\x1b[0m \x1b[1;32mGRN\x1b[0m\r\n"
pytest (3.12)	Run tests	2026-10-06T10:44:56.1080696Z             b"\x1b]0;title-split\x07tail"
pytest (3.12)	Run tests	2026-10-06T10:44:56.1080755Z         )
pytest (3.12)	Run tests	2026-10-06T10:44:56.1080872Z >       batched = emu_factory(feed_batch_limit=1 << 20)
pytest (3.12)	Run tests	2026-10-06T10:44:56.1080960Z                   ^^^^^^^^^^^^^^^^^^^^^^^^^^^^^^^^^^^^^
pytest (3.12)	Run tests	2026-10-06T10:44:56.1080966Z 
pytest (3.12)	Run tests	2026-10-06T10:44:56.1081064Z tests\test_terminal_emulator.py:1431: 
pytest (3.12)	Run tests	2026-10-06T10:44:56.1081190Z _ _ _ _ _ _ _ _ _ _ _ _ _ _ _ _ _ _ _ _ _ _ _ _ _ _ _ _ _ _ _ _ _ _ _ _ _ _ _ _
pytest (3.12)	Run tests	2026-10-06T10:44:56.1081286Z tests\test_terminal_emulator.py:87: in make
pytest (3.12)	Run tests	2026-10-06T10:44:56.1081381Z     emu = HeadlessEmulator(**kwargs)
pytest (3.12)	Run tests	2026-10-06T10:44:56.1081455Z           ^^^^^^^^^^^^^^^^^^^^^^^^^^
pytest (3.12)	Run tests	2026-10-06T10:44:56.1081573Z packages\core\terminal\emulator.py:747: in __init__
pytest (3.12)	Run tests	2026-10-06T10:44:56.1081657Z     self._spawn_and_handshake()
pytest (3.12)	Run tests	2026-10-06T10:44:56.1081813Z packages\core\terminal\emulator.py:838: in _spawn_and_handshake
pytest (3.12)	Run tests	2026-10-06T10:44:56.1082002Z     self._fail_startup(f"sidecar \u4e0d\u53ef\u7528\uff1a{self._startup_failure}")
pytest (3.12)	Run tests	2026-10-06T10:44:56.1082114Z _ _ _ _ _ _ _ _ _ _ _ _ _ _ _ _ _ _ _ _ _ _ _ _ _ _ _ _ _ _ _ _ _ _ _ _ _ _ _ _
pytest (3.12)	Run tests	2026-10-06T10:44:56.1082119Z 
pytest (3.12)	Run tests	2026-10-06T10:44:56.1082345Z self = <packages.core.terminal.emulator.HeadlessEmulator object at 0x000001A89AA94230>
pytest (3.12)	Run tests	2026-10-06T10:44:56.1082848Z reason = "sidecar \u4e0d\u53ef\u7528\uff1adependency-missing:Cannot find package '@xterm/headless' imported from D:\\\\a\\\\pan\\\\pan\\\\packages\\\\core\\\\terminal\\\\emulator_sidecar\\\\sidecar.mjs"
pytest (3.12)	Run tests	2026-10-06T10:44:56.1082926Z cause = None
pytest (3.12)	Run tests	2026-10-06T10:44:56.1082936Z 
pytest (3.12)	Run tests	2026-10-06T10:44:56.1083145Z     def _fail_startup(self, reason: str, *, cause: BaseException | None = None) -> NoReturn:
pytest (3.12)	Run tests	2026-10-06T10:44:56.1083588Z         """\u6784\u9020\u5931\u8d25\u7edf\u4e00\u51fa\u53e3\uff1a\u6709\u754c\u6574 Job \u6e05\u7406 + \u643a\u5e26 owner/\u6b8b\u7559\u4fe1\u606f\u7684\u5f02\u5e38\u3002
pytest (3.12)	Run tests	2026-10-06T10:44:56.1083658Z     
pytest (3.12)	Run tests	2026-10-06T10:44:56.1084005Z         \u6e05\u7406\u987a\u5e8f\u4e0e ``close`` \u4e00\u81f4\uff08\u5148\u6e05\u6811 \u2192 join \u7ebf\u7a0b \u2192 \u5173\u6d41 \u2192 guard.close\uff09\uff0c
pytest (3.12)	Run tests	2026-10-06T10:44:56.1084318Z         \u603b\u9884\u7b97\u4e3a ``shutdown_timeout``\uff1b\u5f02\u5e38\u643a\u5e26\u53ef\u91cd\u8bd5 ``owner``\uff08``retry_cleanup``\uff09
pytest (3.12)	Run tests	2026-10-06T10:44:56.1085012Z         \u4e0e ``residual``\uff08pid/\u8eab\u4efd/\u6e05\u7406\u6838\u9a8c/stderr \u6458\u8981\uff09\uff0c\u4e0d\u4ec5\u6587\u672c\u3002
pytest (3.12)	Run tests	2026-10-06T10:44:56.1085089Z         """
pytest (3.12)	Run tests	2026-10-06T10:44:56.1085182Z         detail: list[str] = []
pytest (3.12)	Run tests	2026-10-06T10:44:56.1085276Z         owner = StartupCleanupOwner(
pytest (3.12)	Run tests	2026-10-06T10:44:56.1085369Z             proc=self._proc,
pytest (3.12)	Run tests	2026-10-06T10:44:56.1085456Z             guard=self._guard,
pytest (3.12)	Run tests	2026-10-06T10:44:56.1085537Z             pid=self._sidecar_pid,
pytest (3.12)	Run tests	2026-10-06T10:44:56.1085639Z             identity=self._sidecar_identity,
pytest (3.12)	Run tests	2026-10-06T10:44:56.1085723Z             reader=self._reader_thread,
pytest (3.12)	Run tests	2026-10-06T10:44:56.1085813Z             stderr=self._stderr_thread,
pytest (3.12)	Run tests	2026-10-06T10:44:56.1085898Z             applier=self._applier_thread,
pytest (3.12)	Run tests	2026-10-06T10:44:56.1085995Z             kill_timeout=self._kill_timeout,
pytest (3.12)	Run tests	2026-10-06T10:44:56.1086061Z         )
pytest (3.12)	Run tests	2026-10-06T10:44:56.1086146Z         outcome = _reap_process_resources(
pytest (3.12)	Run tests	2026-10-06T10:44:56.1086234Z             proc=self._proc,
pytest (3.12)	Run tests	2026-10-06T10:44:56.1086307Z             guard=self._guard,
pytest (3.12)	Run tests	2026-10-06T10:44:56.1086392Z             pid=self._sidecar_pid,
pytest (3.12)	Run tests	2026-10-06T10:44:56.1086476Z             identity=self._sidecar_identity,
pytest (3.12)	Run tests	2026-10-06T10:44:56.1087372Z             reader=self._reader_thread,
pytest (3.12)	Run tests	2026-10-06T10:44:56.1087451Z             stderr=self._stderr_thread,
pytest (3.12)	Run tests	2026-10-06T10:44:56.1087549Z             applier=self._applier_thread,
pytest (3.12)	Run tests	2026-10-06T10:44:56.1087648Z             budget=self._shutdown_timeout,
pytest (3.12)	Run tests	2026-10-06T10:44:56.1087733Z             kill_timeout=self._kill_timeout,
pytest (3.12)	Run tests	2026-10-06T10:44:56.1087820Z             detail=detail,
pytest (3.12)	Run tests	2026-10-06T10:44:56.1087883Z         )
pytest (3.12)	Run tests	2026-10-06T10:44:56.1087964Z         residual = {
pytest (3.12)	Run tests	2026-10-06T10:44:56.1088041Z             "reason": reason,
pytest (3.12)	Run tests	2026-10-06T10:44:56.1088131Z             "pid": self._sidecar_pid,
pytest (3.12)	Run tests	2026-10-06T10:44:56.1088220Z             "identity_filetime": (
pytest (3.12)	Run tests	2026-10-06T10:44:56.1088349Z                 str(self._sidecar_identity.created_at_filetime)
pytest (3.12)	Run tests	2026-10-06T10:44:56.1088459Z                 if self._sidecar_identity is not None
pytest (3.12)	Run tests	2026-10-06T10:44:56.1088529Z                 else None
pytest (3.12)	Run tests	2026-10-06T10:44:56.1088606Z             ),
pytest (3.12)	Run tests	2026-10-06T10:44:56.1088701Z             "process_exited": outcome["root_dead"],
pytest (3.12)	Run tests	2026-10-06T10:44:56.1088811Z             "job_verified": outcome["job_verified"],
pytest (3.12)	Run tests	2026-10-06T10:44:56.1088922Z             "guard_closed": outcome["guard_closed"],
pytest (3.12)	Run tests	2026-10-06T10:44:56.1089011Z             "cleanup_closed": outcome["closed"],
pytest (3.12)	Run tests	2026-10-06T10:44:56.1089115Z             "cleanup_seconds": outcome["seconds"],
pytest (3.12)	Run tests	2026-10-06T10:44:56.1089246Z             "cleanup_detail": ", ".join(detail) if detail else "ok",
pytest (3.12)	Run tests	2026-10-06T10:44:56.1089356Z             "cleanup_errors": list(outcome["errors"]),
pytest (3.12)	Run tests	2026-10-06T10:44:56.1089450Z             "stderr_digest": self._stderr_digest(),
pytest (3.12)	Run tests	2026-10-06T10:44:56.1089521Z         }
pytest (3.12)	Run tests	2026-10-06T10:44:56.1089599Z         message = (
pytest (3.12)	Run tests	2026-10-06T10:44:56.1089785Z             f"{reason}\uff1b\u6e05\u7406={'converged' if outcome['closed'] else 'retained'}"
pytest (3.12)	Run tests	2026-10-06T10:44:56.1089932Z             f"\uff08{outcome['seconds']}s, pid={self._sidecar_pid}\uff09"
pytest (3.12)	Run tests	2026-10-06T10:44:56.1089993Z         )
pytest (3.12)	Run tests	2026-10-06T10:44:56.1090197Z >       raise EmulatorStartupError(message, owner=owner, residual=residual) from cause
pytest (3.12)	Run tests	2026-10-06T10:44:56.1090999Z E       packages.core.terminal.emulator.EmulatorStartupError: sidecar \u4e0d\u53ef\u7528\uff1adependency-missing:Cannot find package '@xterm/headless' imported from D:\\a\\pan\\pan\\packages\\core\\terminal\\emulator_sidecar\\sidecar.mjs\uff1b\u6e05\u7406=converged\uff080.016s, pid=5796\uff09
pytest (3.12)	Run tests	2026-10-06T10:44:56.1091098Z 
pytest (3.12)	Run tests	2026-10-06T10:44:56.1091247Z packages\core\terminal\emulator.py:904: EmulatorStartupError
pytest (3.12)	Run tests	2026-10-06T10:44:56.1091416Z __________________ test_feed_batching_error_ack_binds_batch ___________________
pytest (3.12)	Run tests	2026-10-06T10:44:56.1091422Z 
pytest (3.12)	Run tests	2026-10-06T10:44:56.1091580Z emu_factory = <function emu_factory.<locals>.make at 0x000001A89C58B740>
pytest (3.12)	Run tests	2026-10-06T10:44:56.1091587Z 
pytest (3.12)	Run tests	2026-10-06T10:44:56.1091731Z     def test_feed_batching_error_ack_binds_batch(emu_factory):
pytest (3.12)	Run tests	2026-10-06T10:44:56.1092187Z         """F2\uff1a\u6279\u6b21\u5f02\u5e38 ack \u4ecd\u7ed1\u5b9a\u6279 op\uff08sticky \u964d\u7ea7\u3001\u89e3\u6790\u5faa\u73af\u7ee7\u7eed\u3001\u540e\u7eed\u6279\u6b63\u5e38\uff09\u3002"""
pytest (3.12)	Run tests	2026-10-06T10:44:56.1092294Z >       emu = emu_factory(feed_batch_limit=1 << 20)
pytest (3.12)	Run tests	2026-10-06T10:44:56.1092380Z               ^^^^^^^^^^^^^^^^^^^^^^^^^^^^^^^^^^^^^
pytest (3.12)	Run tests	2026-10-06T10:44:56.1092386Z 
pytest (3.12)	Run tests	2026-10-06T10:44:56.1092475Z tests\test_terminal_emulator.py:1452: 
pytest (3.12)	Run tests	2026-10-06T10:44:56.1092598Z _ _ _ _ _ _ _ _ _ _ _ _ _ _ _ _ _ _ _ _ _ _ _ _ _ _ _ _ _ _ _ _ _ _ _ _ _ _ _ _
pytest (3.12)	Run tests	2026-10-06T10:44:56.1092704Z tests\test_terminal_emulator.py:87: in make
pytest (3.12)	Run tests	2026-10-06T10:44:56.1092788Z     emu = HeadlessEmulator(**kwargs)
pytest (3.12)	Run tests	2026-10-06T10:44:56.1092866Z           ^^^^^^^^^^^^^^^^^^^^^^^^^^
pytest (3.12)	Run tests	2026-10-06T10:44:56.1092975Z packages\core\terminal\emulator.py:747: in __init__
pytest (3.12)	Run tests	2026-10-06T10:44:56.1093065Z     self._spawn_and_handshake()
pytest (3.12)	Run tests	2026-10-06T10:44:56.1093211Z packages\core\terminal\emulator.py:838: in _spawn_and_handshake
pytest (3.12)	Run tests	2026-10-06T10:44:56.1093403Z     self._fail_startup(f"sidecar \u4e0d\u53ef\u7528\uff1a{self._startup_failure}")
pytest (3.12)	Run tests	2026-10-06T10:44:56.1093790Z _ _ _ _ _ _ _ _ _ _ _ _ _ _ _ _ _ _ _ _ _ _ _ _ _ _ _ _ _ _ _ _ _ _ _ _ _ _ _ _
pytest (3.12)	Run tests	2026-10-06T10:44:56.1093801Z 
pytest (3.12)	Run tests	2026-10-06T10:44:56.1094021Z self = <packages.core.terminal.emulator.HeadlessEmulator object at 0x000001A89A9F0470>
pytest (3.12)	Run tests	2026-10-06T10:44:56.1094528Z reason = "sidecar \u4e0d\u53ef\u7528\uff1adependency-missing:Cannot find package '@xterm/headless' imported from D:\\\\a\\\\pan\\\\pan\\\\packages\\\\core\\\\terminal\\\\emulator_sidecar\\\\sidecar.mjs"
pytest (3.12)	Run tests	2026-10-06T10:44:56.1094599Z cause = None
pytest (3.12)	Run tests	2026-10-06T10:44:56.1094604Z 
pytest (3.12)	Run tests	2026-10-06T10:44:56.1094860Z     def _fail_startup(self, reason: str, *, cause: BaseException | None = None) -> NoReturn:
pytest (3.12)	Run tests	2026-10-06T10:44:56.1095249Z         """\u6784\u9020\u5931\u8d25\u7edf\u4e00\u51fa\u53e3\uff1a\u6709\u754c\u6574 Job \u6e05\u7406 + \u643a\u5e26 owner/\u6b8b\u7559\u4fe1\u606f\u7684\u5f02\u5e38\u3002
pytest (3.12)	Run tests	2026-10-06T10:44:56.1095313Z     
pytest (3.12)	Run tests	2026-10-06T10:44:56.1095674Z         \u6e05\u7406\u987a\u5e8f\u4e0e ``close`` \u4e00\u81f4\uff08\u5148\u6e05\u6811 \u2192 join \u7ebf\u7a0b \u2192 \u5173\u6d41 \u2192 guard.close\uff09\uff0c
pytest (3.12)	Run tests	2026-10-06T10:44:56.1095993Z         \u603b\u9884\u7b97\u4e3a ``shutdown_timeout``\uff1b\u5f02\u5e38\u643a\u5e26\u53ef\u91cd\u8bd5 ``owner``\uff08``retry_cleanup``\uff09
pytest (3.12)	Run tests	2026-10-06T10:44:56.1096303Z         \u4e0e ``residual``\uff08pid/\u8eab\u4efd/\u6e05\u7406\u6838\u9a8c/stderr \u6458\u8981\uff09\uff0c\u4e0d\u4ec5\u6587\u672c\u3002
pytest (3.12)	Run tests	2026-10-06T10:44:56.1096388Z         """
pytest (3.12)	Run tests	2026-10-06T10:44:56.1096467Z         detail: list[str] = []
pytest (3.12)	Run tests	2026-10-06T10:44:56.1096561Z         owner = StartupCleanupOwner(
pytest (3.12)	Run tests	2026-10-06T10:44:56.1096635Z             proc=self._proc,
pytest (3.12)	Run tests	2026-10-06T10:44:56.1096725Z             guard=self._guard,
pytest (3.12)	Run tests	2026-10-06T10:44:56.1096801Z             pid=self._sidecar_pid,
pytest (3.12)	Run tests	2026-10-06T10:44:56.1096898Z             identity=self._sidecar_identity,
pytest (3.12)	Run tests	2026-10-06T10:44:56.1096984Z             reader=self._reader_thread,
pytest (3.12)	Run tests	2026-10-06T10:44:56.1097063Z             stderr=self._stderr_thread,
pytest (3.12)	Run tests	2026-10-06T10:44:56.1097159Z             applier=self._applier_thread,
pytest (3.12)	Run tests	2026-10-06T10:44:56.1097247Z             kill_timeout=self._kill_timeout,
pytest (3.12)	Run tests	2026-10-06T10:44:56.1097398Z         )
pytest (3.12)	Run tests	2026-10-06T10:44:56.1097486Z         outcome = _reap_process_resources(
pytest (3.12)	Run tests	2026-10-06T10:44:56.1097568Z             proc=self._proc,
pytest (3.12)	Run tests	2026-10-06T10:44:56.1097650Z             guard=self._guard,
pytest (3.12)	Run tests	2026-10-06T10:44:56.1097732Z             pid=self._sidecar_pid,
pytest (3.12)	Run tests	2026-10-06T10:44:56.1097825Z             identity=self._sidecar_identity,
pytest (3.12)	Run tests	2026-10-06T10:44:56.1097906Z             reader=self._reader_thread,
pytest (3.12)	Run tests	2026-10-06T10:44:56.1097992Z             stderr=self._stderr_thread,
pytest (3.12)	Run tests	2026-10-06T10:44:56.1098074Z             applier=self._applier_thread,
pytest (3.12)	Run tests	2026-10-06T10:44:56.1098165Z             budget=self._shutdown_timeout,
pytest (3.12)	Run tests	2026-10-06T10:44:56.1098254Z             kill_timeout=self._kill_timeout,
pytest (3.12)	Run tests	2026-10-06T10:44:56.1098324Z             detail=detail,
pytest (3.12)	Run tests	2026-10-06T10:44:56.1098394Z         )
pytest (3.12)	Run tests	2026-10-06T10:44:56.1098463Z         residual = {
pytest (3.12)	Run tests	2026-10-06T10:44:56.1098544Z             "reason": reason,
pytest (3.12)	Run tests	2026-10-06T10:44:56.1098629Z             "pid": self._sidecar_pid,
pytest (3.12)	Run tests	2026-10-06T10:44:56.1098718Z             "identity_filetime": (
pytest (3.12)	Run tests	2026-10-06T10:44:56.1098844Z                 str(self._sidecar_identity.created_at_filetime)
pytest (3.12)	Run tests	2026-10-06T10:44:56.1098943Z                 if self._sidecar_identity is not None
pytest (3.12)	Run tests	2026-10-06T10:44:56.1099020Z                 else None
pytest (3.12)	Run tests	2026-10-06T10:44:56.1099083Z             ),
pytest (3.12)	Run tests	2026-10-06T10:44:56.1099185Z             "process_exited": outcome["root_dead"],
pytest (3.12)	Run tests	2026-10-06T10:44:56.1099276Z             "job_verified": outcome["job_verified"],
pytest (3.12)	Run tests	2026-10-06T10:44:56.1099376Z             "guard_closed": outcome["guard_closed"],
pytest (3.12)	Run tests	2026-10-06T10:44:56.1099469Z             "cleanup_closed": outcome["closed"],
pytest (3.12)	Run tests	2026-10-06T10:44:56.1099570Z             "cleanup_seconds": outcome["seconds"],
pytest (3.12)	Run tests	2026-10-06T10:44:56.1099710Z             "cleanup_detail": ", ".join(detail) if detail else "ok",
pytest (3.12)	Run tests	2026-10-06T10:44:56.1099811Z             "cleanup_errors": list(outcome["errors"]),
pytest (3.12)	Run tests	2026-10-06T10:44:56.1100220Z             "stderr_digest": self._stderr_digest(),
pytest (3.12)	Run tests	2026-10-06T10:44:56.1100283Z         }
pytest (3.12)	Run tests	2026-10-06T10:44:56.1100357Z         message = (
pytest (3.12)	Run tests	2026-10-06T10:44:56.1100541Z             f"{reason}\uff1b\u6e05\u7406={'converged' if outcome['closed'] else 'retained'}"
pytest (3.12)	Run tests	2026-10-06T10:44:56.1100692Z             f"\uff08{outcome['seconds']}s, pid={self._sidecar_pid}\uff09"
pytest (3.12)	Run tests	2026-10-06T10:44:56.1100773Z         )
pytest (3.12)	Run tests	2026-10-06T10:44:56.1101053Z >       raise EmulatorStartupError(message, owner=owner, residual=residual) from cause
pytest (3.12)	Run tests	2026-10-06T10:44:56.1102615Z E       packages.core.terminal.emulator.EmulatorStartupError: sidecar \u4e0d\u53ef\u7528\uff1adependency-missing:Cannot find package '@xterm/headless' imported from D:\\a\\pan\\pan\\packages\\core\\terminal\\emulator_sidecar\\sidecar.mjs\uff1b\u6e05\u7406=converged\uff080.016s, pid=4428\uff09
pytest (3.12)	Run tests	2026-10-06T10:44:56.1102633Z 
pytest (3.12)	Run tests	2026-10-06T10:44:56.1102798Z packages\core\terminal\emulator.py:904: EmulatorStartupError
pytest (3.12)	Run tests	2026-10-06T10:44:56.1102972Z ______________ test_feed_batching_accounting_in_flight_and_close ______________
pytest (3.12)	Run tests	2026-10-06T10:44:56.1102981Z 
pytest (3.12)	Run tests	2026-10-06T10:44:56.1103151Z emu_factory = <function emu_factory.<locals>.make at 0x000001A89C588B80>
pytest (3.12)	Run tests	2026-10-06T10:44:56.1103341Z monkeypatch = <_pytest.monkeypatch.MonkeyPatch object at 0x000001A89D027D70>
pytest (3.12)	Run tests	2026-10-06T10:44:56.1103346Z 
pytest (3.12)	Run tests	2026-10-06T10:44:56.1103553Z     def test_feed_batching_accounting_in_flight_and_close(emu_factory, monkeypatch):
pytest (3.12)	Run tests	2026-10-06T10:44:56.1103929Z         """F2\uff1a\u5728\u9014\u5408\u5e76 buffer \u8ba1\u8d26\u5728\u539f FIFO \u9884\u7b97\u5185\uff08\u53d1\u9001\u65f6\u672a\u63d0\u524d\u91ca\u653e\uff09\uff1b
pytest (3.12)	Run tests	2026-10-06T10:44:56.1104230Z         \u961f\u5217\u6ea2\u51fa/close \u5728\u9014\u4fdd\u6301\u539f\u8bed\u4e49\uff08sticky/\u4fdd owner/\u6536\u655b\uff09\u3002"""
pytest (3.12)	Run tests	2026-10-06T10:44:56.1104337Z >       emu = emu_factory(feed_batch_limit=1 << 20)
pytest (3.12)	Run tests	2026-10-06T10:44:56.1104413Z               ^^^^^^^^^^^^^^^^^^^^^^^^^^^^^^^^^^^^^
pytest (3.12)	Run tests	2026-10-06T10:44:56.1104422Z 
pytest (3.12)	Run tests	2026-10-06T10:44:56.1104520Z tests\test_terminal_emulator.py:1469: 
pytest (3.12)	Run tests	2026-10-06T10:44:56.1104732Z _ _ _ _ _ _ _ _ _ _ _ _ _ _ _ _ _ _ _ _ _ _ _ _ _ _ _ _ _ _ _ _ _ _ _ _ _ _ _ _
pytest (3.12)	Run tests	2026-10-06T10:44:56.1104829Z tests\test_terminal_emulator.py:87: in make
pytest (3.12)	Run tests	2026-10-06T10:44:56.1104920Z     emu = HeadlessEmulator(**kwargs)
pytest (3.12)	Run tests	2026-10-06T10:44:56.1104991Z           ^^^^^^^^^^^^^^^^^^^^^^^^^^
pytest (3.12)	Run tests	2026-10-06T10:44:56.1105112Z packages\core\terminal\emulator.py:747: in __init__
pytest (3.12)	Run tests	2026-10-06T10:44:56.1105200Z     self._spawn_and_handshake()
pytest (3.12)	Run tests	2026-10-06T10:44:56.1105358Z packages\core\terminal\emulator.py:838: in _spawn_and_handshake
pytest (3.12)	Run tests	2026-10-06T10:44:56.1105547Z     self._fail_startup(f"sidecar \u4e0d\u53ef\u7528\uff1a{self._startup_failure}")
pytest (3.12)	Run tests	2026-10-06T10:44:56.1105660Z _ _ _ _ _ _ _ _ _ _ _ _ _ _ _ _ _ _ _ _ _ _ _ _ _ _ _ _ _ _ _ _ _ _ _ _ _ _ _ _
pytest (3.12)	Run tests	2026-10-06T10:44:56.1105666Z 
pytest (3.12)	Run tests	2026-10-06T10:44:56.1105895Z self = <packages.core.terminal.emulator.HeadlessEmulator object at 0x000001A89D025610>
pytest (3.12)	Run tests	2026-10-06T10:44:56.1106408Z reason = "sidecar \u4e0d\u53ef\u7528\uff1adependency-missing:Cannot find package '@xterm/headless' imported from D:\\\\a\\\\pan\\\\pan\\\\packages\\\\core\\\\terminal\\\\emulator_sidecar\\\\sidecar.mjs"
pytest (3.12)	Run tests	2026-10-06T10:44:56.1106493Z cause = None
pytest (3.12)	Run tests	2026-10-06T10:44:56.1106498Z 
pytest (3.12)	Run tests	2026-10-06T10:44:56.1106709Z     def _fail_startup(self, reason: str, *, cause: BaseException | None = None) -> NoReturn:
pytest (3.12)	Run tests	2026-10-06T10:44:56.1107075Z         """\u6784\u9020\u5931\u8d25\u7edf\u4e00\u51fa\u53e3\uff1a\u6709\u754c\u6574 Job \u6e05\u7406 + \u643a\u5e26 owner/\u6b8b\u7559\u4fe1\u606f\u7684\u5f02\u5e38\u3002
pytest (3.12)	Run tests	2026-10-06T10:44:56.1107151Z     
pytest (3.12)	Run tests	2026-10-06T10:44:56.1107503Z         \u6e05\u7406\u987a\u5e8f\u4e0e ``close`` \u4e00\u81f4\uff08\u5148\u6e05\u6811 \u2192 join \u7ebf\u7a0b \u2192 \u5173\u6d41 \u2192 guard.close\uff09\uff0c
pytest (3.12)	Run tests	2026-10-06T10:44:56.1107827Z         \u603b\u9884\u7b97\u4e3a ``shutdown_timeout``\uff1b\u5f02\u5e38\u643a\u5e26\u53ef\u91cd\u8bd5 ``owner``\uff08``retry_cleanup``\uff09
pytest (3.12)	Run tests	2026-10-06T10:44:56.1108700Z         \u4e0e ``residual``\uff08pid/\u8eab\u4efd/\u6e05\u7406\u6838\u9a8c/stderr \u6458\u8981\uff09\uff0c\u4e0d\u4ec5\u6587\u672c\u3002
pytest (3.12)	Run tests	2026-10-06T10:44:56.1108768Z         """
pytest (3.12)	Run tests	2026-10-06T10:44:56.1108855Z         detail: list[str] = []
pytest (3.12)	Run tests	2026-10-06T10:44:56.1108943Z         owner = StartupCleanupOwner(
pytest (3.12)	Run tests	2026-10-06T10:44:56.1109030Z             proc=self._proc,
pytest (3.12)	Run tests	2026-10-06T10:44:56.1109112Z             guard=self._guard,
pytest (3.12)	Run tests	2026-10-06T10:44:56.1109193Z             pid=self._sidecar_pid,
pytest (3.12)	Run tests	2026-10-06T10:44:56.1109293Z             identity=self._sidecar_identity,
pytest (3.12)	Run tests	2026-10-06T10:44:56.1109375Z             reader=self._reader_thread,
pytest (3.12)	Run tests	2026-10-06T10:44:56.1109465Z             stderr=self._stderr_thread,
pytest (3.12)	Run tests	2026-10-06T10:44:56.1109550Z             applier=self._applier_thread,
pytest (3.12)	Run tests	2026-10-06T10:44:56.1109649Z             kill_timeout=self._kill_timeout,
pytest (3.12)	Run tests	2026-10-06T10:44:56.1109709Z         )
pytest (3.12)	Run tests	2026-10-06T10:44:56.1109809Z         outcome = _reap_process_resources(
pytest (3.12)	Run tests	2026-10-06T10:44:56.1109895Z             proc=self._proc,
pytest (3.12)	Run tests	2026-10-06T10:44:56.1109973Z             guard=self._guard,
pytest (3.12)	Run tests	2026-10-06T10:44:56.1110064Z             pid=self._sidecar_pid,
pytest (3.12)	Run tests	2026-10-06T10:44:56.1110150Z             identity=self._sidecar_identity,
pytest (3.12)	Run tests	2026-10-06T10:44:56.1110234Z             reader=self._reader_thread,
pytest (3.12)	Run tests	2026-10-06T10:44:56.1110309Z             stderr=self._stderr_thread,
pytest (3.12)	Run tests	2026-10-06T10:44:56.1110398Z             applier=self._applier_thread,
pytest (3.12)	Run tests	2026-10-06T10:44:56.1110486Z             budget=self._shutdown_timeout,
pytest (3.12)	Run tests	2026-10-06T10:44:56.1110566Z             kill_timeout=self._kill_timeout,
pytest (3.12)	Run tests	2026-10-06T10:44:56.1110646Z             detail=detail,
pytest (3.12)	Run tests	2026-10-06T10:44:56.1110704Z         )
pytest (3.12)	Run tests	2026-10-06T10:44:56.1110780Z         residual = {
pytest (3.12)	Run tests	2026-10-06T10:44:56.1110853Z             "reason": reason,
pytest (3.12)	Run tests	2026-10-06T10:44:56.1110945Z             "pid": self._sidecar_pid,
pytest (3.12)	Run tests	2026-10-06T10:44:56.1111028Z             "identity_filetime": (
pytest (3.12)	Run tests	2026-10-06T10:44:56.1111147Z                 str(self._sidecar_identity.created_at_filetime)
pytest (3.12)	Run tests	2026-10-06T10:44:56.1111256Z                 if self._sidecar_identity is not None
pytest (3.12)	Run tests	2026-10-06T10:44:56.1111394Z                 else None
pytest (3.12)	Run tests	2026-10-06T10:44:56.1111466Z             ),
pytest (3.12)	Run tests	2026-10-06T10:44:56.1111558Z             "process_exited": outcome["root_dead"],
pytest (3.12)	Run tests	2026-10-06T10:44:56.1111661Z             "job_verified": outcome["job_verified"],
pytest (3.12)	Run tests	2026-10-06T10:44:56.1111761Z             "guard_closed": outcome["guard_closed"],
pytest (3.12)	Run tests	2026-10-06T10:44:56.1111852Z             "cleanup_closed": outcome["closed"],
pytest (3.12)	Run tests	2026-10-06T10:44:56.1111952Z             "cleanup_seconds": outcome["seconds"],
pytest (3.12)	Run tests	2026-10-06T10:44:56.1112086Z             "cleanup_detail": ", ".join(detail) if detail else "ok",
pytest (3.12)	Run tests	2026-10-06T10:44:56.1112198Z             "cleanup_errors": list(outcome["errors"]),
pytest (3.12)	Run tests	2026-10-06T10:44:56.1112288Z             "stderr_digest": self._stderr_digest(),
pytest (3.12)	Run tests	2026-10-06T10:44:56.1112356Z         }
pytest (3.12)	Run tests	2026-10-06T10:44:56.1112430Z         message = (
pytest (3.12)	Run tests	2026-10-06T10:44:56.1112616Z             f"{reason}\uff1b\u6e05\u7406={'converged' if outcome['closed'] else 'retained'}"
pytest (3.12)	Run tests	2026-10-06T10:44:56.1112770Z             f"\uff08{outcome['seconds']}s, pid={self._sidecar_pid}\uff09"
pytest (3.12)	Run tests	2026-10-06T10:44:56.1112834Z         )
pytest (3.12)	Run tests	2026-10-06T10:44:56.1113042Z >       raise EmulatorStartupError(message, owner=owner, residual=residual) from cause
pytest (3.12)	Run tests	2026-10-06T10:44:56.1113918Z E       packages.core.terminal.emulator.EmulatorStartupError: sidecar \u4e0d\u53ef\u7528\uff1adependency-missing:Cannot find package '@xterm/headless' imported from D:\\a\\pan\\pan\\packages\\core\\terminal\\emulator_sidecar\\sidecar.mjs\uff1b\u6e05\u7406=converged\uff080.016s, pid=4320\uff09
pytest (3.12)	Run tests	2026-10-06T10:44:56.1113927Z 
pytest (3.12)	Run tests	2026-10-06T10:44:56.1114082Z packages\core\terminal\emulator.py:904: EmulatorStartupError
pytest (3.12)	Run tests	2026-10-06T10:44:56.1114234Z _______________________ test_probe_unknown_is_not_dead ________________________
pytest (3.12)	Run tests	2026-10-06T10:44:56.1114240Z 
pytest (3.12)	Run tests	2026-10-06T10:44:56.1114343Z     def test_probe_unknown_is_not_dead():
pytest (3.12)	Run tests	2026-10-06T10:44:56.1114804Z         """\u67e5\u4e0d\u5230/\u6253\u4e0d\u5f00/\u4ee5\u53ca\u201c\u73b0\u67e5\u964c\u751f PID \u7684 signaled\u201d\u4e00\u5f8b UNKNOWN\uff0c\u7edd\u4e0d\u5f53 dead\uff08r3 \xa713.4\uff09\u3002"""
pytest (3.12)	Run tests	2026-10-06T10:44:56.1115085Z         # PID 4\uff08System\uff09\u4e0d\u53ef\u6253\u5f00\uff1aopen \u5931\u8d25 -> UNKNOWN
pytest (3.12)	Run tests	2026-10-06T10:44:56.1115191Z         probe = identity.probe_process(4)
pytest (3.12)	Run tests	2026-10-06T10:44:56.1115304Z >       assert probe.status is ProcessStatus.UNKNOWN
pytest (3.12)	Run tests	2026-10-06T10:44:56.1115564Z E       AssertionError: assert <ProcessStatus.ALIVE: 'alive'> is <ProcessStatus.UNKNOWN: 'unknown'>
pytest (3.12)	Run tests	2026-10-06T10:44:56.1116137Z E        +  where <ProcessStatus.ALIVE: 'alive'> = ProcessProbe(status=<ProcessStatus.ALIVE: 'alive'>, identity=ProcessIdentity(pid=4, created_at_filetime=134357560051757799, created_at=None, image=None), detail='').status
pytest (3.12)	Run tests	2026-10-06T10:44:56.1116315Z E        +  and   <ProcessStatus.UNKNOWN: 'unknown'> = ProcessStatus.UNKNOWN
pytest (3.12)	Run tests	2026-10-06T10:44:56.1116320Z 
pytest (3.12)	Run tests	2026-10-06T10:44:56.1116443Z tests\test_terminal_identity.py:123: AssertionError
pytest (3.12)	Run tests	2026-10-06T10:44:56.1116601Z ____________________ test_real_stdio_mcp_conpty_roundtrip _____________________
pytest (3.12)	Run tests	2026-10-06T10:44:56.1116734Z   + Exception Group Traceback (most recent call last):
pytest (3.12)	Run tests	2026-10-06T10:44:56.1116994Z   |   File "D:\a\pan\pan\tests\test_terminal_tools_api.py", line 240, in test_real_stdio_mcp_conpty_roundtrip
pytest (3.12)	Run tests	2026-10-06T10:44:56.1117080Z   |     asyncio.run(run())
pytest (3.12)	Run tests	2026-10-06T10:44:56.1117321Z   |   File "C:\hostedtoolcache\windows\Python\3.12.10\x64\Lib\asyncio\runners.py", line 195, in run
pytest (3.12)	Run tests	2026-10-06T10:44:56.1117401Z   |     return runner.run(main)
pytest (3.12)	Run tests	2026-10-06T10:44:56.1117484Z   |            ^^^^^^^^^^^^^^^^
pytest (3.12)	Run tests	2026-10-06T10:44:56.1117705Z   |   File "C:\hostedtoolcache\windows\Python\3.12.10\x64\Lib\asyncio\runners.py", line 118, in run
pytest (3.12)	Run tests	2026-10-06T10:44:56.1117819Z   |     return self._loop.run_until_complete(task)
pytest (3.12)	Run tests	2026-10-06T10:44:56.1117908Z   |            ^^^^^^^^^^^^^^^^^^^^^^^^^^^^^^^^^^^
pytest (3.12)	Run tests	2026-10-06T10:44:56.1118180Z   |   File "C:\hostedtoolcache\windows\Python\3.12.10\x64\Lib\asyncio\base_events.py", line 691, in run_until_complete
pytest (3.12)	Run tests	2026-10-06T10:44:56.1118339Z   |     return future.result()
pytest (3.12)	Run tests	2026-10-06T10:44:56.1118407Z   |            ^^^^^^^^^^^^^^^
pytest (3.12)	Run tests	2026-10-06T10:44:56.1118564Z   |   File "D:\a\pan\pan\tests\test_terminal_tools_api.py", line 198, in run
pytest (3.12)	Run tests	2026-10-06T10:44:56.1118686Z   |     async with stdio_client(params) as (reader, writer):
pytest (3.12)	Run tests	2026-10-06T10:44:56.1118767Z   |                ^^^^^^^^^^^^^^^^^^^^
pytest (3.12)	Run tests	2026-10-06T10:44:56.1118993Z   |   File "C:\hostedtoolcache\windows\Python\3.12.10\x64\Lib\contextlib.py", line 231, in __aexit__
pytest (3.12)	Run tests	2026-10-06T10:44:56.1119077Z   |     await self.gen.athrow(value)
pytest (3.12)	Run tests	2026-10-06T10:44:56.1119668Z   |   File "C:\hostedtoolcache\windows\Python\3.12.10\x64\Lib\site-packages\mcp\client\stdio\__init__.py", line 183, in stdio_client
pytest (3.12)	Run tests	2026-10-06T10:44:56.1119883Z   |     anyio.create_task_group() as tg,
pytest (3.12)	Run tests	2026-10-06T10:44:56.1119972Z   |     ^^^^^^^^^^^^^^^^^^^^^^^^^
pytest (3.12)	Run tests	2026-10-06T10:44:56.1120272Z   |   File "C:\hostedtoolcache\windows\Python\3.12.10\x64\Lib\site-packages\anyio\_backends\_asyncio.py", line 847, in __aexit__
pytest (3.12)	Run tests	2026-10-06T10:44:56.1120381Z   |     raise BaseExceptionGroup(
pytest (3.12)	Run tests	2026-10-06T10:44:56.1120547Z   | ExceptionGroup: unhandled errors in a TaskGroup (1 sub-exception)
pytest (3.12)	Run tests	2026-10-06T10:44:56.1120631Z   +-+---------------- 1 ----------------
pytest (3.12)	Run tests	2026-10-06T10:44:56.1120765Z     | Exception Group Traceback (most recent call last):
pytest (3.12)	Run tests	2026-10-06T10:44:56.1121079Z     |   File "C:\hostedtoolcache\windows\Python\3.12.10\x64\Lib\site-packages\mcp\client\stdio\__init__.py", line 189, in stdio_client
pytest (3.12)	Run tests	2026-10-06T10:44:56.1121179Z     |     yield read_stream, write_stream
pytest (3.12)	Run tests	2026-10-06T10:44:56.1121342Z     |   File "D:\a\pan\pan\tests\test_terminal_tools_api.py", line 199, in run
pytest (3.12)	Run tests	2026-10-06T10:44:56.1121464Z     |     async with ClientSession(reader, writer) as client:
pytest (3.12)	Run tests	2026-10-06T10:44:56.1121562Z     |                ^^^^^^^^^^^^^^^^^^^^^^^^^^^^^
pytest (3.12)	Run tests	2026-10-06T10:44:56.1121845Z     |   File "C:\hostedtoolcache\windows\Python\3.12.10\x64\Lib\site-packages\mcp\shared\session.py", line 238, in __aexit__
pytest (3.12)	Run tests	2026-10-06T10:44:56.1122104Z     |     return await self._task_group.__aexit__(exc_type, exc_val, exc_tb)
pytest (3.12)	Run tests	2026-10-06T10:44:56.1122210Z     |            ^^^^^^^^^^^^^^^^^^^^^^^^^^^^^^^^^^^^^^^^^^^^^^^^^^^^^^^^^^^
pytest (3.12)	Run tests	2026-10-06T10:44:56.1122830Z     |   File "C:\hostedtoolcache\windows\Python\3.12.10\x64\Lib\site-packages\anyio\_backends\_asyncio.py", line 847, in __aexit__
pytest (3.12)	Run tests	2026-10-06T10:44:56.1122941Z     |     raise BaseExceptionGroup(
pytest (3.12)	Run tests	2026-10-06T10:44:56.1123106Z     | ExceptionGroup: unhandled errors in a TaskGroup (1 sub-exception)
pytest (3.12)	Run tests	2026-10-06T10:44:56.1123203Z     +-+---------------- 1 ----------------
pytest (3.12)	Run tests	2026-10-06T10:44:56.1123291Z       | Traceback (most recent call last):
pytest (3.12)	Run tests	2026-10-06T10:44:56.1123462Z       |   File "D:\a\pan\pan\tests\test_terminal_tools_api.py", line 206, in run
pytest (3.12)	Run tests	2026-10-06T10:44:56.1123555Z       |     assert created["ok"], created
pytest (3.12)	Run tests	2026-10-06T10:44:56.1123728Z       | AssertionError: {'ok': False, 'error': {'code': 'terminal-tool-failed'}}
pytest (3.12)	Run tests	2026-10-06T10:44:56.1123816Z       | assert False
pytest (3.12)	Run tests	2026-10-06T10:44:56.1123900Z       +------------------------------------
pytest (3.12)	Run tests	2026-10-06T10:44:56.1124065Z ---------------------------- Captured stderr call -----------------------------
pytest (3.12)	Run tests	2026-10-06T10:44:56.1125186Z C:\hostedtoolcache\windows\Python\3.12.10\x64\Lib\site-packages\pydantic_settings\sources\utils.py:47: IncompleteFieldDefinitionWarning: Field 'lifespan' has an incomplete definition: its annotation contains an unresolved forward reference, so settings sources may fail to correctly resolve its value. Call `model_rebuild()` on the model where the field is defined, once all the referenced types are defined.
pytest (3.12)	Run tests	2026-10-06T10:44:56.1125204Z 
pytest (3.12)	Run tests	2026-10-06T10:44:56.1125277Z   warnings.warn(
pytest (3.12)	Run tests	2026-10-06T10:44:56.1125284Z 
pytest (3.12)	Run tests	2026-10-06T10:44:56.1125399Z Processing request of type CallToolRequest
pytest (3.12)	Run tests	2026-10-06T10:44:56.1125404Z 
pytest (3.12)	Run tests	2026-10-06T10:44:56.1125496Z Processing request of type ListToolsRequest
pytest (3.12)	Run tests	2026-10-06T10:44:56.1125509Z 
pytest (3.12)	Run tests	2026-10-06T10:44:56.1125671Z ___________________ test_ctrl_c_input_channel_and_survival ____________________
pytest (3.12)	Run tests	2026-10-06T10:44:56.1125756Z 
pytest (3.12)	Run tests	2026-10-06T10:44:56.1126113Z tmp_path = WindowsPath('C:/Users/runneradmin/AppData/Local/Temp/pytest-of-runneradmin/pytest-0/test_ctrl_c_input_channel_and_0')
pytest (3.12)	Run tests	2026-10-06T10:44:56.1126120Z 
pytest (3.12)	Run tests	2026-10-06T10:44:56.1126242Z     def test_ctrl_c_input_channel_and_survival(tmp_path):
pytest (3.12)	Run tests	2026-10-06T10:44:56.1126427Z         """Ctrl-C \u57fa\u672c\uff08\u672c\u673a\u5b9e\u6d4b\u8fb9\u754c\uff09\uff1a
pytest (3.12)	Run tests	2026-10-06T10:44:56.1126503Z     
pytest (3.12)	Run tests	2026-10-06T10:44:56.1126793Z         - ``\\\\x03`` \u6ce8\u5165\u5230\u8f93\u5165\u901a\u9053\uff1a\u963b\u585e\u5728 ReadConsole \u7684\u8bfb\u53d6\u88ab\u91ca\u653e
pytest (3.12)	Run tests	2026-10-06T10:44:56.1126958Z           \uff08\u5b50\u8fdb\u7a0b\u89c2\u5bdf\u5230 INPUT-RELEASED\uff09\uff1b
pytest (3.12)	Run tests	2026-10-06T10:44:56.1127129Z         - \u901a\u9053\u968f\u540e\u4ecd\u53ef\u7528\uff08PING \u5f80\u8fd4\uff09\uff1b
pytest (3.12)	Run tests	2026-10-06T10:44:56.1127469Z         - **\u672a\u8bc1\u5b9e** OS \u7ea7 CTRL_C_EVENT\uff08\u672c\u673a build 26200\uff1a\u5bf9\u672a\u963b\u585e\u8bfb\u8f93\u5165\u7684\u8fdb\u7a0b
pytest (3.12)	Run tests	2026-10-06T10:44:56.1127892Z           \u65e0\u6548\uff1bwin32-input-mode \u5e8f\u5217\u540c\u6837\u65e0\u6548\uff09\u2014\u2014\u4e0d\u5f97\u636e\u6b64\u5ba3\u79f0\u5df2\u5b9e\u73b0 Ctrl-C \u8bed\u4e49\u3002
pytest (3.12)	Run tests	2026-10-06T10:44:56.1127968Z         """
pytest (3.12)	Run tests	2026-10-06T10:44:56.1128060Z         child = write_script(
pytest (3.12)	Run tests	2026-10-06T10:44:56.1128128Z             tmp_path,
pytest (3.12)	Run tests	2026-10-06T10:44:56.1128217Z             "ctrl_c_child.py",
pytest (3.12)	Run tests	2026-10-06T10:44:56.1128288Z             "import sys\n"
pytest (3.12)	Run tests	2026-10-06T10:44:56.1128386Z             "print('READY', flush=True)\n"
pytest (3.12)	Run tests	2026-10-06T10:44:56.1128466Z             "while True:\n"
pytest (3.12)	Run tests	2026-10-06T10:44:56.1128564Z             "    line = sys.stdin.readline()\n"
pytest (3.12)	Run tests	2026-10-06T10:44:56.1128651Z             "    if line == '':\n"
pytest (3.12)	Run tests	2026-10-06T10:44:56.1128760Z             "        print('INPUT-RELEASED', flush=True)\n"
pytest (3.12)	Run tests	2026-10-06T10:44:56.1128848Z             "        continue\n"
pytest (3.12)	Run tests	2026-10-06T10:44:56.1129010Z             "    if line.strip() == 'quit':\n"
pytest (3.12)	Run tests	2026-10-06T10:44:56.1129116Z             "        print('QUIT', flush=True)\n"
pytest (3.12)	Run tests	2026-10-06T10:44:56.1129186Z             "        break\n"
pytest (3.12)	Run tests	2026-10-06T10:44:56.1129310Z             "    print('LINE ' + line.strip(), flush=True)\n",
pytest (3.12)	Run tests	2026-10-06T10:44:56.1129384Z         )
pytest (3.12)	Run tests	2026-10-06T10:44:56.1129570Z         b = ConPtyBackend.spawn([PYTHON, child], cwd=str(tmp_path), rows=30, cols=100)
pytest (3.12)	Run tests	2026-10-06T10:44:56.1129645Z         try:
pytest (3.12)	Run tests	2026-10-06T10:44:56.1129734Z             buf, why = read_until(b, b"READY")
pytest (3.12)	Run tests	2026-10-06T10:44:56.1129830Z             assert why == "found"
pytest (3.12)	Run tests	2026-10-06T10:44:56.1129903Z             b.write(b"\x03")
pytest (3.12)	Run tests	2026-10-06T10:44:56.1130024Z             buf2, why2 = read_until(b, b"INPUT-RELEASED")
pytest (3.12)	Run tests	2026-10-06T10:44:56.1130126Z >           assert why2 == "found", buf2[-200:]
pytest (3.12)	Run tests	2026-10-06T10:44:56.1130494Z E           AssertionError: b'a\\Local\\Temp\\pytest-of-runneradmin\\pytest-0\\test_ctrl_c_input_channel_and_0\\ctrl_c_child.py", line 4, in <module>\r
pytest (3.12)	Run tests	2026-10-06T10:44:56.1130607Z E                 line = sys.stdin.readline()\r
pytest (3.12)	Run tests	2026-10-06T10:44:56.1130692Z E                        ^^^^^^^^^^^^^^^^^^^^\r
pytest (3.12)	Run tests	2026-10-06T10:44:56.1130787Z E             KeyboardInterrupt\r
pytest (3.12)	Run tests	2026-10-06T10:44:56.1130858Z E             '
pytest (3.12)	Run tests	2026-10-06T10:44:56.1130940Z E           assert 'timeout' == 'found'
pytest (3.12)	Run tests	2026-10-06T10:44:56.1131014Z E             
pytest (3.12)	Run tests	2026-10-06T10:44:56.1131082Z E             - found
pytest (3.12)	Run tests	2026-10-06T10:44:56.1131168Z E             + timeout
pytest (3.12)	Run tests	2026-10-06T10:44:56.1131173Z 
pytest (3.12)	Run tests	2026-10-06T10:44:56.1131305Z tests\test_terminal_windows_backend.py:262: AssertionError
pytest (3.12)	Run tests	2026-10-06T10:44:56.1131435Z ============================== warnings summary ===============================
pytest (3.12)	Run tests	2026-10-06T10:44:56.1131692Z C:\hostedtoolcache\windows\Python\3.12.10\x64\Lib\site-packages\pydantic_settings\sources\utils.py:47
pytest (3.12)	Run tests	2026-10-06T10:44:56.1132798Z   C:\hostedtoolcache\windows\Python\3.12.10\x64\Lib\site-packages\pydantic_settings\sources\utils.py:47: IncompleteFieldDefinitionWarning: Field 'lifespan' has an incomplete definition: its annotation contains an unresolved forward reference, so settings sources may fail to correctly resolve its value. Call `model_rebuild()` on the model where the field is defined, once all the referenced types are defined.
pytest (3.12)	Run tests	2026-10-06T10:44:56.1132987Z     warnings.warn(
pytest (3.12)	Run tests	2026-10-06T10:44:56.1132993Z 
pytest (3.12)	Run tests	2026-10-06T10:44:56.1133200Z C:\hostedtoolcache\windows\Python\3.12.10\x64\Lib\site-packages\fastapi\testclient.py:1
pytest (3.12)	Run tests	2026-10-06T10:44:56.1133731Z   C:\hostedtoolcache\windows\Python\3.12.10\x64\Lib\site-packages\fastapi\testclient.py:1: StarletteDeprecationWarning: Using `httpx` with `starlette.testclient` is deprecated; install `httpx2` instead.
pytest (3.12)	Run tests	2026-10-06T10:44:56.1133899Z     from starlette.testclient import TestClient as TestClient  # noqa
pytest (3.12)	Run tests	2026-10-06T10:44:56.1133905Z 
pytest (3.12)	Run tests	2026-10-06T10:44:56.1134153Z -- Docs: https://docs.pytest.org/en/stable/how-to/capture-warnings.html
pytest (3.12)	Run tests	2026-10-06T10:44:56.1134285Z =========================== short test summary info ===========================
pytest (3.12)	Run tests	2026-10-06T10:44:56.1134876Z FAILED tests/test_eventloop_history_offload.py::test_incomplete_120k_summary_backfill_runs_off_loop_and_persists_exact_projection - assert 0.06299999999998818 < 0.05
pytest (3.12)	Run tests	2026-10-06T10:44:56.1135023Z  +  where 0.06299999999998818 = max([0.0, 0.0, 0.0, 0.0, 0.0, 0.0, ...])
pytest (3.12)	Run tests	2026-10-06T10:44:56.1136121Z FAILED tests/test_terminal_composition.py::test_composition_r2_engine_close_budget_owner_retryable - packages.core.terminal.emulator.EmulatorStartupError: sidecar \u4e0d\u53ef\u7528\uff1adependency-missing:Cannot find package '@xterm/headless' imported from D:\\a\\pan\\pan\\packages\\core\\terminal\\emulator_sidecar\\sidecar.mjs\uff1b\u6e05\u7406=converged\uff080.016s, pid=1980\uff09
pytest (3.12)	Run tests	2026-10-06T10:44:56.1137122Z FAILED tests/test_terminal_emulator.py::test_construct_ready_identity_and_close - packages.core.terminal.emulator.EmulatorStartupError: sidecar \u4e0d\u53ef\u7528\uff1adependency-missing:Cannot find package '@xterm/headless' imported from D:\\a\\pan\\pan\\packages\\core\\terminal\\emulator_sidecar\\sidecar.mjs\uff1b\u6e05\u7406=converged\uff080.015s, pid=1712\uff09
pytest (3.12)	Run tests	2026-10-06T10:44:56.1138273Z FAILED tests/test_terminal_emulator.py::test_start_cursor_beyond_53_bits_travels_as_string - packages.core.terminal.emulator.EmulatorStartupError: sidecar \u4e0d\u53ef\u7528\uff1adependency-missing:Cannot find package '@xterm/headless' imported from D:\\a\\pan\\pan\\packages\\core\\terminal\\emulator_sidecar\\sidecar.mjs\uff1b\u6e05\u7406=converged\uff080.015s, pid=9132\uff09
pytest (3.12)	Run tests	2026-10-06T10:44:56.1139287Z FAILED tests/test_terminal_emulator.py::test_main_screen_matrix_and_recovery - packages.core.terminal.emulator.EmulatorStartupError: sidecar \u4e0d\u53ef\u7528\uff1adependency-missing:Cannot find package '@xterm/headless' imported from D:\\a\\pan\\pan\\packages\\core\\terminal\\emulator_sidecar\\sidecar.mjs\uff1b\u6e05\u7406=converged\uff080.0s, pid=1244\uff09
pytest (3.12)	Run tests	2026-10-06T10:44:56.1140311Z FAILED tests/test_terminal_emulator.py::test_alternate_screen_matrix_and_recovery - packages.core.terminal.emulator.EmulatorStartupError: sidecar \u4e0d\u53ef\u7528\uff1adependency-missing:Cannot find package '@xterm/headless' imported from D:\\a\\pan\\pan\\packages\\core\\terminal\\emulator_sidecar\\sidecar.mjs\uff1b\u6e05\u7406=converged\uff080.0s, pid=1552\uff09
pytest (3.12)	Run tests	2026-10-06T10:44:56.1141320Z FAILED tests/test_terminal_emulator.py::test_split_utf8_1_4_rest_matches_continuous - packages.core.terminal.emulator.EmulatorStartupError: sidecar \u4e0d\u53ef\u7528\uff1adependency-missing:Cannot find package '@xterm/headless' imported from D:\\a\\pan\\pan\\packages\\core\\terminal\\emulator_sidecar\\sidecar.mjs\uff1b\u6e05\u7406=converged\uff080.0s, pid=3784\uff09
pytest (3.12)	Run tests	2026-10-06T10:44:56.1142334Z FAILED tests/test_terminal_emulator.py::test_holdback_split_csi_and_protocol_a_recovery - packages.core.terminal.emulator.EmulatorStartupError: sidecar \u4e0d\u53ef\u7528\uff1adependency-missing:Cannot find package '@xterm/headless' imported from D:\\a\\pan\\pan\\packages\\core\\terminal\\emulator_sidecar\\sidecar.mjs\uff1b\u6e05\u7406=converged\uff080.0s, pid=6048\uff09
pytest (3.12)	Run tests	2026-10-06T10:44:56.1143861Z FAILED tests/test_terminal_emulator.py::test_holdback_split_osc_degrades_partial_and_recovers - packages.core.terminal.emulator.EmulatorStartupError: sidecar \u4e0d\u53ef\u7528\uff1adependency-missing:Cannot find package '@xterm/headless' imported from D:\\a\\pan\\pan\\packages\\core\\terminal\\emulator_sidecar\\sidecar.mjs\uff1b\u6e05\u7406=converged\uff080.016s, pid=7960\uff09
pytest (3.12)	Run tests	2026-10-06T10:44:56.1144905Z FAILED tests/test_terminal_emulator.py::test_snapshot_cursor_excludes_pending_tail - packages.core.terminal.emulator.EmulatorStartupError: sidecar \u4e0d\u53ef\u7528\uff1adependency-missing:Cannot find package '@xterm/headless' imported from D:\\a\\pan\\pan\\packages\\core\\terminal\\emulator_sidecar\\sidecar.mjs\uff1b\u6e05\u7406=converged\uff080.016s, pid=7800\uff09
pytest (3.12)	Run tests	2026-10-06T10:44:56.1145911Z FAILED tests/test_terminal_emulator.py::test_resize_queue_ordering_matches_reference - packages.core.terminal.emulator.EmulatorStartupError: sidecar \u4e0d\u53ef\u7528\uff1adependency-missing:Cannot find package '@xterm/headless' imported from D:\\a\\pan\\pan\\packages\\core\\terminal\\emulator_sidecar\\sidecar.mjs\uff1b\u6e05\u7406=converged\uff080.0s, pid=4052\uff09
pytest (3.12)	Run tests	2026-10-06T10:44:56.1146983Z FAILED tests/test_terminal_emulator.py::test_browserless_large_output_and_log_cursor_eviction - packages.core.terminal.emulator.EmulatorStartupError: sidecar \u4e0d\u53ef\u7528\uff1adependency-missing:Cannot find package '@xterm/headless' imported from D:\\a\\pan\\pan\\packages\\core\\terminal\\emulator_sidecar\\sidecar.mjs\uff1b\u6e05\u7406=converged\uff080.015s, pid=7672\uff09
pytest (3.12)	Run tests	2026-10-06T10:44:56.1148048Z FAILED tests/test_terminal_emulator.py::test_snapshot_cursor_is_applied_not_producer_frontier - packages.core.terminal.emulator.EmulatorStartupError: sidecar \u4e0d\u53ef\u7528\uff1adependency-missing:Cannot find package '@xterm/headless' imported from D:\\a\\pan\\pan\\packages\\core\\terminal\\emulator_sidecar\\sidecar.mjs\uff1b\u6e05\u7406=converged\uff080.015s, pid=5448\uff09
pytest (3.12)	Run tests	2026-10-06T10:44:56.1149135Z FAILED tests/test_terminal_emulator.py::test_expired_control_never_executes_late - packages.core.terminal.emulator.EmulatorStartupError: sidecar \u4e0d\u53ef\u7528\uff1adependency-missing:Cannot find package '@xterm/headless' imported from D:\\a\\pan\\pan\\packages\\core\\terminal\\emulator_sidecar\\sidecar.mjs\uff1b\u6e05\u7406=converged\uff080.0s, pid=5148\uff09
pytest (3.12)	Run tests	2026-10-06T10:44:56.1150135Z FAILED tests/test_terminal_emulator.py::test_feed_enqueue_never_waits_for_node - packages.core.terminal.emulator.EmulatorStartupError: sidecar \u4e0d\u53ef\u7528\uff1adependency-missing:Cannot find package '@xterm/headless' imported from D:\\a\\pan\\pan\\packages\\core\\terminal\\emulator_sidecar\\sidecar.mjs\uff1b\u6e05\u7406=converged\uff080.0s, pid=5708\uff09
pytest (3.12)	Run tests	2026-10-06T10:44:56.1151594Z FAILED tests/test_terminal_emulator.py::test_feed_overflow_is_sticky_degraded_and_bounded - packages.core.terminal.emulator.EmulatorStartupError: sidecar \u4e0d\u53ef\u7528\uff1adependency-missing:Cannot find package '@xterm/headless' imported from D:\\a\\pan\\pan\\packages\\core\\terminal\\emulator_sidecar\\sidecar.mjs\uff1b\u6e05\u7406=converged\uff080.0s, pid=1408\uff09
pytest (3.12)	Run tests	2026-10-06T10:44:56.1153084Z FAILED tests/test_terminal_emulator.py::test_control_queue_overflow_is_visible - packages.core.terminal.emulator.EmulatorStartupError: sidecar \u4e0d\u53ef\u7528\uff1adependency-missing:Cannot find package '@xterm/headless' imported from D:\\a\\pan\\pan\\packages\\core\\terminal\\emulator_sidecar\\sidecar.mjs\uff1b\u6e05\u7406=converged\uff080.016s, pid=3284\uff09
pytest (3.12)	Run tests	2026-10-06T10:44:56.1154748Z FAILED tests/test_terminal_emulator.py::test_unknown_sequence_after_event_saturation_is_detected - packages.core.terminal.emulator.EmulatorStartupError: sidecar \u4e0d\u53ef\u7528\uff1adependency-missing:Cannot find package '@xterm/headless' imported from D:\\a\\pan\\pan\\packages\\core\\terminal\\emulator_sidecar\\sidecar.mjs\uff1b\u6e05\u7406=converged\uff080.0s, pid=3344\uff09
pytest (3.12)	Run tests	2026-10-06T10:44:56.1156405Z FAILED tests/test_terminal_emulator.py::test_engine_op_error_is_sticky_degraded - packages.core.terminal.emulator.EmulatorStartupError: sidecar \u4e0d\u53ef\u7528\uff1adependency-missing:Cannot find package '@xterm/headless' imported from D:\\a\\pan\\pan\\packages\\core\\terminal\\emulator_sidecar\\sidecar.mjs\uff1b\u6e05\u7406=converged\uff080.016s, pid=8344\uff09
pytest (3.12)	Run tests	2026-10-06T10:44:56.1159167Z FAILED tests/test_terminal_emulator.py::test_reset_baseline_uses_execution_position_not_future_frontier - packages.core.terminal.emulator.EmulatorStartupError: sidecar \u4e0d\u53ef\u7528\uff1adependency-missing:Cannot find package '@xterm/headless' imported from D:\\a\\pan\\pan\\packages\\core\\terminal\\emulator_sidecar\\sidecar.mjs\uff1b\u6e05\u7406=converged\uff080.016s, pid=2880\uff09
pytest (3.12)	Run tests	2026-10-06T10:44:56.1160433Z FAILED tests/test_terminal_emulator.py::test_reset_clears_old_gap_and_never_fakes_full - packages.core.terminal.emulator.EmulatorStartupError: sidecar \u4e0d\u53ef\u7528\uff1adependency-missing:Cannot find package '@xterm/headless' imported from D:\\a\\pan\\pan\\packages\\core\\terminal\\emulator_sidecar\\sidecar.mjs\uff1b\u6e05\u7406=converged\uff080.0s, pid=3568\uff09
pytest (3.12)	Run tests	2026-10-06T10:44:56.1161493Z FAILED tests/test_terminal_emulator.py::test_duplicate_feed_bytes_not_double_consumed - packages.core.terminal.emulator.EmulatorStartupError: sidecar \u4e0d\u53ef\u7528\uff1adependency-missing:Cannot find package '@xterm/headless' imported from D:\\a\\pan\\pan\\packages\\core\\terminal\\emulator_sidecar\\sidecar.mjs\uff1b\u6e05\u7406=converged\uff080.015s, pid=4184\uff09
pytest (3.12)	Run tests	2026-10-06T10:44:56.3401809Z FAILED tests/test_terminal_emulator.py::test_sidecar_crash_is_visible_and_close_converges - packages.core.terminal.emulator.EmulatorStartupError: sidecar \u4e0d\u53ef\u7528\uff1adependency-missing:Cannot find package '@xterm/headless' imported from D:\\a\\pan\\pan\\packages\\core\\terminal\\emulator_sidecar\\sidecar.mjs\uff1b\u6e05\u7406=converged\uff080.015s, pid=1416\uff09
pytest (3.12)	Run tests	2026-10-06T10:44:56.3406998Z FAILED tests/test_terminal_emulator.py::test_close_failure_retains_resources_then_retry_converges - packages.core.terminal.emulator.EmulatorStartupError: sidecar \u4e0d\u53ef\u7528\uff1adependency-missing:Cannot find package '@xterm/headless' imported from D:\\a\\pan\\pan\\packages\\core\\terminal\\emulator_sidecar\\sidecar.mjs\uff1b\u6e05\u7406=converged\uff080.015s, pid=6960\uff09
pytest (3.12)	Run tests	2026-10-06T10:44:56.3409198Z FAILED tests/test_terminal_emulator.py::test_guard_close_failure_is_retryable - packages.core.terminal.emulator.EmulatorStartupError: sidecar \u4e0d\u53ef\u7528\uff1adependency-missing:Cannot find package '@xterm/headless' imported from D:\\a\\pan\\pan\\packages\\core\\terminal\\emulator_sidecar\\sidecar.mjs\uff1b\u6e05\u7406=converged\uff080.0s, pid=8096\uff09
pytest (3.12)	Run tests	2026-10-06T10:44:56.3411063Z FAILED tests/test_terminal_emulator.py::test_runner_hard_death_kills_sidecar_via_job - AssertionError: t recent call last):
pytest (3.12)	Run tests	2026-10-06T10:44:56.3411523Z 
pytest (3.12)	Run tests	2026-10-06T10:44:56.3418201Z     File "<string>", line 4, in <module>
pytest (3.12)	Run tests	2026-10-06T10:44:56.3418608Z 
pytest (3.12)	Run tests	2026-10-06T10:44:56.3418860Z     File "D:\a\pan\pan\packages\core\terminal\emulator.py", line 747, in __init__
pytest (3.12)	Run tests	2026-10-06T10:44:56.3419165Z 
pytest (3.12)	Run tests	2026-10-06T10:44:56.3419267Z       self._spawn_and_handshake()
pytest (3.12)	Run tests	2026-10-06T10:44:56.3419886Z 
pytest (3.12)	Run tests	2026-10-06T10:44:56.3420154Z     File "D:\a\pan\pan\packages\core\terminal\emulator.py", line 838, in _spawn_and_handshake
pytest (3.12)	Run tests	2026-10-06T10:44:56.3420488Z 
pytest (3.12)	Run tests	2026-10-06T10:44:56.3420688Z       self._fail_startup(f"sidecar \u4e0d\u53ef\u7528\uff1a{self._startup_failure}")
pytest (3.12)	Run tests	2026-10-06T10:44:56.3420985Z 
pytest (3.12)	Run tests	2026-10-06T10:44:56.3421223Z     File "D:\a\pan\pan\packages\core\terminal\emulator.py", line 904, in _fail_startup
pytest (3.12)	Run tests	2026-10-06T10:44:56.3421496Z 
pytest (3.12)	Run tests	2026-10-06T10:44:56.3421707Z       raise EmulatorStartupError(message, owner=owner, residual=residual) from cause
pytest (3.12)	Run tests	2026-10-06T10:44:56.3422008Z 
pytest (3.12)	Run tests	2026-10-06T10:44:56.3422845Z   packages.core.terminal.emulator.EmulatorStartupError: sidecar \u4e0d\u53ef\u7528\uff1adependency-missing:Cannot find package '@xterm/headless' imported from D:\a\pan\pan\packages\core\terminal\emulator_sidecar\sidecar.mjs\uff1b\u6e05\u7406=converged\uff080.0s, pid=6248\uff09
pytest (3.12)	Run tests	2026-10-06T10:44:56.3424780Z 
pytest (3.12)	Run tests	2026-10-06T10:44:56.3424899Z   
pytest (3.12)	Run tests	2026-10-06T10:44:56.3425074Z assert 1 == 7
pytest (3.12)	Run tests	2026-10-06T10:44:56.3425917Z  +  where 1 = CompletedProcess(args=['C:\\hostedtoolcache\\windows\\Python\\3.12.10\\x64\\python.exe', '-c', "import json, os, sys\n...ackages\\core\\terminal\\emulator_sidecar\\sidecar.mjs\\uff1b\\u6e05\\u7406=converged\\uff080.0s, pid=6248\\uff09\r\n').returncode
pytest (3.12)	Run tests	2026-10-06T10:44:56.3427783Z FAILED tests/test_terminal_emulator.py::test_no_process_leaks_after_close - packages.core.terminal.emulator.EmulatorStartupError: sidecar \u4e0d\u53ef\u7528\uff1adependency-missing:Cannot find package '@xterm/headless' imported from D:\\a\\pan\\pan\\packages\\core\\terminal\\emulator_sidecar\\sidecar.mjs\uff1b\u6e05\u7406=converged\uff080.0s, pid=8812\uff09
pytest (3.12)	Run tests	2026-10-06T10:44:56.3430911Z FAILED tests/test_terminal_emulator.py::test_stderr_join_failure_is_accounted_and_retryable - packages.core.terminal.emulator.EmulatorStartupError: sidecar \u4e0d\u53ef\u7528\uff1adependency-missing:Cannot find package '@xterm/headless' imported from D:\\a\\pan\\pan\\packages\\core\\terminal\\emulator_sidecar\\sidecar.mjs\uff1b\u6e05\u7406=converged\uff080.0s, pid=2256\uff09
pytest (3.12)	Run tests	2026-10-06T10:44:56.3433273Z FAILED tests/test_terminal_emulator.py::test_stream_close_failure_is_accounted_and_retryable - packages.core.terminal.emulator.EmulatorStartupError: sidecar \u4e0d\u53ef\u7528\uff1adependency-missing:Cannot find package '@xterm/headless' imported from D:\\a\\pan\\pan\\packages\\core\\terminal\\emulator_sidecar\\sidecar.mjs\uff1b\u6e05\u7406=converged\uff080.0s, pid=8260\uff09
pytest (3.12)	Run tests	2026-10-06T10:44:56.3435561Z FAILED tests/test_terminal_emulator.py::test_resize_wait_confirmation_surface - packages.core.terminal.emulator.EmulatorStartupError: sidecar \u4e0d\u53ef\u7528\uff1adependency-missing:Cannot find package '@xterm/headless' imported from D:\\a\\pan\\pan\\packages\\core\\terminal\\emulator_sidecar\\sidecar.mjs\uff1b\u6e05\u7406=converged\uff080.016s, pid=2472\uff09
pytest (3.12)	Run tests	2026-10-06T10:44:56.3437986Z FAILED tests/test_terminal_emulator.py::test_close_timeout_bounds_total_call_including_lock_wait - packages.core.terminal.emulator.EmulatorStartupError: sidecar \u4e0d\u53ef\u7528\uff1adependency-missing:Cannot find package '@xterm/headless' imported from D:\\a\\pan\\pan\\packages\\core\\terminal\\emulator_sidecar\\sidecar.mjs\uff1b\u6e05\u7406=converged\uff080.015s, pid=5504\uff09
pytest (3.12)	Run tests	2026-10-06T10:44:56.3440202Z FAILED tests/test_terminal_emulator.py::test_kill_timeout_wired_to_remaining_budget - packages.core.terminal.emulator.EmulatorStartupError: sidecar \u4e0d\u53ef\u7528\uff1adependency-missing:Cannot find package '@xterm/headless' imported from D:\\a\\pan\\pan\\packages\\core\\terminal\\emulator_sidecar\\sidecar.mjs\uff1b\u6e05\u7406=converged\uff080.0s, pid=1248\uff09
pytest (3.12)	Run tests	2026-10-06T10:44:56.3442343Z FAILED tests/test_terminal_emulator.py::test_feed_batching_merges_adjacent_feeds - packages.core.terminal.emulator.EmulatorStartupError: sidecar \u4e0d\u53ef\u7528\uff1adependency-missing:Cannot find package '@xterm/headless' imported from D:\\a\\pan\\pan\\packages\\core\\terminal\\emulator_sidecar\\sidecar.mjs\uff1b\u6e05\u7406=converged\uff080.015s, pid=4456\uff09
pytest (3.12)	Run tests	2026-10-06T10:44:56.3445299Z FAILED tests/test_terminal_emulator.py::test_feed_batching_stops_at_gap_and_control - packages.core.terminal.emulator.EmulatorStartupError: sidecar \u4e0d\u53ef\u7528\uff1adependency-missing:Cannot find package '@xterm/headless' imported from D:\\a\\pan\\pan\\packages\\core\\terminal\\emulator_sidecar\\sidecar.mjs\uff1b\u6e05\u7406=converged\uff080.016s, pid=8988\uff09
pytest (3.12)	Run tests	2026-10-06T10:44:56.3447996Z FAILED tests/test_terminal_emulator.py::test_feed_batching_prefix_split_utf8_csi_osc_equivalence - packages.core.terminal.emulator.EmulatorStartupError: sidecar \u4e0d\u53ef\u7528\uff1adependency-missing:Cannot find package '@xterm/headless' imported from D:\\a\\pan\\pan\\packages\\core\\terminal\\emulator_sidecar\\sidecar.mjs\uff1b\u6e05\u7406=converged\uff080.016s, pid=5796\uff09
pytest (3.12)	Run tests	2026-10-06T10:44:56.3451215Z FAILED tests/test_terminal_emulator.py::test_feed_batching_error_ack_binds_batch - packages.core.terminal.emulator.EmulatorStartupError: sidecar \u4e0d\u53ef\u7528\uff1adependency-missing:Cannot find package '@xterm/headless' imported from D:\\a\\pan\\pan\\packages\\core\\terminal\\emulator_sidecar\\sidecar.mjs\uff1b\u6e05\u7406=converged\uff080.016s, pid=4428\uff09
pytest (3.12)	Run tests	2026-10-06T10:44:56.3453460Z FAILED tests/test_terminal_emulator.py::test_feed_batching_accounting_in_flight_and_close - packages.core.terminal.emulator.EmulatorStartupError: sidecar \u4e0d\u53ef\u7528\uff1adependency-missing:Cannot find package '@xterm/headless' imported from D:\\a\\pan\\pan\\packages\\core\\terminal\\emulator_sidecar\\sidecar.mjs\uff1b\u6e05\u7406=converged\uff080.016s, pid=4320\uff09
pytest (3.12)	Run tests	2026-10-06T10:44:56.3455038Z FAILED tests/test_terminal_identity.py::test_probe_unknown_is_not_dead - AssertionError: assert <ProcessStatus.ALIVE: 'alive'> is <ProcessStatus.UNKNOWN: 'unknown'>
pytest (3.12)	Run tests	2026-10-06T10:44:56.3456167Z  +  where <ProcessStatus.ALIVE: 'alive'> = ProcessProbe(status=<ProcessStatus.ALIVE: 'alive'>, identity=ProcessIdentity(pid=4, created_at_filetime=134357560051757799, created_at=None, image=None), detail='').status
pytest (3.12)	Run tests	2026-10-06T10:44:56.3456995Z  +  and   <ProcessStatus.UNKNOWN: 'unknown'> = ProcessStatus.UNKNOWN
pytest (3.12)	Run tests	2026-10-06T10:44:56.3457819Z FAILED tests/test_terminal_tools_api.py::test_real_stdio_mcp_conpty_roundtrip - AssertionError("{'ok': False, 'error': {'code': 'terminal-tool-failed'}}\nassert False") [single exception in ExceptionGroup]
pytest (3.12)	Run tests	2026-10-06T10:44:56.3459070Z FAILED tests/test_terminal_windows_backend.py::test_ctrl_c_input_channel_and_survival - AssertionError: b'a\\Local\\Temp\\pytest-of-runneradmin\\pytest-0\\test_ctrl_c_input_channel_and_0\\ctrl_c_child.py", line 4, in <module>\r
pytest (3.12)	Run tests	2026-10-06T10:44:56.3459829Z       line = sys.stdin.readline()\r
pytest (3.12)	Run tests	2026-10-06T10:44:56.3460209Z              ^^^^^^^^^^^^^^^^^^^^\r
pytest (3.12)	Run tests	2026-10-06T10:44:56.3460437Z   KeyboardInterrupt\r
pytest (3.12)	Run tests	2026-10-06T10:44:56.3460629Z   '
pytest (3.12)	Run tests	2026-10-06T10:44:56.3460798Z assert 'timeout' == 'found'
pytest (3.12)	Run tests	2026-10-06T10:44:56.3460999Z   
pytest (3.12)	Run tests	2026-10-06T10:44:56.3461173Z   - found
pytest (3.12)	Run tests	2026-10-06T10:44:56.3461337Z   + timeout
pytest (3.12)	Run tests	2026-10-06T10:44:56.9748361Z ##[error]Process completed with exit code 1.
pytest (3.12)	Post Run actions/checkout@v4	﻿2026-10-06T10:44:57.0543676Z Post job cleanup.
pytest (3.12)	Post Run actions/checkout@v4	2026-10-06T10:44:57.2421328Z [command]"C:\Program Files\Git\bin\git.exe" version
pytest (3.12)	Post Run actions/checkout@v4	2026-10-06T10:44:57.2736763Z git version 2.55.0.windows.5
pytest (3.12)	Post Run actions/checkout@v4	2026-10-06T10:44:57.2808770Z Temporarily overriding HOME='D:\a\_temp\259702b3-80db-4d89-9c6b-e39b491d9b4c' before making global git config changes
pytest (3.12)	Post Run actions/checkout@v4	2026-10-06T10:44:57.2810125Z Adding repository directory to the temporary git global config as a safe directory
pytest (3.12)	Post Run actions/checkout@v4	2026-10-06T10:44:57.2820444Z [command]"C:\Program Files\Git\bin\git.exe" config --global --add safe.directory D:\a\pan\pan
pytest (3.12)	Post Run actions/checkout@v4	2026-10-06T10:44:57.3142684Z [command]"C:\Program Files\Git\bin\git.exe" config --local --name-only --get-regexp core\.sshCommand
pytest (3.12)	Post Run actions/checkout@v4	2026-10-06T10:44:57.3439474Z [command]"C:\Program Files\Git\bin\git.exe" submodule foreach --recursive "sh -c \"git config --local --name-only --get-regexp 'core\.sshCommand' && git config --local --unset-all 'core.sshCommand' || :\""
pytest (3.12)	Post Run actions/checkout@v4	2026-10-06T10:44:58.2287141Z [command]"C:\Program Files\Git\bin\git.exe" config --local --name-only --get-regexp http\.https\:\/\/github\.com\/\.extraheader
pytest (3.12)	Post Run actions/checkout@v4	2026-10-06T10:44:58.2590721Z http.https://github.com/.extraheader
pytest (3.12)	Post Run actions/checkout@v4	2026-10-06T10:44:58.2642768Z [command]"C:\Program Files\Git\bin\git.exe" config --local --unset-all http.https://github.com/.extraheader
pytest (3.12)	Post Run actions/checkout@v4	2026-10-06T10:44:58.2951866Z [command]"C:\Program Files\Git\bin\git.exe" submodule foreach --recursive "sh -c \"git config --local --name-only --get-regexp 'http\.https\:\/\/github\.com\/\.extraheader' && git config --local --unset-all 'http.https://github.com/.extraheader' || :\""
pytest (3.12)	Post Run actions/checkout@v4	2026-10-06T10:44:58.8351180Z [command]"C:\Program Files\Git\bin\git.exe" config --local --name-only --get-regexp ^includeIf\.gitdir:
pytest (3.12)	Post Run actions/checkout@v4	2026-10-06T10:44:58.8643168Z [command]"C:\Program Files\Git\bin\git.exe" submodule foreach --recursive "git config --local --show-origin --name-only --get-regexp remote.origin.url"
pytest (3.12)	Complete job	﻿2026-10-06T10:44:59.4313429Z Cleaning up orphan processes
pytest (3.12)	Complete job	2026-10-06T10:44:59.4870767Z ##[warning]Node.js 20 is deprecated. The following actions target Node.js 20 but are being forced to run on Node.js 24: actions/checkout@v4, actions/setup-python@v5. For more information see: https://github.blog/changelog/2025-09-19-deprecation-of-node-20-on-github-actions-runners/
