pytest (3.14)	Set up job	﻿2026-10-06T10:31:55.4651398Z Current runner version: '2.337.0'
pytest (3.14)	Set up job	2026-10-06T10:31:55.4717504Z ##[group]Runner Image Provisioner
pytest (3.14)	Set up job	2026-10-06T10:31:55.4718646Z Hosted Compute Agent
pytest (3.14)	Set up job	2026-10-06T10:31:55.4719339Z Version: 20260901.588
pytest (3.14)	Set up job	2026-10-06T10:31:55.4720195Z Commit: f88ec8081b781fac6c440065ac7ff9e710ce3d0b
pytest (3.14)	Set up job	2026-10-06T10:31:55.4721203Z Build Date: 2026-09-01T19:56:44Z
pytest (3.14)	Set up job	2026-10-06T10:31:55.4722054Z Worker ID: {410486d9-df67-48d1-a01b-b589fac9f547}
pytest (3.14)	Set up job	2026-10-06T10:31:55.4723408Z Azure Region: westus3
pytest (3.14)	Set up job	2026-10-06T10:31:55.4724092Z ##[endgroup]
pytest (3.14)	Set up job	2026-10-06T10:31:55.4726119Z ##[group]Operating System
pytest (3.14)	Set up job	2026-10-06T10:31:55.4726960Z Microsoft Windows Server 2025
pytest (3.14)	Set up job	2026-10-06T10:31:55.4727774Z 10.0.26100
pytest (3.14)	Set up job	2026-10-06T10:31:55.4728424Z Datacenter
pytest (3.14)	Set up job	2026-10-06T10:31:55.4729049Z ##[endgroup]
pytest (3.14)	Set up job	2026-10-06T10:31:55.4729769Z ##[group]Runner Image
pytest (3.14)	Set up job	2026-10-06T10:31:55.4730496Z Image: windows-2025-vs2026
pytest (3.14)	Set up job	2026-10-06T10:31:55.4731215Z Version: 20260925.250.1
pytest (3.14)	Set up job	2026-10-06T10:31:55.4732696Z Included Software: https://github.com/actions/runner-images/blob/win25-vs2026/20260925.250/images/windows/Windows2025-VS2026-Readme.md
pytest (3.14)	Set up job	2026-10-06T10:31:55.4735469Z Image Release: https://github.com/actions/runner-images/releases/tag/win25-vs2026%2F20260925.250
pytest (3.14)	Set up job	2026-10-06T10:31:55.4736819Z ##[endgroup]
pytest (3.14)	Set up job	2026-10-06T10:31:55.4738305Z ##[group]GITHUB_TOKEN Permissions
pytest (3.14)	Set up job	2026-10-06T10:31:55.4741255Z Contents: read
pytest (3.14)	Set up job	2026-10-06T10:31:55.4741973Z Metadata: read
pytest (3.14)	Set up job	2026-10-06T10:31:55.4742685Z Packages: read
pytest (3.14)	Set up job	2026-10-06T10:31:55.4743901Z ##[endgroup]
pytest (3.14)	Set up job	2026-10-06T10:31:55.4746819Z Secret source: Actions
pytest (3.14)	Set up job	2026-10-06T10:31:55.4748071Z Cache mode: write
pytest (3.14)	Set up job	2026-10-06T10:31:55.4748964Z Prepare workflow directory
pytest (3.14)	Set up job	2026-10-06T10:31:55.5266040Z Prepare all required actions
pytest (3.14)	Set up job	2026-10-06T10:31:55.5317365Z Getting action download info
pytest (3.14)	Set up job	2026-10-06T10:31:55.8511363Z Download action repository 'actions/checkout@v4' (SHA:11d5960a326750d5838078e36cf38b85af677262)
pytest (3.14)	Set up job	2026-10-06T10:31:55.9657228Z Download action repository 'actions/setup-python@v5' (SHA:a26af69be951a213d495a4c3e4e4022e16d87065)
pytest (3.14)	Set up job	2026-10-06T10:31:56.2606904Z Complete job name: pytest (3.14)
pytest (3.14)	Run actions/checkout@v4	﻿2026-10-06T10:31:56.4148833Z ##[group]Run actions/checkout@v4
pytest (3.14)	Run actions/checkout@v4	2026-10-06T10:31:56.4150486Z with:
pytest (3.14)	Run actions/checkout@v4	2026-10-06T10:31:56.4151136Z   repository: AblazeGHR/pan
pytest (3.14)	Run actions/checkout@v4	2026-10-06T10:31:56.4156532Z   token: ***
pytest (3.14)	Run actions/checkout@v4	2026-10-06T10:31:56.4157201Z   ssh-strict: true
pytest (3.14)	Run actions/checkout@v4	2026-10-06T10:31:56.4157791Z   ssh-user: git
pytest (3.14)	Run actions/checkout@v4	2026-10-06T10:31:56.4158367Z   persist-credentials: true
pytest (3.14)	Run actions/checkout@v4	2026-10-06T10:31:56.4159135Z   clean: true
pytest (3.14)	Run actions/checkout@v4	2026-10-06T10:31:56.4159774Z   sparse-checkout-cone-mode: true
pytest (3.14)	Run actions/checkout@v4	2026-10-06T10:31:56.4160446Z   fetch-depth: 1
pytest (3.14)	Run actions/checkout@v4	2026-10-06T10:31:56.4161086Z   fetch-tags: false
pytest (3.14)	Run actions/checkout@v4	2026-10-06T10:31:56.4161678Z   show-progress: true
pytest (3.14)	Run actions/checkout@v4	2026-10-06T10:31:56.4162571Z   lfs: false
pytest (3.14)	Run actions/checkout@v4	2026-10-06T10:31:56.4163129Z   submodules: false
pytest (3.14)	Run actions/checkout@v4	2026-10-06T10:31:56.4163798Z   set-safe-directory: true
pytest (3.14)	Run actions/checkout@v4	2026-10-06T10:31:56.4164478Z   allow-unsafe-pr-checkout: false
pytest (3.14)	Run actions/checkout@v4	2026-10-06T10:31:56.4165532Z ##[endgroup]
pytest (3.14)	Run actions/checkout@v4	2026-10-06T10:31:56.5881026Z Syncing repository: AblazeGHR/pan
pytest (3.14)	Run actions/checkout@v4	2026-10-06T10:31:56.5884917Z ##[group]Getting Git version info
pytest (3.14)	Run actions/checkout@v4	2026-10-06T10:31:56.5886451Z Working directory is 'D:\a\pan\pan'
pytest (3.14)	Run actions/checkout@v4	2026-10-06T10:31:56.6732540Z [command]"C:\Program Files\Git\bin\git.exe" version
pytest (3.14)	Run actions/checkout@v4	2026-10-06T10:31:57.0343864Z git version 2.55.0.windows.5
pytest (3.14)	Run actions/checkout@v4	2026-10-06T10:31:57.0398087Z ##[endgroup]
pytest (3.14)	Run actions/checkout@v4	2026-10-06T10:31:57.0419660Z Temporarily overriding HOME='D:\a\_temp\8587a022-868b-4bf7-91ae-111f7ff5d3ce' before making global git config changes
pytest (3.14)	Run actions/checkout@v4	2026-10-06T10:31:57.0421171Z Adding repository directory to the temporary git global config as a safe directory
pytest (3.14)	Run actions/checkout@v4	2026-10-06T10:31:57.0432388Z [command]"C:\Program Files\Git\bin\git.exe" config --global --add safe.directory D:\a\pan\pan
pytest (3.14)	Run actions/checkout@v4	2026-10-06T10:31:57.1191754Z Deleting the contents of 'D:\a\pan\pan'
pytest (3.14)	Run actions/checkout@v4	2026-10-06T10:31:57.1199103Z ##[group]Initializing the repository
pytest (3.14)	Run actions/checkout@v4	2026-10-06T10:31:57.1208687Z [command]"C:\Program Files\Git\bin\git.exe" init D:\a\pan\pan
pytest (3.14)	Run actions/checkout@v4	2026-10-06T10:31:57.2116896Z Initialized empty Git repository in D:/a/pan/pan/.git/
pytest (3.14)	Run actions/checkout@v4	2026-10-06T10:31:57.2178622Z [command]"C:\Program Files\Git\bin\git.exe" remote add origin https://github.com/AblazeGHR/pan
pytest (3.14)	Run actions/checkout@v4	2026-10-06T10:31:57.2817085Z ##[endgroup]
pytest (3.14)	Run actions/checkout@v4	2026-10-06T10:31:57.2830611Z ##[group]Disabling automatic garbage collection
pytest (3.14)	Run actions/checkout@v4	2026-10-06T10:31:57.2831965Z [command]"C:\Program Files\Git\bin\git.exe" config --local gc.auto 0
pytest (3.14)	Run actions/checkout@v4	2026-10-06T10:31:57.3186521Z ##[endgroup]
pytest (3.14)	Run actions/checkout@v4	2026-10-06T10:31:57.3187888Z ##[group]Setting up auth
pytest (3.14)	Run actions/checkout@v4	2026-10-06T10:31:57.3204124Z [command]"C:\Program Files\Git\bin\git.exe" config --local --name-only --get-regexp core\.sshCommand
pytest (3.14)	Run actions/checkout@v4	2026-10-06T10:31:57.3526740Z [command]"C:\Program Files\Git\bin\git.exe" submodule foreach --recursive "sh -c \"git config --local --name-only --get-regexp 'core\.sshCommand' && git config --local --unset-all 'core.sshCommand' || :\""
pytest (3.14)	Run actions/checkout@v4	2026-10-06T10:31:58.8451544Z [command]"C:\Program Files\Git\bin\git.exe" config --local --name-only --get-regexp http\.https\:\/\/github\.com\/\.extraheader
pytest (3.14)	Run actions/checkout@v4	2026-10-06T10:31:58.8769541Z [command]"C:\Program Files\Git\bin\git.exe" submodule foreach --recursive "sh -c \"git config --local --name-only --get-regexp 'http\.https\:\/\/github\.com\/\.extraheader' && git config --local --unset-all 'http.https://github.com/.extraheader' || :\""
pytest (3.14)	Run actions/checkout@v4	2026-10-06T10:31:59.4145806Z [command]"C:\Program Files\Git\bin\git.exe" config --local --name-only --get-regexp ^includeIf\.gitdir:
pytest (3.14)	Run actions/checkout@v4	2026-10-06T10:31:59.4443045Z [command]"C:\Program Files\Git\bin\git.exe" submodule foreach --recursive "git config --local --show-origin --name-only --get-regexp remote.origin.url"
pytest (3.14)	Run actions/checkout@v4	2026-10-06T10:32:00.0095211Z [command]"C:\Program Files\Git\bin\git.exe" config --local http.https://github.com/.extraheader "AUTHORIZATION: basic ***"
pytest (3.14)	Run actions/checkout@v4	2026-10-06T10:32:00.0443312Z ##[endgroup]
pytest (3.14)	Run actions/checkout@v4	2026-10-06T10:32:00.0444408Z ##[group]Fetching the repository
pytest (3.14)	Run actions/checkout@v4	2026-10-06T10:32:00.0457182Z [command]"C:\Program Files\Git\bin\git.exe" -c protocol.version=2 fetch --no-tags --prune --no-recurse-submodules --depth=1 origin +9f1108a940cf3a0cc514724ad23ccd83daf99de4:refs/remotes/origin/main
pytest (3.14)	Run actions/checkout@v4	2026-10-06T10:32:02.3071441Z From https://github.com/AblazeGHR/pan
pytest (3.14)	Run actions/checkout@v4	2026-10-06T10:32:02.3072652Z  * [new ref]         9f1108a940cf3a0cc514724ad23ccd83daf99de4 -> origin/main
pytest (3.14)	Run actions/checkout@v4	2026-10-06T10:32:02.3124447Z ##[endgroup]
pytest (3.14)	Run actions/checkout@v4	2026-10-06T10:32:02.3125337Z ##[group]Determining the checkout info
pytest (3.14)	Run actions/checkout@v4	2026-10-06T10:32:02.3127088Z ##[endgroup]
pytest (3.14)	Run actions/checkout@v4	2026-10-06T10:32:02.3137842Z [command]"C:\Program Files\Git\bin\git.exe" sparse-checkout disable
pytest (3.14)	Run actions/checkout@v4	2026-10-06T10:32:02.3563823Z [command]"C:\Program Files\Git\bin\git.exe" config --local --unset-all extensions.worktreeConfig
pytest (3.14)	Run actions/checkout@v4	2026-10-06T10:32:02.3873322Z ##[group]Checking out the ref
pytest (3.14)	Run actions/checkout@v4	2026-10-06T10:32:02.3883360Z [command]"C:\Program Files\Git\bin\git.exe" checkout --progress --force -B main refs/remotes/origin/main
pytest (3.14)	Run actions/checkout@v4	2026-10-06T10:32:03.1626238Z Switched to a new branch 'main'
pytest (3.14)	Run actions/checkout@v4	2026-10-06T10:32:03.1704685Z branch 'main' set up to track 'origin/main'.
pytest (3.14)	Run actions/checkout@v4	2026-10-06T10:32:03.1795087Z ##[endgroup]
pytest (3.14)	Run actions/checkout@v4	2026-10-06T10:32:03.2898096Z [command]"C:\Program Files\Git\bin\git.exe" log -1 --format=%H
pytest (3.14)	Run actions/checkout@v4	2026-10-06T10:32:03.3169270Z 9f1108a940cf3a0cc514724ad23ccd83daf99de4
pytest (3.14)	Run actions/setup-python@v5	﻿2026-10-06T10:32:03.3726356Z ##[group]Run actions/setup-python@v5
pytest (3.14)	Run actions/setup-python@v5	2026-10-06T10:32:03.3726907Z with:
pytest (3.14)	Run actions/setup-python@v5	2026-10-06T10:32:03.3727216Z   python-version: 3.14
pytest (3.14)	Run actions/setup-python@v5	2026-10-06T10:32:03.3727568Z   check-latest: false
pytest (3.14)	Run actions/setup-python@v5	2026-10-06T10:32:03.3730166Z   token: ***
pytest (3.14)	Run actions/setup-python@v5	2026-10-06T10:32:03.3730514Z   update-environment: true
pytest (3.14)	Run actions/setup-python@v5	2026-10-06T10:32:03.3730863Z   allow-prereleases: false
pytest (3.14)	Run actions/setup-python@v5	2026-10-06T10:32:03.3731298Z   freethreaded: false
pytest (3.14)	Run actions/setup-python@v5	2026-10-06T10:32:03.3731636Z ##[endgroup]
pytest (3.14)	Run actions/setup-python@v5	2026-10-06T10:32:03.5365684Z ##[group]Installed versions
pytest (3.14)	Run actions/setup-python@v5	2026-10-06T10:32:03.5575668Z (node:2496) [DEP0040] DeprecationWarning: The `punycode` module is deprecated. Please use a userland alternative instead.
pytest (3.14)	Run actions/setup-python@v5	2026-10-06T10:32:03.5576489Z (Use `node --trace-deprecation ...` to show where the warning was created)
pytest (3.14)	Run actions/setup-python@v5	2026-10-06T10:32:03.5577268Z Successfully set up CPython (3.14.7)
pytest (3.14)	Run actions/setup-python@v5	2026-10-06T10:32:03.5578133Z ##[endgroup]
pytest (3.14)	Install dependencies	﻿2026-10-06T10:32:03.5902895Z ##[group]Run python -m pip install --upgrade pip
pytest (3.14)	Install dependencies	2026-10-06T10:32:03.5903563Z ^[[36;1mpython -m pip install --upgrade pip^[[0m
pytest (3.14)	Install dependencies	2026-10-06T10:32:03.5904632Z ^[[36;1mpip install -r minimal-requirements.txt^[[0m
pytest (3.14)	Install dependencies	2026-10-06T10:32:03.5905104Z ^[[36;1mpip install -r packages/qq/requirements.txt^[[0m
pytest (3.14)	Install dependencies	2026-10-06T10:32:03.5905515Z ^[[36;1mpip install pytest-timeout^[[0m
pytest (3.14)	Install dependencies	2026-10-06T10:32:03.6528800Z shell: C:\Program Files\PowerShell\7\pwsh.EXE -command ". '{0}'"
pytest (3.14)	Install dependencies	2026-10-06T10:32:03.6529306Z env:
pytest (3.14)	Install dependencies	2026-10-06T10:32:03.6529761Z   pythonLocation: C:\hostedtoolcache\windows\Python\3.14.7\x64
pytest (3.14)	Install dependencies	2026-10-06T10:32:03.6530321Z   PKG_CONFIG_PATH: C:\hostedtoolcache\windows\Python\3.14.7\x64/lib/pkgconfig
pytest (3.14)	Install dependencies	2026-10-06T10:32:03.6530826Z   Python_ROOT_DIR: C:\hostedtoolcache\windows\Python\3.14.7\x64
pytest (3.14)	Install dependencies	2026-10-06T10:32:03.6531328Z   Python2_ROOT_DIR: C:\hostedtoolcache\windows\Python\3.14.7\x64
pytest (3.14)	Install dependencies	2026-10-06T10:32:03.6531801Z   Python3_ROOT_DIR: C:\hostedtoolcache\windows\Python\3.14.7\x64
pytest (3.14)	Install dependencies	2026-10-06T10:32:03.6532240Z ##[endgroup]
pytest (3.14)	Install dependencies	2026-10-06T10:32:08.6126984Z Requirement already satisfied: pip in C:\hostedtoolcache\windows\Python\3.14.7\x64\Lib\site-packages (26.2.1)
pytest (3.14)	Install dependencies	2026-10-06T10:32:10.2599800Z Collecting fastapi (from -r minimal-requirements.txt (line 1))
pytest (3.14)	Install dependencies	2026-10-06T10:32:10.3032954Z   Downloading fastapi-0.142.2-py3-none-any.whl.metadata (27 kB)
pytest (3.14)	Install dependencies	2026-10-06T10:32:10.3789814Z Collecting uvicorn (from -r minimal-requirements.txt (line 2))
pytest (3.14)	Install dependencies	2026-10-06T10:32:10.3840892Z   Downloading uvicorn-0.54.0-py3-none-any.whl.metadata (6.6 kB)
pytest (3.14)	Install dependencies	2026-10-06T10:32:10.5217209Z Collecting websockets (from -r minimal-requirements.txt (line 3))
pytest (3.14)	Install dependencies	2026-10-06T10:32:10.5270441Z   Downloading websockets-17.2-cp314-cp314-win_amd64.whl.metadata (6.5 kB)
pytest (3.14)	Install dependencies	2026-10-06T10:32:10.6216445Z Collecting psutil (from -r minimal-requirements.txt (line 4))
pytest (3.14)	Install dependencies	2026-10-06T10:32:10.6270037Z   Downloading psutil-7.2.2-cp37-abi3-win_amd64.whl.metadata (22 kB)
pytest (3.14)	Install dependencies	2026-10-06T10:32:10.6796121Z Collecting httpx>=0.28.0 (from -r minimal-requirements.txt (line 5))
pytest (3.14)	Install dependencies	2026-10-06T10:32:10.6842469Z   Downloading httpx-0.28.1-py3-none-any.whl.metadata (7.1 kB)
pytest (3.14)	Install dependencies	2026-10-06T10:32:10.7544110Z Collecting mcp==1.28.1 (from -r minimal-requirements.txt (line 6))
pytest (3.14)	Install dependencies	2026-10-06T10:32:10.7593844Z   Downloading mcp-1.28.1-py3-none-any.whl.metadata (9.4 kB)
pytest (3.14)	Install dependencies	2026-10-06T10:32:10.8111849Z Collecting PyJWT<3,>=2.10 (from PyJWT[crypto]<3,>=2.10->-r minimal-requirements.txt (line 7))
pytest (3.14)	Install dependencies	2026-10-06T10:32:10.8171420Z   Downloading pyjwt-2.15.1-py3-none-any.whl.metadata (3.5 kB)
pytest (3.14)	Install dependencies	2026-10-06T10:32:10.8737144Z Collecting pywinpty==3.0.5 (from -r minimal-requirements.txt (line 8))
pytest (3.14)	Install dependencies	2026-10-06T10:32:10.8796975Z   Downloading pywinpty-3.0.5-cp314-cp314-win_amd64.whl.metadata (5.9 kB)
pytest (3.14)	Install dependencies	2026-10-06T10:32:10.9274376Z Collecting pyte==0.8.2 (from -r minimal-requirements.txt (line 9))
pytest (3.14)	Install dependencies	2026-10-06T10:32:10.9318161Z   Downloading pyte-0.8.2-py3-none-any.whl.metadata (3.0 kB)
pytest (3.14)	Install dependencies	2026-10-06T10:32:10.9854932Z Collecting anyio>=4.5 (from mcp==1.28.1->-r minimal-requirements.txt (line 6))
pytest (3.14)	Install dependencies	2026-10-06T10:32:10.9900668Z   Downloading anyio-4.15.1-py3-none-any.whl.metadata (4.7 kB)
pytest (3.14)	Install dependencies	2026-10-06T10:32:11.0347504Z Collecting httpx-sse>=0.4 (from mcp==1.28.1->-r minimal-requirements.txt (line 6))
pytest (3.14)	Install dependencies	2026-10-06T10:32:11.0396824Z   Downloading httpx_sse-0.4.3-py3-none-any.whl.metadata (9.7 kB)
pytest (3.14)	Install dependencies	2026-10-06T10:32:11.0905405Z Collecting jsonschema>=4.20.0 (from mcp==1.28.1->-r minimal-requirements.txt (line 6))
pytest (3.14)	Install dependencies	2026-10-06T10:32:11.0958858Z   Downloading jsonschema-4.26.0-py3-none-any.whl.metadata (7.6 kB)
pytest (3.14)	Install dependencies	2026-10-06T10:32:11.1493718Z Collecting pydantic-settings>=2.5.2 (from mcp==1.28.1->-r minimal-requirements.txt (line 6))
pytest (3.14)	Install dependencies	2026-10-06T10:32:11.1560801Z   Downloading pydantic_settings-2.15.0-py3-none-any.whl.metadata (3.9 kB)
pytest (3.14)	Install dependencies	2026-10-06T10:32:11.2785169Z Collecting pydantic<3.0.0,>=2.12.0 (from mcp==1.28.1->-r minimal-requirements.txt (line 6))
pytest (3.14)	Install dependencies	2026-10-06T10:32:11.2845744Z   Downloading pydantic-2.13.5-py3-none-any.whl.metadata (110 kB)
pytest (3.14)	Install dependencies	2026-10-06T10:32:11.3441258Z Collecting python-multipart>=0.0.9 (from mcp==1.28.1->-r minimal-requirements.txt (line 6))
pytest (3.14)	Install dependencies	2026-10-06T10:32:11.3501683Z   Downloading python_multipart-0.0.32-py3-none-any.whl.metadata (2.1 kB)
pytest (3.14)	Install dependencies	2026-10-06T10:32:11.4028087Z Collecting pywin32>=311 (from mcp==1.28.1->-r minimal-requirements.txt (line 6))
pytest (3.14)	Install dependencies	2026-10-06T10:32:11.4088797Z   Downloading pywin32-312-cp314-cp314-win_amd64.whl.metadata (11 kB)
pytest (3.14)	Install dependencies	2026-10-06T10:32:11.4644105Z Collecting sse-starlette>=1.6.1 (from mcp==1.28.1->-r minimal-requirements.txt (line 6))
pytest (3.14)	Install dependencies	2026-10-06T10:32:11.4692339Z   Downloading sse_starlette-3.5.0-py3-none-any.whl.metadata (15 kB)
pytest (3.14)	Install dependencies	2026-10-06T10:32:11.5223975Z Collecting starlette>=0.48.0 (from mcp==1.28.1->-r minimal-requirements.txt (line 6))
pytest (3.14)	Install dependencies	2026-10-06T10:32:11.5272931Z   Downloading starlette-1.7.0-py3-none-any.whl.metadata (6.6 kB)
pytest (3.14)	Install dependencies	2026-10-06T10:32:11.5722856Z Collecting typing-extensions>=4.9.0 (from mcp==1.28.1->-r minimal-requirements.txt (line 6))
pytest (3.14)	Install dependencies	2026-10-06T10:32:11.5770031Z   Downloading typing_extensions-4.16.0-py3-none-any.whl.metadata (3.3 kB)
pytest (3.14)	Install dependencies	2026-10-06T10:32:11.6230234Z Collecting typing-inspection>=0.4.1 (from mcp==1.28.1->-r minimal-requirements.txt (line 6))
pytest (3.14)	Install dependencies	2026-10-06T10:32:11.6276726Z   Downloading typing_inspection-0.4.4-py3-none-any.whl.metadata (2.6 kB)
pytest (3.14)	Install dependencies	2026-10-06T10:32:11.6842538Z Collecting wcwidth (from pyte==0.8.2->-r minimal-requirements.txt (line 9))
pytest (3.14)	Install dependencies	2026-10-06T10:32:11.6886656Z   Downloading wcwidth-0.9.2-cp310-abi3-win_amd64.whl.metadata (24 kB)
pytest (3.14)	Install dependencies	2026-10-06T10:32:11.7395319Z Collecting certifi (from httpx>=0.28.0->-r minimal-requirements.txt (line 5))
pytest (3.14)	Install dependencies	2026-10-06T10:32:11.7441141Z   Downloading certifi-2026.7.22-py3-none-any.whl.metadata (2.5 kB)
pytest (3.14)	Install dependencies	2026-10-06T10:32:11.7901076Z Collecting httpcore==1.* (from httpx>=0.28.0->-r minimal-requirements.txt (line 5))
pytest (3.14)	Install dependencies	2026-10-06T10:32:11.7966807Z   Downloading httpcore-1.0.9-py3-none-any.whl.metadata (21 kB)
pytest (3.14)	Install dependencies	2026-10-06T10:32:11.8433177Z Collecting idna (from httpx>=0.28.0->-r minimal-requirements.txt (line 5))
pytest (3.14)	Install dependencies	2026-10-06T10:32:11.8510571Z   Downloading idna-3.20-py3-none-any.whl.metadata (7.2 kB)
pytest (3.14)	Install dependencies	2026-10-06T10:32:11.8994260Z Collecting h11>=0.16 (from httpcore==1.*->httpx>=0.28.0->-r minimal-requirements.txt (line 5))
pytest (3.14)	Install dependencies	2026-10-06T10:32:11.9041975Z   Downloading h11-0.16.0-py3-none-any.whl.metadata (8.3 kB)
pytest (3.14)	Install dependencies	2026-10-06T10:32:11.9491978Z Collecting annotated-types>=0.6.0 (from pydantic<3.0.0,>=2.12.0->mcp==1.28.1->-r minimal-requirements.txt (line 6))
pytest (3.14)	Install dependencies	2026-10-06T10:32:11.9543656Z   Downloading annotated_types-0.8.0-py3-none-any.whl.metadata (15 kB)
pytest (3.14)	Install dependencies	2026-10-06T10:32:12.5648893Z Collecting pydantic-core==2.46.5 (from pydantic<3.0.0,>=2.12.0->mcp==1.28.1->-r minimal-requirements.txt (line 6))
pytest (3.14)	Install dependencies	2026-10-06T10:32:12.5703612Z   Downloading pydantic_core-2.46.5-cp314-cp314-win_amd64.whl.metadata (6.7 kB)
pytest (3.14)	Install dependencies	2026-10-06T10:32:12.7647761Z Collecting cryptography>=3.4.0 (from PyJWT[crypto]<3,>=2.10->-r minimal-requirements.txt (line 7))
pytest (3.14)	Install dependencies	2026-10-06T10:32:12.7702013Z   Downloading cryptography-50.0.2-cp311-abi3-win_amd64.whl.metadata (4.4 kB)
pytest (3.14)	Install dependencies	2026-10-06T10:32:12.8214982Z Collecting annotated-doc>=0.0.2 (from fastapi->-r minimal-requirements.txt (line 1))
pytest (3.14)	Install dependencies	2026-10-06T10:32:12.8259074Z   Downloading annotated_doc-0.0.5-py3-none-any.whl.metadata (6.5 kB)
pytest (3.14)	Install dependencies	2026-10-06T10:32:12.8984429Z Collecting opentelemetry-api>=1.44.0 (from fastapi->-r minimal-requirements.txt (line 1))
pytest (3.14)	Install dependencies	2026-10-06T10:32:12.9051873Z   Downloading opentelemetry_api-1.45.0-py3-none-any.whl.metadata (1.4 kB)
pytest (3.14)	Install dependencies	2026-10-06T10:32:12.9581296Z Collecting click>=7.0 (from uvicorn->-r minimal-requirements.txt (line 2))
pytest (3.14)	Install dependencies	2026-10-06T10:32:12.9628062Z   Downloading click-8.5.0-py3-none-any.whl.metadata (2.6 kB)
pytest (3.14)	Install dependencies	2026-10-06T10:32:13.0867740Z Collecting cffi>=2.0.0 (from cryptography>=3.4.0->PyJWT[crypto]<3,>=2.10->-r minimal-requirements.txt (line 7))
pytest (3.14)	Install dependencies	2026-10-06T10:32:13.0933460Z   Downloading cffi-2.1.1-cp314-cp314-win_amd64.whl.metadata (2.6 kB)
pytest (3.14)	Install dependencies	2026-10-06T10:32:13.1380590Z Collecting pycparser (from cffi>=2.0.0->cryptography>=3.4.0->PyJWT[crypto]<3,>=2.10->-r minimal-requirements.txt (line 7))
pytest (3.14)	Install dependencies	2026-10-06T10:32:13.1463528Z   Downloading pycparser-3.0-py3-none-any.whl.metadata (8.2 kB)
pytest (3.14)	Install dependencies	2026-10-06T10:32:13.1982776Z Collecting attrs>=22.2.0 (from jsonschema>=4.20.0->mcp==1.28.1->-r minimal-requirements.txt (line 6))
pytest (3.14)	Install dependencies	2026-10-06T10:32:13.2032543Z   Downloading attrs-26.1.0-py3-none-any.whl.metadata (8.8 kB)
pytest (3.14)	Install dependencies	2026-10-06T10:32:13.2487621Z Collecting jsonschema-specifications>=2023.03.6 (from jsonschema>=4.20.0->mcp==1.28.1->-r minimal-requirements.txt (line 6))
pytest (3.14)	Install dependencies	2026-10-06T10:32:13.2537062Z   Downloading jsonschema_specifications-2025.9.1-py3-none-any.whl.metadata (2.9 kB)
pytest (3.14)	Install dependencies	2026-10-06T10:32:13.3065280Z Collecting referencing>=0.28.4 (from jsonschema>=4.20.0->mcp==1.28.1->-r minimal-requirements.txt (line 6))
pytest (3.14)	Install dependencies	2026-10-06T10:32:13.3112692Z   Downloading referencing-0.37.0-py3-none-any.whl.metadata (2.8 kB)
pytest (3.14)	Install dependencies	2026-10-06T10:32:13.5797598Z Collecting rpds-py>=0.25.0 (from jsonschema>=4.20.0->mcp==1.28.1->-r minimal-requirements.txt (line 6))
pytest (3.14)	Install dependencies	2026-10-06T10:32:13.5881760Z   Downloading rpds_py-2026.9.1-cp314-cp314-win_amd64.whl.metadata (4.2 kB)
pytest (3.14)	Install dependencies	2026-10-06T10:32:13.6432522Z Collecting python-dotenv>=0.21.0 (from pydantic-settings>=2.5.2->mcp==1.28.1->-r minimal-requirements.txt (line 6))
pytest (3.14)	Install dependencies	2026-10-06T10:32:13.6478064Z   Downloading python_dotenv-1.2.4-py3-none-any.whl.metadata (29 kB)
pytest (3.14)	Install dependencies	2026-10-06T10:32:13.6865861Z Downloading mcp-1.28.1-py3-none-any.whl (222 kB)
pytest (3.14)	Install dependencies	2026-10-06T10:32:13.7247877Z Downloading pywinpty-3.0.5-cp314-cp314-win_amd64.whl (2.1 MB)
pytest (3.14)	Install dependencies	2026-10-06T10:32:13.7678440Z    ---------------------------------------- 2.1/2.1 MB 47.0 MB/s  0:00:00
pytest (3.14)	Install dependencies	2026-10-06T10:32:13.7746099Z Downloading pyte-0.8.2-py3-none-any.whl (31 kB)
pytest (3.14)	Install dependencies	2026-10-06T10:32:13.7970925Z Downloading httpx-0.28.1-py3-none-any.whl (73 kB)
pytest (3.14)	Install dependencies	2026-10-06T10:32:13.8199195Z Downloading pyjwt-2.15.1-py3-none-any.whl (33 kB)
pytest (3.14)	Install dependencies	2026-10-06T10:32:13.8428956Z Downloading httpcore-1.0.9-py3-none-any.whl (78 kB)
pytest (3.14)	Install dependencies	2026-10-06T10:32:13.8694385Z Downloading pydantic-2.13.5-py3-none-any.whl (472 kB)
pytest (3.14)	Install dependencies	2026-10-06T10:32:13.9014086Z Downloading pydantic_core-2.46.5-cp314-cp314-win_amd64.whl (2.0 MB)
pytest (3.14)	Install dependencies	2026-10-06T10:32:13.9457591Z    ---------------------------------------- 2.0/2.0 MB 43.2 MB/s  0:00:00
pytest (3.14)	Install dependencies	2026-10-06T10:32:13.9508982Z Downloading fastapi-0.142.2-py3-none-any.whl (144 kB)
pytest (3.14)	Install dependencies	2026-10-06T10:32:13.9744637Z Downloading uvicorn-0.54.0-py3-none-any.whl (87 kB)
pytest (3.14)	Install dependencies	2026-10-06T10:32:14.0002188Z Downloading websockets-17.2-cp314-cp314-win_amd64.whl (218 kB)
pytest (3.14)	Install dependencies	2026-10-06T10:32:14.0239647Z Downloading psutil-7.2.2-cp37-abi3-win_amd64.whl (137 kB)
pytest (3.14)	Install dependencies	2026-10-06T10:32:14.0504016Z Downloading annotated_doc-0.0.5-py3-none-any.whl (5.3 kB)
pytest (3.14)	Install dependencies	2026-10-06T10:32:14.0716047Z Downloading annotated_types-0.8.0-py3-none-any.whl (13 kB)
pytest (3.14)	Install dependencies	2026-10-06T10:32:14.0954461Z Downloading anyio-4.15.1-py3-none-any.whl (132 kB)
pytest (3.14)	Install dependencies	2026-10-06T10:32:14.1246961Z Downloading click-8.5.0-py3-none-any.whl (125 kB)
pytest (3.14)	Install dependencies	2026-10-06T10:32:14.1723354Z Downloading cryptography-50.0.2-cp311-abi3-win_amd64.whl (3.8 MB)
pytest (3.14)	Install dependencies	2026-10-06T10:32:14.3097514Z    ---------------------------------------- 3.8/3.8 MB 26.6 MB/s  0:00:00
pytest (3.14)	Install dependencies	2026-10-06T10:32:14.3147572Z Downloading cffi-2.1.1-cp314-cp314-win_amd64.whl (187 kB)
pytest (3.14)	Install dependencies	2026-10-06T10:32:14.3435513Z Downloading h11-0.16.0-py3-none-any.whl (37 kB)
pytest (3.14)	Install dependencies	2026-10-06T10:32:14.3662543Z Downloading httpx_sse-0.4.3-py3-none-any.whl (9.0 kB)
pytest (3.14)	Install dependencies	2026-10-06T10:32:14.3904402Z Downloading idna-3.20-py3-none-any.whl (69 kB)
pytest (3.14)	Install dependencies	2026-10-06T10:32:14.4119599Z Downloading jsonschema-4.26.0-py3-none-any.whl (90 kB)
pytest (3.14)	Install dependencies	2026-10-06T10:32:14.4382011Z Downloading attrs-26.1.0-py3-none-any.whl (67 kB)
pytest (3.14)	Install dependencies	2026-10-06T10:32:14.4589567Z Downloading jsonschema_specifications-2025.9.1-py3-none-any.whl (18 kB)
pytest (3.14)	Install dependencies	2026-10-06T10:32:14.4869391Z Downloading opentelemetry_api-1.45.0-py3-none-any.whl (60 kB)
pytest (3.14)	Install dependencies	2026-10-06T10:32:14.5099989Z Downloading pydantic_settings-2.15.0-py3-none-any.whl (69 kB)
pytest (3.14)	Install dependencies	2026-10-06T10:32:14.5336559Z Downloading python_dotenv-1.2.4-py3-none-any.whl (23 kB)
pytest (3.14)	Install dependencies	2026-10-06T10:32:14.5546206Z Downloading python_multipart-0.0.32-py3-none-any.whl (30 kB)
pytest (3.14)	Install dependencies	2026-10-06T10:32:14.5784781Z Downloading pywin32-312-cp314-cp314-win_amd64.whl (7.0 MB)
pytest (3.14)	Install dependencies	2026-10-06T10:32:14.6606930Z    ---------------------------------------- 7.0/7.0 MB 86.3 MB/s  0:00:00
pytest (3.14)	Install dependencies	2026-10-06T10:32:14.6654190Z Downloading referencing-0.37.0-py3-none-any.whl (26 kB)
pytest (3.14)	Install dependencies	2026-10-06T10:32:14.6915823Z Downloading rpds_py-2026.9.1-cp314-cp314-win_amd64.whl (222 kB)
pytest (3.14)	Install dependencies	2026-10-06T10:32:14.7159642Z Downloading sse_starlette-3.5.0-py3-none-any.whl (17 kB)
pytest (3.14)	Install dependencies	2026-10-06T10:32:14.7426321Z Downloading starlette-1.7.0-py3-none-any.whl (78 kB)
pytest (3.14)	Install dependencies	2026-10-06T10:32:14.7665923Z Downloading typing_extensions-4.16.0-py3-none-any.whl (45 kB)
pytest (3.14)	Install dependencies	2026-10-06T10:32:14.7947795Z Downloading typing_inspection-0.4.4-py3-none-any.whl (14 kB)
pytest (3.14)	Install dependencies	2026-10-06T10:32:14.8276899Z Downloading certifi-2026.7.22-py3-none-any.whl (136 kB)
pytest (3.14)	Install dependencies	2026-10-06T10:32:14.8543819Z Downloading pycparser-3.0-py3-none-any.whl (48 kB)
pytest (3.14)	Install dependencies	2026-10-06T10:32:14.9865258Z Downloading wcwidth-0.9.2-cp310-abi3-win_amd64.whl (597 kB)
pytest (3.14)	Install dependencies	2026-10-06T10:32:15.0155767Z    ---------------------------------------- 597.8/597.8 kB 13.0 MB/s  0:00:00
pytest (3.14)	Install dependencies	2026-10-06T10:32:15.2676984Z Installing collected packages: websockets, wcwidth, typing-extensions, rpds-py, pywinpty, pywin32, python-multipart, python-dotenv, PyJWT, pycparser, psutil, idna, httpx-sse, h11, click, certifi, attrs, annotated-types, annotated-doc, uvicorn, typing-inspection, referencing, pyte, pydantic-core, opentelemetry-api, httpcore, cffi, anyio, starlette, pydantic, jsonschema-specifications, httpx, cryptography, sse-starlette, pydantic-settings, jsonschema, fastapi, mcp
pytest (3.14)	Install dependencies	2026-10-06T10:32:26.2912599Z 
pytest (3.14)	Install dependencies	2026-10-06T10:32:26.2954149Z Successfully installed PyJWT-2.15.1 annotated-doc-0.0.5 annotated-types-0.8.0 anyio-4.15.1 attrs-26.1.0 certifi-2026.7.22 cffi-2.1.1 click-8.5.0 cryptography-50.0.2 fastapi-0.142.2 h11-0.16.0 httpcore-1.0.9 httpx-0.28.1 httpx-sse-0.4.3 idna-3.20 jsonschema-4.26.0 jsonschema-specifications-2025.9.1 mcp-1.28.1 opentelemetry-api-1.45.0 psutil-7.2.2 pycparser-3.0 pydantic-2.13.5 pydantic-core-2.46.5 pydantic-settings-2.15.0 pyte-0.8.2 python-dotenv-1.2.4 python-multipart-0.0.32 pywin32-312 pywinpty-3.0.5 referencing-0.37.0 rpds-py-2026.9.1 sse-starlette-3.5.0 starlette-1.7.0 typing-extensions-4.16.0 typing-inspection-0.4.4 uvicorn-0.54.0 wcwidth-0.9.2 websockets-17.2
pytest (3.14)	Install dependencies	2026-10-06T10:32:27.6287939Z Collecting nonebot2>=2.4.0 (from nonebot2[fastapi,websockets]>=2.4.0->-r packages/qq/requirements.txt (line 1))
pytest (3.14)	Install dependencies	2026-10-06T10:32:27.6626834Z   Downloading nonebot2-2.5.0-py3-none-any.whl.metadata (24 kB)
pytest (3.14)	Install dependencies	2026-10-06T10:32:28.8396654Z Collecting nonebot-adapter-onebot<2.5.0,>=2.4.0 (from -r packages/qq/requirements.txt (line 2))
pytest (3.14)	Install dependencies	2026-10-06T10:32:28.8444441Z   Downloading nonebot_adapter_onebot-2.4.6-py3-none-any.whl.metadata (5.0 kB)
pytest (3.14)	Install dependencies	2026-10-06T10:32:28.8667323Z Requirement already satisfied: httpx>=0.28.0 in C:\hostedtoolcache\windows\Python\3.14.7\x64\Lib\site-packages (from -r packages/qq/requirements.txt (line 3)) (0.28.1)
pytest (3.14)	Install dependencies	2026-10-06T10:32:28.9576270Z Collecting msgpack<2.0.0,>=1.0.3 (from nonebot-adapter-onebot<2.5.0,>=2.4.0->-r packages/qq/requirements.txt (line 2))
pytest (3.14)	Install dependencies	2026-10-06T10:32:28.9639065Z   Downloading msgpack-1.2.3-cp314-cp314-win_amd64.whl.metadata (8.5 kB)
pytest (3.14)	Install dependencies	2026-10-06T10:32:28.9867731Z Requirement already satisfied: pydantic!=2.5.0,!=2.5.1,<3.0.0,>=1.10.0 in C:\hostedtoolcache\windows\Python\3.14.7\x64\Lib\site-packages (from nonebot-adapter-onebot<2.5.0,>=2.4.0->-r packages/qq/requirements.txt (line 2)) (2.13.5)
pytest (3.14)	Install dependencies	2026-10-06T10:32:28.9872604Z Requirement already satisfied: typing-extensions<5.0.0,>=4.0.0 in C:\hostedtoolcache\windows\Python\3.14.7\x64\Lib\site-packages (from nonebot-adapter-onebot<2.5.0,>=2.4.0->-r packages/qq/requirements.txt (line 2)) (4.16.0)
pytest (3.14)	Install dependencies	2026-10-06T10:32:29.2271939Z Collecting yarl<2.0.0,>=1.7.2 (from nonebot2>=2.4.0->nonebot2[fastapi,websockets]>=2.4.0->-r packages/qq/requirements.txt (line 1))
pytest (3.14)	Install dependencies	2026-10-06T10:32:29.2336114Z   Downloading yarl-1.25.1-cp314-cp314-win_amd64.whl.metadata (115 kB)
pytest (3.14)	Install dependencies	2026-10-06T10:32:29.2639129Z Requirement already satisfied: anyio<5.0.0,>=4.4.0 in C:\hostedtoolcache\windows\Python\3.14.7\x64\Lib\site-packages (from nonebot2>=2.4.0->nonebot2[fastapi,websockets]>=2.4.0->-r packages/qq/requirements.txt (line 1)) (4.15.1)
pytest (3.14)	Install dependencies	2026-10-06T10:32:29.2884461Z Collecting loguru<1.0.0,>=0.6.0 (from nonebot2>=2.4.0->nonebot2[fastapi,websockets]>=2.4.0->-r packages/qq/requirements.txt (line 1))
pytest (3.14)	Install dependencies	2026-10-06T10:32:29.2928566Z   Downloading loguru-0.7.3-py3-none-any.whl.metadata (22 kB)
pytest (3.14)	Install dependencies	2026-10-06T10:32:29.3474034Z Collecting pygtrie<3.0.0,>=2.4.1 (from nonebot2>=2.4.0->nonebot2[fastapi,websockets]>=2.4.0->-r packages/qq/requirements.txt (line 1))
pytest (3.14)	Install dependencies	2026-10-06T10:32:29.3526209Z   Downloading pygtrie-2.6.2-py3-none-any.whl.metadata (12 kB)
pytest (3.14)	Install dependencies	2026-10-06T10:32:29.3965175Z Collecting exceptiongroup<2.0.0,>=1.2.2 (from nonebot2>=2.4.0->nonebot2[fastapi,websockets]>=2.4.0->-r packages/qq/requirements.txt (line 1))
pytest (3.14)	Install dependencies	2026-10-06T10:32:29.4007503Z   Downloading exceptiongroup-1.3.1-py3-none-any.whl.metadata (6.7 kB)
pytest (3.14)	Install dependencies	2026-10-06T10:32:29.4254118Z Requirement already satisfied: python-dotenv<2.0.0,>=0.21.0 in C:\hostedtoolcache\windows\Python\3.14.7\x64\Lib\site-packages (from nonebot2>=2.4.0->nonebot2[fastapi,websockets]>=2.4.0->-r packages/qq/requirements.txt (line 1)) (1.2.4)
pytest (3.14)	Install dependencies	2026-10-06T10:32:29.4271390Z Requirement already satisfied: idna>=2.8 in C:\hostedtoolcache\windows\Python\3.14.7\x64\Lib\site-packages (from anyio<5.0.0,>=4.4.0->nonebot2>=2.4.0->nonebot2[fastapi,websockets]>=2.4.0->-r packages/qq/requirements.txt (line 1)) (3.20)
pytest (3.14)	Install dependencies	2026-10-06T10:32:29.4513591Z Collecting colorama>=0.3.4 (from loguru<1.0.0,>=0.6.0->nonebot2>=2.4.0->nonebot2[fastapi,websockets]>=2.4.0->-r packages/qq/requirements.txt (line 1))
pytest (3.14)	Install dependencies	2026-10-06T10:32:29.4558525Z   Downloading colorama-0.4.6-py2.py3-none-any.whl.metadata (17 kB)
pytest (3.14)	Install dependencies	2026-10-06T10:32:29.5034488Z Collecting win32-setctime>=1.0.0 (from loguru<1.0.0,>=0.6.0->nonebot2>=2.4.0->nonebot2[fastapi,websockets]>=2.4.0->-r packages/qq/requirements.txt (line 1))
pytest (3.14)	Install dependencies	2026-10-06T10:32:29.5078064Z   Downloading win32_setctime-1.2.0-py3-none-any.whl.metadata (2.4 kB)
pytest (3.14)	Install dependencies	2026-10-06T10:32:29.5337995Z Requirement already satisfied: annotated-types>=0.6.0 in C:\hostedtoolcache\windows\Python\3.14.7\x64\Lib\site-packages (from pydantic!=2.5.0,!=2.5.1,<3.0.0,>=1.10.0->nonebot-adapter-onebot<2.5.0,>=2.4.0->-r packages/qq/requirements.txt (line 2)) (0.8.0)
pytest (3.14)	Install dependencies	2026-10-06T10:32:29.5342163Z Requirement already satisfied: pydantic-core==2.46.5 in C:\hostedtoolcache\windows\Python\3.14.7\x64\Lib\site-packages (from pydantic!=2.5.0,!=2.5.1,<3.0.0,>=1.10.0->nonebot-adapter-onebot<2.5.0,>=2.4.0->-r packages/qq/requirements.txt (line 2)) (2.46.5)
pytest (3.14)	Install dependencies	2026-10-06T10:32:29.5348508Z Requirement already satisfied: typing-inspection>=0.4.2 in C:\hostedtoolcache\windows\Python\3.14.7\x64\Lib\site-packages (from pydantic!=2.5.0,!=2.5.1,<3.0.0,>=1.10.0->nonebot-adapter-onebot<2.5.0,>=2.4.0->-r packages/qq/requirements.txt (line 2)) (0.4.4)
pytest (3.14)	Install dependencies	2026-10-06T10:32:29.7709633Z Collecting multidict>=4.0 (from yarl<2.0.0,>=1.7.2->nonebot2>=2.4.0->nonebot2[fastapi,websockets]>=2.4.0->-r packages/qq/requirements.txt (line 1))
pytest (3.14)	Install dependencies	2026-10-06T10:32:29.7765401Z   Downloading multidict-7.0.0-cp314-cp314-win_amd64.whl.metadata (6.3 kB)
pytest (3.14)	Install dependencies	2026-10-06T10:32:29.8743183Z Collecting propcache>=0.2.1 (from yarl<2.0.0,>=1.7.2->nonebot2>=2.4.0->nonebot2[fastapi,websockets]>=2.4.0->-r packages/qq/requirements.txt (line 1))
pytest (3.14)	Install dependencies	2026-10-06T10:32:29.8798960Z   Downloading propcache-0.5.4-cp314-cp314-win_amd64.whl.metadata (25 kB)
pytest (3.14)	Install dependencies	2026-10-06T10:32:29.9111623Z Requirement already satisfied: certifi in C:\hostedtoolcache\windows\Python\3.14.7\x64\Lib\site-packages (from httpx>=0.28.0->-r packages/qq/requirements.txt (line 3)) (2026.7.22)
pytest (3.14)	Install dependencies	2026-10-06T10:32:29.9116031Z Requirement already satisfied: httpcore==1.* in C:\hostedtoolcache\windows\Python\3.14.7\x64\Lib\site-packages (from httpx>=0.28.0->-r packages/qq/requirements.txt (line 3)) (1.0.9)
pytest (3.14)	Install dependencies	2026-10-06T10:32:29.9137417Z Requirement already satisfied: h11>=0.16 in C:\hostedtoolcache\windows\Python\3.14.7\x64\Lib\site-packages (from httpcore==1.*->httpx>=0.28.0->-r packages/qq/requirements.txt (line 3)) (0.16.0)
pytest (3.14)	Install dependencies	2026-10-06T10:32:29.9191605Z Requirement already satisfied: fastapi<1.0.0,>=0.93.0 in C:\hostedtoolcache\windows\Python\3.14.7\x64\Lib\site-packages (from nonebot2[fastapi,websockets]>=2.4.0->-r packages/qq/requirements.txt (line 1)) (0.142.2)
pytest (3.14)	Install dependencies	2026-10-06T10:32:29.9199892Z Requirement already satisfied: uvicorn<1.0.0,>=0.20.0 in C:\hostedtoolcache\windows\Python\3.14.7\x64\Lib\site-packages (from uvicorn[standard]<1.0.0,>=0.20.0; extra == "fastapi"->nonebot2[fastapi,websockets]>=2.4.0->-r packages/qq/requirements.txt (line 1)) (0.54.0)
pytest (3.14)	Install dependencies	2026-10-06T10:32:29.9207014Z Requirement already satisfied: websockets>=15.0 in C:\hostedtoolcache\windows\Python\3.14.7\x64\Lib\site-packages (from nonebot2[fastapi,websockets]>=2.4.0->-r packages/qq/requirements.txt (line 1)) (17.2)
pytest (3.14)	Install dependencies	2026-10-06T10:32:29.9226174Z Requirement already satisfied: starlette>=0.46.0 in C:\hostedtoolcache\windows\Python\3.14.7\x64\Lib\site-packages (from fastapi<1.0.0,>=0.93.0->nonebot2[fastapi,websockets]>=2.4.0->-r packages/qq/requirements.txt (line 1)) (1.7.0)
pytest (3.14)	Install dependencies	2026-10-06T10:32:29.9238151Z Requirement already satisfied: annotated-doc>=0.0.2 in C:\hostedtoolcache\windows\Python\3.14.7\x64\Lib\site-packages (from fastapi<1.0.0,>=0.93.0->nonebot2[fastapi,websockets]>=2.4.0->-r packages/qq/requirements.txt (line 1)) (0.0.5)
pytest (3.14)	Install dependencies	2026-10-06T10:32:29.9242483Z Requirement already satisfied: opentelemetry-api>=1.44.0 in C:\hostedtoolcache\windows\Python\3.14.7\x64\Lib\site-packages (from fastapi<1.0.0,>=0.93.0->nonebot2[fastapi,websockets]>=2.4.0->-r packages/qq/requirements.txt (line 1)) (1.45.0)
pytest (3.14)	Install dependencies	2026-10-06T10:32:29.9274323Z Requirement already satisfied: click>=7.0 in C:\hostedtoolcache\windows\Python\3.14.7\x64\Lib\site-packages (from uvicorn<1.0.0,>=0.20.0->uvicorn[standard]<1.0.0,>=0.20.0; extra == "fastapi"->nonebot2[fastapi,websockets]>=2.4.0->-r packages/qq/requirements.txt (line 1)) (8.5.0)
pytest (3.14)	Install dependencies	2026-10-06T10:32:29.9667112Z Collecting httptools>=0.8.0 (from uvicorn[standard]<1.0.0,>=0.20.0; extra == "fastapi"->nonebot2[fastapi,websockets]>=2.4.0->-r packages/qq/requirements.txt (line 1))
pytest (3.14)	Install dependencies	2026-10-06T10:32:29.9718222Z   Downloading httptools-0.8.0-cp314-cp314-win_amd64.whl.metadata (3.7 kB)
pytest (3.14)	Install dependencies	2026-10-06T10:32:30.0412374Z Collecting pyyaml>=5.1 (from uvicorn[standard]<1.0.0,>=0.20.0; extra == "fastapi"->nonebot2[fastapi,websockets]>=2.4.0->-r packages/qq/requirements.txt (line 1))
pytest (3.14)	Install dependencies	2026-10-06T10:32:30.0458333Z   Downloading pyyaml-6.0.3-cp314-cp314-win_amd64.whl.metadata (2.4 kB)
pytest (3.14)	Install dependencies	2026-10-06T10:32:30.1471324Z Collecting watchfiles>=0.20 (from uvicorn[standard]<1.0.0,>=0.20.0; extra == "fastapi"->nonebot2[fastapi,websockets]>=2.4.0->-r packages/qq/requirements.txt (line 1))
pytest (3.14)	Install dependencies	2026-10-06T10:32:30.1523398Z   Downloading watchfiles-1.3.0-cp310-abi3-win_amd64.whl.metadata (5.0 kB)
pytest (3.14)	Install dependencies	2026-10-06T10:32:30.1925782Z Downloading nonebot_adapter_onebot-2.4.6-py3-none-any.whl (49 kB)
pytest (3.14)	Install dependencies	2026-10-06T10:32:30.2176542Z Downloading nonebot2-2.5.0-py3-none-any.whl (119 kB)
pytest (3.14)	Install dependencies	2026-10-06T10:32:30.2426506Z Downloading exceptiongroup-1.3.1-py3-none-any.whl (16 kB)
pytest (3.14)	Install dependencies	2026-10-06T10:32:30.2658232Z Downloading loguru-0.7.3-py3-none-any.whl (61 kB)
pytest (3.14)	Install dependencies	2026-10-06T10:32:30.2872692Z Downloading msgpack-1.2.3-cp314-cp314-win_amd64.whl (77 kB)
pytest (3.14)	Install dependencies	2026-10-06T10:32:30.3117372Z Downloading pygtrie-2.6.2-py3-none-any.whl (33 kB)
pytest (3.14)	Install dependencies	2026-10-06T10:32:30.3391405Z Downloading yarl-1.25.1-cp314-cp314-win_amd64.whl (103 kB)
pytest (3.14)	Install dependencies	2026-10-06T10:32:30.3648551Z Downloading colorama-0.4.6-py2.py3-none-any.whl (25 kB)
pytest (3.14)	Install dependencies	2026-10-06T10:32:30.3881154Z Downloading multidict-7.0.0-cp314-cp314-win_amd64.whl (86 kB)
pytest (3.14)	Install dependencies	2026-10-06T10:32:30.4201018Z Downloading httptools-0.8.0-cp314-cp314-win_amd64.whl (92 kB)
pytest (3.14)	Install dependencies	2026-10-06T10:32:30.4424238Z Downloading propcache-0.5.4-cp314-cp314-win_amd64.whl (46 kB)
pytest (3.14)	Install dependencies	2026-10-06T10:32:30.4665508Z Downloading pyyaml-6.0.3-cp314-cp314-win_amd64.whl (156 kB)
pytest (3.14)	Install dependencies	2026-10-06T10:32:30.4913972Z Downloading watchfiles-1.3.0-cp310-abi3-win_amd64.whl (290 kB)
pytest (3.14)	Install dependencies	2026-10-06T10:32:30.5203283Z Downloading win32_setctime-1.2.0-py3-none-any.whl (4.1 kB)
pytest (3.14)	Install dependencies	2026-10-06T10:32:30.6982576Z Installing collected packages: win32-setctime, pyyaml, pygtrie, propcache, multidict, msgpack, httptools, exceptiongroup, colorama, yarl, watchfiles, loguru, nonebot2, nonebot-adapter-onebot
pytest (3.14)	Install dependencies	2026-10-06T10:32:31.7640829Z 
pytest (3.14)	Install dependencies	2026-10-06T10:32:31.7685522Z Successfully installed colorama-0.4.6 exceptiongroup-1.3.1 httptools-0.8.0 loguru-0.7.3 msgpack-1.2.3 multidict-7.0.0 nonebot-adapter-onebot-2.4.6 nonebot2-2.5.0 propcache-0.5.4 pygtrie-2.6.2 pyyaml-6.0.3 watchfiles-1.3.0 win32-setctime-1.2.0 yarl-1.25.1
pytest (3.14)	Install dependencies	2026-10-06T10:32:32.9593690Z Collecting pytest-timeout
pytest (3.14)	Install dependencies	2026-10-06T10:32:32.9826497Z   Downloading pytest_timeout-2.4.0-py3-none-any.whl.metadata (20 kB)
pytest (3.14)	Install dependencies	2026-10-06T10:32:33.0512771Z Collecting pytest>=7.0.0 (from pytest-timeout)
pytest (3.14)	Install dependencies	2026-10-06T10:32:33.0560720Z   Downloading pytest-9.1.1-py3-none-any.whl.metadata (7.6 kB)
pytest (3.14)	Install dependencies	2026-10-06T10:32:33.0775353Z Requirement already satisfied: colorama>=0.4 in C:\hostedtoolcache\windows\Python\3.14.7\x64\Lib\site-packages (from pytest>=7.0.0->pytest-timeout) (0.4.6)
pytest (3.14)	Install dependencies	2026-10-06T10:32:33.1019939Z Collecting iniconfig>=1.0.1 (from pytest>=7.0.0->pytest-timeout)
pytest (3.14)	Install dependencies	2026-10-06T10:32:33.1064887Z   Downloading iniconfig-2.3.0-py3-none-any.whl.metadata (2.5 kB)
pytest (3.14)	Install dependencies	2026-10-06T10:32:33.1535644Z Collecting packaging>=22 (from pytest>=7.0.0->pytest-timeout)
pytest (3.14)	Install dependencies	2026-10-06T10:32:33.1580447Z   Downloading packaging-26.3-py3-none-any.whl.metadata (3.5 kB)
pytest (3.14)	Install dependencies	2026-10-06T10:32:33.2043903Z Collecting pluggy<2,>=1.5 (from pytest>=7.0.0->pytest-timeout)
pytest (3.14)	Install dependencies	2026-10-06T10:32:33.2088388Z   Downloading pluggy-1.6.0-py3-none-any.whl.metadata (4.8 kB)
pytest (3.14)	Install dependencies	2026-10-06T10:32:33.2590961Z Collecting pygments>=2.7.2 (from pytest>=7.0.0->pytest-timeout)
pytest (3.14)	Install dependencies	2026-10-06T10:32:33.2637882Z   Downloading pygments-2.21.0-py3-none-any.whl.metadata (2.5 kB)
pytest (3.14)	Install dependencies	2026-10-06T10:32:33.2933660Z Downloading pytest_timeout-2.4.0-py3-none-any.whl (14 kB)
pytest (3.14)	Install dependencies	2026-10-06T10:32:33.3181017Z Downloading pytest-9.1.1-py3-none-any.whl (386 kB)
pytest (3.14)	Install dependencies	2026-10-06T10:32:33.3540560Z Downloading pluggy-1.6.0-py3-none-any.whl (20 kB)
pytest (3.14)	Install dependencies	2026-10-06T10:32:33.3822051Z Downloading iniconfig-2.3.0-py3-none-any.whl (7.5 kB)
pytest (3.14)	Install dependencies	2026-10-06T10:32:33.4029498Z Downloading packaging-26.3-py3-none-any.whl (129 kB)
pytest (3.14)	Install dependencies	2026-10-06T10:32:33.5116546Z Downloading pygments-2.21.0-py3-none-any.whl (1.3 MB)
pytest (3.14)	Install dependencies	2026-10-06T10:32:33.5464367Z    ---------------------------------------- 1.3/1.3 MB 31.9 MB/s  0:00:00
pytest (3.14)	Install dependencies	2026-10-06T10:32:33.6592902Z Installing collected packages: pygments, pluggy, packaging, iniconfig, pytest, pytest-timeout
pytest (3.14)	Install dependencies	2026-10-06T10:32:36.0479336Z 
pytest (3.14)	Install dependencies	2026-10-06T10:32:36.0527431Z Successfully installed iniconfig-2.3.0 packaging-26.3 pluggy-1.6.0 pygments-2.21.0 pytest-9.1.1 pytest-timeout-2.4.0
pytest (3.14)	Run tests	﻿2026-10-06T10:32:36.2517260Z ##[group]Run python -m pytest tests/ packages/qq -q
pytest (3.14)	Run tests	2026-10-06T10:32:36.2517821Z ^[[36;1mpython -m pytest tests/ packages/qq -q^[[0m
pytest (3.14)	Run tests	2026-10-06T10:32:36.2582503Z shell: C:\Program Files\PowerShell\7\pwsh.EXE -command ". '{0}'"
pytest (3.14)	Run tests	2026-10-06T10:32:36.2583535Z env:
pytest (3.14)	Run tests	2026-10-06T10:32:36.2583969Z   pythonLocation: C:\hostedtoolcache\windows\Python\3.14.7\x64
pytest (3.14)	Run tests	2026-10-06T10:32:36.2584481Z   PKG_CONFIG_PATH: C:\hostedtoolcache\windows\Python\3.14.7\x64/lib/pkgconfig
pytest (3.14)	Run tests	2026-10-06T10:32:36.2584990Z   Python_ROOT_DIR: C:\hostedtoolcache\windows\Python\3.14.7\x64
pytest (3.14)	Run tests	2026-10-06T10:32:36.2585521Z   Python2_ROOT_DIR: C:\hostedtoolcache\windows\Python\3.14.7\x64
pytest (3.14)	Run tests	2026-10-06T10:32:36.2586003Z   Python3_ROOT_DIR: C:\hostedtoolcache\windows\Python\3.14.7\x64
pytest (3.14)	Run tests	2026-10-06T10:32:36.2586412Z   PYTHONPATH: D:\a\pan\pan
pytest (3.14)	Run tests	2026-10-06T10:32:36.2586728Z ##[endgroup]
pytest (3.14)	Run tests	2026-10-06T10:32:47.2874777Z ........................................................................ [  2%]
pytest (3.14)	Run tests	2026-10-06T10:32:49.6452900Z ........................................................................ [  4%]
pytest (3.14)	Run tests	2026-10-06T10:32:50.3775041Z ..................................................s..................sss [  7%]
pytest (3.14)	Run tests	2026-10-06T10:32:50.7608889Z ssss.................................................................... [  9%]
pytest (3.14)	Run tests	2026-10-06T10:32:53.0046349Z ........................................................................ [ 12%]
pytest (3.14)	Run tests	2026-10-06T10:32:57.4213065Z ..................................................s..................... [ 14%]
pytest (3.14)	Run tests	2026-10-06T10:33:08.1671450Z ........................................................................ [ 17%]
pytest (3.14)	Run tests	2026-10-06T10:33:16.3974289Z ........................................................................ [ 19%]
pytest (3.14)	Run tests	2026-10-06T10:33:19.2193795Z ........................................................................ [ 22%]
pytest (3.14)	Run tests	2026-10-06T10:33:47.2654143Z ...........sss.......................................................... [ 24%]
pytest (3.14)	Run tests	2026-10-06T10:33:47.8463496Z ........................................................................ [ 27%]
pytest (3.14)	Run tests	2026-10-06T10:33:48.3825008Z ........................................................................ [ 29%]
pytest (3.14)	Run tests	2026-10-06T10:33:49.2895605Z ........................................................................ [ 32%]
pytest (3.14)	Run tests	2026-10-06T10:33:51.2264117Z ........................................................................ [ 34%]
pytest (3.14)	Run tests	2026-10-06T10:34:18.0719073Z ..............................................sss....................... [ 37%]
pytest (3.14)	Run tests	2026-10-06T10:34:19.9447924Z ........................................................................ [ 39%]
pytest (3.14)	Run tests	2026-10-06T10:34:29.7689987Z ........................................................................ [ 42%]
pytest (3.14)	Run tests	2026-10-06T10:34:34.9242510Z ......s................................................................. [ 44%]
pytest (3.14)	Run tests	2026-10-06T10:34:35.9526337Z ........................................................................ [ 46%]
pytest (3.14)	Run tests	2026-10-06T10:34:37.2845410Z ........................................................................ [ 49%]
pytest (3.14)	Run tests	2026-10-06T10:34:39.5907821Z ........................................................................ [ 51%]
pytest (3.14)	Run tests	2026-10-06T10:34:40.8246223Z ........................................................................ [ 54%]
pytest (3.14)	Run tests	2026-10-06T10:34:42.1350210Z ........................................................................ [ 56%]
pytest (3.14)	Run tests	2026-10-06T10:34:43.1162583Z ........................................................................ [ 59%]
pytest (3.14)	Run tests	2026-10-06T10:34:48.6510555Z ..............................s.................s...................ssss [ 61%]
pytest (3.14)	Run tests	2026-10-06T10:35:06.7121469Z s.ssssssF.....................ssFF...FFFFFFFFFFFFFFFFFFFFFFF..FF......FF [ 64%]
pytest (3.14)	Run tests	2026-10-06T10:35:28.5347277Z .F.FFFFF..............F.........s............sssss...................... [ 66%]
pytest (3.14)	Run tests	2026-10-06T10:35:29.4886201Z ........................................................................ [ 69%]
pytest (3.14)	Run tests	2026-10-06T10:35:31.0393414Z ...............s.........................................ss............. [ 71%]
pytest (3.14)	Run tests	2026-10-06T10:36:57.3810143Z ..............s......................................................... [ 74%]
pytest (3.14)	Run tests	2026-10-06T10:37:43.6190193Z ........................................................................ [ 76%]
pytest (3.14)	Run tests	2026-10-06T10:38:03.9510170Z ........................................................................ [ 79%]
pytest (3.14)	Run tests	2026-10-06T10:39:53.7884305Z ..................F........................................ssss......... [ 81%]
pytest (3.14)	Run tests	2026-10-06T10:41:41.4133853Z ........................ss......................s..........s............ [ 84%]
pytest (3.14)	Run tests	2026-10-06T10:43:04.1079281Z ......................F...F............................................. [ 86%]
pytest (3.14)	Run tests	2026-10-06T10:43:11.9986552Z ...............s........................................................ [ 88%]
pytest (3.14)	Run tests	2026-10-06T10:43:23.6631723Z ........................................................................ [ 91%]
pytest (3.14)	Run tests	2026-10-06T10:43:26.3000195Z ........................................................................ [ 93%]
pytest (3.14)	Run tests	2026-10-06T10:43:29.0469220Z ........................................................................ [ 96%]
pytest (3.14)	Run tests	2026-10-06T10:43:33.7577490Z ........................................................................ [ 98%]
pytest (3.14)	Run tests	2026-10-06T10:43:48.7771221Z ..................................                                       [100%]
pytest (3.14)	Run tests	2026-10-06T10:43:48.7772161Z ================================== FAILURES ===================================
pytest (3.14)	Run tests	2026-10-06T10:43:48.7772872Z ___________ test_composition_r2_engine_close_budget_owner_retryable ___________
pytest (3.14)	Run tests	2026-10-06T10:43:48.7773573Z 
pytest (3.14)	Run tests	2026-10-06T10:43:48.7773889Z     def test_composition_r2_engine_close_budget_owner_retryable():
pytest (3.14)	Run tests	2026-10-06T10:43:48.7775623Z         """\u5f15\u64ce\u5bbf\u4e3b\uff08\u6d4b\u8bd5\u5bbf\u4e3b\u8bed\u4e49\uff09\u6536\u5c3e\u9884\u7b97\u4e0e owner \u91cd\u8bd5\uff1a`close(timeout=0)` \u4e0d\u6536\u655b \u2192
pytest (3.14)	Run tests	2026-10-06T10:43:48.7778022Z         `closed=false` \u4e14\u6709\u754c\u62a5\u544a \u2192 \u6709\u754c\u91cd\u8bd5\u6536\u655b\u3002\u4e0d\u79f0\u751f\u4ea7 launcher\u3001\u4e0d\u6cdb\u5316 Job \u515c\u5e95\u5e03\u5c40\u3002"""
pytest (3.14)	Run tests	2026-10-06T10:43:48.7779138Z >       emulator = HeadlessEmulator(cols=80, rows=24)
pytest (3.14)	Run tests	2026-10-06T10:43:48.7779904Z                    ^^^^^^^^^^^^^^^^^^^^^^^^^^^^^^^^^^
pytest (3.14)	Run tests	2026-10-06T10:43:48.7780361Z 
pytest (3.14)	Run tests	2026-10-06T10:43:48.7780549Z tests\test_terminal_composition.py:1454: 
pytest (3.14)	Run tests	2026-10-06T10:43:48.7781171Z _ _ _ _ _ _ _ _ _ _ _ _ _ _ _ _ _ _ _ _ _ _ _ _ _ _ _ _ _ _ _ _ _ _ _ _ _ _ _ _
pytest (3.14)	Run tests	2026-10-06T10:43:48.7781790Z packages\core\terminal\emulator.py:747: in __init__
pytest (3.14)	Run tests	2026-10-06T10:43:48.7782811Z     self._spawn_and_handshake()
pytest (3.14)	Run tests	2026-10-06T10:43:48.7783420Z packages\core\terminal\emulator.py:838: in _spawn_and_handshake
pytest (3.14)	Run tests	2026-10-06T10:43:48.7784172Z     self._fail_startup(f"sidecar \u4e0d\u53ef\u7528\uff1a{self._startup_failure}")
pytest (3.14)	Run tests	2026-10-06T10:43:48.7784861Z _ _ _ _ _ _ _ _ _ _ _ _ _ _ _ _ _ _ _ _ _ _ _ _ _ _ _ _ _ _ _ _ _ _ _ _ _ _ _ _
pytest (3.14)	Run tests	2026-10-06T10:43:48.7785151Z 
pytest (3.14)	Run tests	2026-10-06T10:43:48.7785412Z self = <packages.core.terminal.emulator.HeadlessEmulator object at 0x000001ECB9475FD0>
pytest (3.14)	Run tests	2026-10-06T10:43:48.7786402Z reason = "sidecar \u4e0d\u53ef\u7528\uff1adependency-missing:Cannot find package '@xterm/headless' imported from D:\\\\a\\\\pan\\\\pan\\\\packages\\\\core\\\\terminal\\\\emulator_sidecar\\\\sidecar.mjs"
pytest (3.14)	Run tests	2026-10-06T10:43:48.7787202Z cause = None
pytest (3.14)	Run tests	2026-10-06T10:43:48.7787366Z 
pytest (3.14)	Run tests	2026-10-06T10:43:48.7787686Z     def _fail_startup(self, reason: str, *, cause: BaseException | None = None) -> NoReturn:
pytest (3.14)	Run tests	2026-10-06T10:43:48.7788491Z         """\u6784\u9020\u5931\u8d25\u7edf\u4e00\u51fa\u53e3\uff1a\u6709\u754c\u6574 Job \u6e05\u7406 + \u643a\u5e26 owner/\u6b8b\u7559\u4fe1\u606f\u7684\u5f02\u5e38\u3002
pytest (3.14)	Run tests	2026-10-06T10:43:48.7789705Z     
pytest (3.14)	Run tests	2026-10-06T10:43:48.7790323Z         \u6e05\u7406\u987a\u5e8f\u4e0e ``close`` \u4e00\u81f4\uff08\u5148\u6e05\u6811 \u2192 join \u7ebf\u7a0b \u2192 \u5173\u6d41 \u2192 guard.close\uff09\uff0c
pytest (3.14)	Run tests	2026-10-06T10:43:48.7791211Z         \u603b\u9884\u7b97\u4e3a ``shutdown_timeout``\uff1b\u5f02\u5e38\u643a\u5e26\u53ef\u91cd\u8bd5 ``owner``\uff08``retry_cleanup``\uff09
pytest (3.14)	Run tests	2026-10-06T10:43:48.7793063Z         \u4e0e ``residual``\uff08pid/\u8eab\u4efd/\u6e05\u7406\u6838\u9a8c/stderr \u6458\u8981\uff09\uff0c\u4e0d\u4ec5\u6587\u672c\u3002
pytest (3.14)	Run tests	2026-10-06T10:43:48.7793711Z         """
pytest (3.14)	Run tests	2026-10-06T10:43:48.7793998Z         detail: list[str] = []
pytest (3.14)	Run tests	2026-10-06T10:43:48.7794379Z         owner = StartupCleanupOwner(
pytest (3.14)	Run tests	2026-10-06T10:43:48.7794768Z             proc=self._proc,
pytest (3.14)	Run tests	2026-10-06T10:43:48.7795107Z             guard=self._guard,
pytest (3.14)	Run tests	2026-10-06T10:43:48.7795451Z             pid=self._sidecar_pid,
pytest (3.14)	Run tests	2026-10-06T10:43:48.7795800Z             identity=self._sidecar_identity,
pytest (3.14)	Run tests	2026-10-06T10:43:48.7796159Z             reader=self._reader_thread,
pytest (3.14)	Run tests	2026-10-06T10:43:48.7796551Z             stderr=self._stderr_thread,
pytest (3.14)	Run tests	2026-10-06T10:43:48.7797044Z             applier=self._applier_thread,
pytest (3.14)	Run tests	2026-10-06T10:43:48.7797512Z             kill_timeout=self._kill_timeout,
pytest (3.14)	Run tests	2026-10-06T10:43:48.7797936Z         )
pytest (3.14)	Run tests	2026-10-06T10:43:48.7798230Z         outcome = _reap_process_resources(
pytest (3.14)	Run tests	2026-10-06T10:43:48.7798584Z             proc=self._proc,
pytest (3.14)	Run tests	2026-10-06T10:43:48.7798897Z             guard=self._guard,
pytest (3.14)	Run tests	2026-10-06T10:43:48.7799348Z             pid=self._sidecar_pid,
pytest (3.14)	Run tests	2026-10-06T10:43:48.7799855Z             identity=self._sidecar_identity,
pytest (3.14)	Run tests	2026-10-06T10:43:48.7800208Z             reader=self._reader_thread,
pytest (3.14)	Run tests	2026-10-06T10:43:48.7801176Z             stderr=self._stderr_thread,
pytest (3.14)	Run tests	2026-10-06T10:43:48.7801447Z             applier=self._applier_thread,
pytest (3.14)	Run tests	2026-10-06T10:43:48.7801814Z             budget=self._shutdown_timeout,
pytest (3.14)	Run tests	2026-10-06T10:43:48.7802159Z             kill_timeout=self._kill_timeout,
pytest (3.14)	Run tests	2026-10-06T10:43:48.7802480Z             detail=detail,
pytest (3.14)	Run tests	2026-10-06T10:43:48.7803284Z         )
pytest (3.14)	Run tests	2026-10-06T10:43:48.7803803Z         residual = {
pytest (3.14)	Run tests	2026-10-06T10:43:48.7804134Z             "reason": reason,
pytest (3.14)	Run tests	2026-10-06T10:43:48.7804466Z             "pid": self._sidecar_pid,
pytest (3.14)	Run tests	2026-10-06T10:43:48.7804791Z             "identity_filetime": (
pytest (3.14)	Run tests	2026-10-06T10:43:48.7805176Z                 str(self._sidecar_identity.created_at_filetime)
pytest (3.14)	Run tests	2026-10-06T10:43:48.7805604Z                 if self._sidecar_identity is not None
pytest (3.14)	Run tests	2026-10-06T10:43:48.7805979Z                 else None
pytest (3.14)	Run tests	2026-10-06T10:43:48.7806270Z             ),
pytest (3.14)	Run tests	2026-10-06T10:43:48.7806564Z             "process_exited": outcome["root_dead"],
pytest (3.14)	Run tests	2026-10-06T10:43:48.7807019Z             "job_verified": outcome["job_verified"],
pytest (3.14)	Run tests	2026-10-06T10:43:48.7807397Z             "guard_closed": outcome["guard_closed"],
pytest (3.14)	Run tests	2026-10-06T10:43:48.7807763Z             "cleanup_closed": outcome["closed"],
pytest (3.14)	Run tests	2026-10-06T10:43:48.7808130Z             "cleanup_seconds": outcome["seconds"],
pytest (3.14)	Run tests	2026-10-06T10:43:48.7808529Z             "cleanup_detail": ", ".join(detail) if detail else "ok",
pytest (3.14)	Run tests	2026-10-06T10:43:48.7808971Z             "cleanup_errors": list(outcome["errors"]),
pytest (3.14)	Run tests	2026-10-06T10:43:48.7809345Z             "stderr_digest": self._stderr_digest(),
pytest (3.14)	Run tests	2026-10-06T10:43:48.7809669Z         }
pytest (3.14)	Run tests	2026-10-06T10:43:48.7809944Z         message = (
pytest (3.14)	Run tests	2026-10-06T10:43:48.7810369Z             f"{reason}\uff1b\u6e05\u7406={'converged' if outcome['closed'] else 'retained'}"
pytest (3.14)	Run tests	2026-10-06T10:43:48.7810931Z             f"\uff08{outcome['seconds']}s, pid={self._sidecar_pid}\uff09"
pytest (3.14)	Run tests	2026-10-06T10:43:48.7811319Z         )
pytest (3.14)	Run tests	2026-10-06T10:43:48.7811696Z >       raise EmulatorStartupError(message, owner=owner, residual=residual) from cause
pytest (3.14)	Run tests	2026-10-06T10:43:48.7813811Z E       packages.core.terminal.emulator.EmulatorStartupError: sidecar \u4e0d\u53ef\u7528\uff1adependency-missing:Cannot find package '@xterm/headless' imported from D:\\a\\pan\\pan\\packages\\core\\terminal\\emulator_sidecar\\sidecar.mjs\uff1b\u6e05\u7406=converged\uff080.006s, pid=3500\uff09
pytest (3.14)	Run tests	2026-10-06T10:43:48.7814845Z 
pytest (3.14)	Run tests	2026-10-06T10:43:48.7815040Z packages\core\terminal\emulator.py:904: EmulatorStartupError
pytest (3.14)	Run tests	2026-10-06T10:43:48.7815581Z ___________________ test_construct_ready_identity_and_close ___________________
pytest (3.14)	Run tests	2026-10-06T10:43:48.7815866Z 
pytest (3.14)	Run tests	2026-10-06T10:43:48.7816112Z emu_factory = <function emu_factory.<locals>.make at 0x000001ECC400FA00>
pytest (3.14)	Run tests	2026-10-06T10:43:48.7816389Z 
pytest (3.14)	Run tests	2026-10-06T10:43:48.7816766Z     def test_construct_ready_identity_and_close(emu_factory):
pytest (3.14)	Run tests	2026-10-06T10:43:48.7817185Z >       emu = emu_factory(cols=100, rows=30)
pytest (3.14)	Run tests	2026-10-06T10:43:48.7817530Z               ^^^^^^^^^^^^^^^^^^^^^^^^^^^^^^
pytest (3.14)	Run tests	2026-10-06T10:43:48.7817752Z 
pytest (3.14)	Run tests	2026-10-06T10:43:48.7817890Z tests\test_terminal_emulator.py:133: 
pytest (3.14)	Run tests	2026-10-06T10:43:48.7818280Z _ _ _ _ _ _ _ _ _ _ _ _ _ _ _ _ _ _ _ _ _ _ _ _ _ _ _ _ _ _ _ _ _ _ _ _ _ _ _ _
pytest (3.14)	Run tests	2026-10-06T10:43:48.7818770Z tests\test_terminal_emulator.py:87: in make
pytest (3.14)	Run tests	2026-10-06T10:43:48.7819292Z     emu = HeadlessEmulator(**kwargs)
pytest (3.14)	Run tests	2026-10-06T10:43:48.7819725Z           ^^^^^^^^^^^^^^^^^^^^^^^^^^
pytest (3.14)	Run tests	2026-10-06T10:43:48.7820095Z packages\core\terminal\emulator.py:747: in __init__
pytest (3.14)	Run tests	2026-10-06T10:43:48.7820490Z     self._spawn_and_handshake()
pytest (3.14)	Run tests	2026-10-06T10:43:48.7820897Z packages\core\terminal\emulator.py:838: in _spawn_and_handshake
pytest (3.14)	Run tests	2026-10-06T10:43:48.7821495Z     self._fail_startup(f"sidecar \u4e0d\u53ef\u7528\uff1a{self._startup_failure}")
pytest (3.14)	Run tests	2026-10-06T10:43:48.7821979Z _ _ _ _ _ _ _ _ _ _ _ _ _ _ _ _ _ _ _ _ _ _ _ _ _ _ _ _ _ _ _ _ _ _ _ _ _ _ _ _
pytest (3.14)	Run tests	2026-10-06T10:43:48.7822235Z 
pytest (3.14)	Run tests	2026-10-06T10:43:48.7822555Z self = <packages.core.terminal.emulator.HeadlessEmulator object at 0x000001ECC3C182F0>
pytest (3.14)	Run tests	2026-10-06T10:43:48.7823859Z reason = "sidecar \u4e0d\u53ef\u7528\uff1adependency-missing:Cannot find package '@xterm/headless' imported from D:\\\\a\\\\pan\\\\pan\\\\packages\\\\core\\\\terminal\\\\emulator_sidecar\\\\sidecar.mjs"
pytest (3.14)	Run tests	2026-10-06T10:43:48.7824622Z cause = None
pytest (3.14)	Run tests	2026-10-06T10:43:48.7824818Z 
pytest (3.14)	Run tests	2026-10-06T10:43:48.7825066Z     def _fail_startup(self, reason: str, *, cause: BaseException | None = None) -> NoReturn:
pytest (3.14)	Run tests	2026-10-06T10:43:48.7825966Z         """\u6784\u9020\u5931\u8d25\u7edf\u4e00\u51fa\u53e3\uff1a\u6709\u754c\u6574 Job \u6e05\u7406 + \u643a\u5e26 owner/\u6b8b\u7559\u4fe1\u606f\u7684\u5f02\u5e38\u3002
pytest (3.14)	Run tests	2026-10-06T10:43:48.7826630Z     
pytest (3.14)	Run tests	2026-10-06T10:43:48.7827170Z         \u6e05\u7406\u987a\u5e8f\u4e0e ``close`` \u4e00\u81f4\uff08\u5148\u6e05\u6811 \u2192 join \u7ebf\u7a0b \u2192 \u5173\u6d41 \u2192 guard.close\uff09\uff0c
pytest (3.14)	Run tests	2026-10-06T10:43:48.7828016Z         \u603b\u9884\u7b97\u4e3a ``shutdown_timeout``\uff1b\u5f02\u5e38\u643a\u5e26\u53ef\u91cd\u8bd5 ``owner``\uff08``retry_cleanup``\uff09
pytest (3.14)	Run tests	2026-10-06T10:43:48.7828847Z         \u4e0e ``residual``\uff08pid/\u8eab\u4efd/\u6e05\u7406\u6838\u9a8c/stderr \u6458\u8981\uff09\uff0c\u4e0d\u4ec5\u6587\u672c\u3002
pytest (3.14)	Run tests	2026-10-06T10:43:48.7829398Z         """
pytest (3.14)	Run tests	2026-10-06T10:43:48.7829803Z         detail: list[str] = []
pytest (3.14)	Run tests	2026-10-06T10:43:48.7830172Z         owner = StartupCleanupOwner(
pytest (3.14)	Run tests	2026-10-06T10:43:48.7830496Z             proc=self._proc,
pytest (3.14)	Run tests	2026-10-06T10:43:48.7830829Z             guard=self._guard,
pytest (3.14)	Run tests	2026-10-06T10:43:48.7831138Z             pid=self._sidecar_pid,
pytest (3.14)	Run tests	2026-10-06T10:43:48.7831472Z             identity=self._sidecar_identity,
pytest (3.14)	Run tests	2026-10-06T10:43:48.7831830Z             reader=self._reader_thread,
pytest (3.14)	Run tests	2026-10-06T10:43:48.7832165Z             stderr=self._stderr_thread,
pytest (3.14)	Run tests	2026-10-06T10:43:48.7832510Z             applier=self._applier_thread,
pytest (3.14)	Run tests	2026-10-06T10:43:48.7832901Z             kill_timeout=self._kill_timeout,
pytest (3.14)	Run tests	2026-10-06T10:43:48.7833208Z         )
pytest (3.14)	Run tests	2026-10-06T10:43:48.7833494Z         outcome = _reap_process_resources(
pytest (3.14)	Run tests	2026-10-06T10:43:48.7833833Z             proc=self._proc,
pytest (3.14)	Run tests	2026-10-06T10:43:48.7834138Z             guard=self._guard,
pytest (3.14)	Run tests	2026-10-06T10:43:48.7834447Z             pid=self._sidecar_pid,
pytest (3.14)	Run tests	2026-10-06T10:43:48.7834765Z             identity=self._sidecar_identity,
pytest (3.14)	Run tests	2026-10-06T10:43:48.7835130Z             reader=self._reader_thread,
pytest (3.14)	Run tests	2026-10-06T10:43:48.7835464Z             stderr=self._stderr_thread,
pytest (3.14)	Run tests	2026-10-06T10:43:48.7835847Z             applier=self._applier_thread,
pytest (3.14)	Run tests	2026-10-06T10:43:48.7836189Z             budget=self._shutdown_timeout,
pytest (3.14)	Run tests	2026-10-06T10:43:48.7836517Z             kill_timeout=self._kill_timeout,
pytest (3.14)	Run tests	2026-10-06T10:43:48.7836869Z             detail=detail,
pytest (3.14)	Run tests	2026-10-06T10:43:48.7837165Z         )
pytest (3.14)	Run tests	2026-10-06T10:43:48.7837409Z         residual = {
pytest (3.14)	Run tests	2026-10-06T10:43:48.7837711Z             "reason": reason,
pytest (3.14)	Run tests	2026-10-06T10:43:48.7838160Z             "pid": self._sidecar_pid,
pytest (3.14)	Run tests	2026-10-06T10:43:48.7838502Z             "identity_filetime": (
pytest (3.14)	Run tests	2026-10-06T10:43:48.7838949Z                 str(self._sidecar_identity.created_at_filetime)
pytest (3.14)	Run tests	2026-10-06T10:43:48.7839382Z                 if self._sidecar_identity is not None
pytest (3.14)	Run tests	2026-10-06T10:43:48.7839753Z                 else None
pytest (3.14)	Run tests	2026-10-06T10:43:48.7840037Z             ),
pytest (3.14)	Run tests	2026-10-06T10:43:48.7840336Z             "process_exited": outcome["root_dead"],
pytest (3.14)	Run tests	2026-10-06T10:43:48.7840715Z             "job_verified": outcome["job_verified"],
pytest (3.14)	Run tests	2026-10-06T10:43:48.7841075Z             "guard_closed": outcome["guard_closed"],
pytest (3.14)	Run tests	2026-10-06T10:43:48.7841467Z             "cleanup_closed": outcome["closed"],
pytest (3.14)	Run tests	2026-10-06T10:43:48.7841835Z             "cleanup_seconds": outcome["seconds"],
pytest (3.14)	Run tests	2026-10-06T10:43:48.7842284Z             "cleanup_detail": ", ".join(detail) if detail else "ok",
pytest (3.14)	Run tests	2026-10-06T10:43:48.7842703Z             "cleanup_errors": list(outcome["errors"]),
pytest (3.14)	Run tests	2026-10-06T10:43:48.7843276Z             "stderr_digest": self._stderr_digest(),
pytest (3.14)	Run tests	2026-10-06T10:43:48.7843717Z         }
pytest (3.14)	Run tests	2026-10-06T10:43:48.7844048Z         message = (
pytest (3.14)	Run tests	2026-10-06T10:43:48.7844532Z             f"{reason}\uff1b\u6e05\u7406={'converged' if outcome['closed'] else 'retained'}"
pytest (3.14)	Run tests	2026-10-06T10:43:48.7845080Z             f"\uff08{outcome['seconds']}s, pid={self._sidecar_pid}\uff09"
pytest (3.14)	Run tests	2026-10-06T10:43:48.7845484Z         )
pytest (3.14)	Run tests	2026-10-06T10:43:48.7845917Z >       raise EmulatorStartupError(message, owner=owner, residual=residual) from cause
pytest (3.14)	Run tests	2026-10-06T10:43:48.7847118Z E       packages.core.terminal.emulator.EmulatorStartupError: sidecar \u4e0d\u53ef\u7528\uff1adependency-missing:Cannot find package '@xterm/headless' imported from D:\\a\\pan\\pan\\packages\\core\\terminal\\emulator_sidecar\\sidecar.mjs\uff1b\u6e05\u7406=converged\uff080.006s, pid=5156\uff09
pytest (3.14)	Run tests	2026-10-06T10:43:48.7848203Z 
pytest (3.14)	Run tests	2026-10-06T10:43:48.7848391Z packages\core\terminal\emulator.py:904: EmulatorStartupError
pytest (3.14)	Run tests	2026-10-06T10:43:48.7848901Z _____________ test_start_cursor_beyond_53_bits_travels_as_string ______________
pytest (3.14)	Run tests	2026-10-06T10:43:48.7849239Z 
pytest (3.14)	Run tests	2026-10-06T10:43:48.7849431Z emu_factory = <function emu_factory.<locals>.make at 0x000001ECC4000510>
pytest (3.14)	Run tests	2026-10-06T10:43:48.7849750Z 
pytest (3.14)	Run tests	2026-10-06T10:43:48.7850001Z     def test_start_cursor_beyond_53_bits_travels_as_string(emu_factory):
pytest (3.14)	Run tests	2026-10-06T10:43:48.7850447Z         start = 2**53 + 987654
pytest (3.14)	Run tests	2026-10-06T10:43:48.7850789Z >       emu = emu_factory(start_cursor=start)
pytest (3.14)	Run tests	2026-10-06T10:43:48.7851209Z               ^^^^^^^^^^^^^^^^^^^^^^^^^^^^^^^
pytest (3.14)	Run tests	2026-10-06T10:43:48.7851462Z 
pytest (3.14)	Run tests	2026-10-06T10:43:48.7851585Z tests\test_terminal_emulator.py:155: 
pytest (3.14)	Run tests	2026-10-06T10:43:48.7852004Z _ _ _ _ _ _ _ _ _ _ _ _ _ _ _ _ _ _ _ _ _ _ _ _ _ _ _ _ _ _ _ _ _ _ _ _ _ _ _ _
pytest (3.14)	Run tests	2026-10-06T10:43:48.7852417Z tests\test_terminal_emulator.py:87: in make
pytest (3.14)	Run tests	2026-10-06T10:43:48.7852763Z     emu = HeadlessEmulator(**kwargs)
pytest (3.14)	Run tests	2026-10-06T10:43:48.7853150Z           ^^^^^^^^^^^^^^^^^^^^^^^^^^
pytest (3.14)	Run tests	2026-10-06T10:43:48.7853494Z packages\core\terminal\emulator.py:747: in __init__
pytest (3.14)	Run tests	2026-10-06T10:43:48.7853876Z     self._spawn_and_handshake()
pytest (3.14)	Run tests	2026-10-06T10:43:48.7854270Z packages\core\terminal\emulator.py:838: in _spawn_and_handshake
pytest (3.14)	Run tests	2026-10-06T10:43:48.7854789Z     self._fail_startup(f"sidecar \u4e0d\u53ef\u7528\uff1a{self._startup_failure}")
pytest (3.14)	Run tests	2026-10-06T10:43:48.7855295Z _ _ _ _ _ _ _ _ _ _ _ _ _ _ _ _ _ _ _ _ _ _ _ _ _ _ _ _ _ _ _ _ _ _ _ _ _ _ _ _
pytest (3.14)	Run tests	2026-10-06T10:43:48.7855568Z 
pytest (3.14)	Run tests	2026-10-06T10:43:48.7855820Z self = <packages.core.terminal.emulator.HeadlessEmulator object at 0x000001ECB9475FD0>
pytest (3.14)	Run tests	2026-10-06T10:43:48.7856885Z reason = "sidecar \u4e0d\u53ef\u7528\uff1adependency-missing:Cannot find package '@xterm/headless' imported from D:\\\\a\\\\pan\\\\pan\\\\packages\\\\core\\\\terminal\\\\emulator_sidecar\\\\sidecar.mjs"
pytest (3.14)	Run tests	2026-10-06T10:43:48.7857658Z cause = None
pytest (3.14)	Run tests	2026-10-06T10:43:48.7857787Z 
pytest (3.14)	Run tests	2026-10-06T10:43:48.7858064Z     def _fail_startup(self, reason: str, *, cause: BaseException | None = None) -> NoReturn:
pytest (3.14)	Run tests	2026-10-06T10:43:48.7858885Z         """\u6784\u9020\u5931\u8d25\u7edf\u4e00\u51fa\u53e3\uff1a\u6709\u754c\u6574 Job \u6e05\u7406 + \u643a\u5e26 owner/\u6b8b\u7559\u4fe1\u606f\u7684\u5f02\u5e38\u3002
pytest (3.14)	Run tests	2026-10-06T10:43:48.7860145Z     
pytest (3.14)	Run tests	2026-10-06T10:43:48.7860716Z         \u6e05\u7406\u987a\u5e8f\u4e0e ``close`` \u4e00\u81f4\uff08\u5148\u6e05\u6811 \u2192 join \u7ebf\u7a0b \u2192 \u5173\u6d41 \u2192 guard.close\uff09\uff0c
pytest (3.14)	Run tests	2026-10-06T10:43:48.7861633Z         \u603b\u9884\u7b97\u4e3a ``shutdown_timeout``\uff1b\u5f02\u5e38\u643a\u5e26\u53ef\u91cd\u8bd5 ``owner``\uff08``retry_cleanup``\uff09
pytest (3.14)	Run tests	2026-10-06T10:43:48.7862421Z         \u4e0e ``residual``\uff08pid/\u8eab\u4efd/\u6e05\u7406\u6838\u9a8c/stderr \u6458\u8981\uff09\uff0c\u4e0d\u4ec5\u6587\u672c\u3002
pytest (3.14)	Run tests	2026-10-06T10:43:48.7863001Z         """
pytest (3.14)	Run tests	2026-10-06T10:43:48.7863510Z         detail: list[str] = []
pytest (3.14)	Run tests	2026-10-06T10:43:48.7863943Z         owner = StartupCleanupOwner(
pytest (3.14)	Run tests	2026-10-06T10:43:48.7864379Z             proc=self._proc,
pytest (3.14)	Run tests	2026-10-06T10:43:48.7864689Z             guard=self._guard,
pytest (3.14)	Run tests	2026-10-06T10:43:48.7865028Z             pid=self._sidecar_pid,
pytest (3.14)	Run tests	2026-10-06T10:43:48.7865407Z             identity=self._sidecar_identity,
pytest (3.14)	Run tests	2026-10-06T10:43:48.7865785Z             reader=self._reader_thread,
pytest (3.14)	Run tests	2026-10-06T10:43:48.7866147Z             stderr=self._stderr_thread,
pytest (3.14)	Run tests	2026-10-06T10:43:48.7866489Z             applier=self._applier_thread,
pytest (3.14)	Run tests	2026-10-06T10:43:48.7866854Z             kill_timeout=self._kill_timeout,
pytest (3.14)	Run tests	2026-10-06T10:43:48.7867174Z         )
pytest (3.14)	Run tests	2026-10-06T10:43:48.7867539Z         outcome = _reap_process_resources(
pytest (3.14)	Run tests	2026-10-06T10:43:48.7868003Z             proc=self._proc,
pytest (3.14)	Run tests	2026-10-06T10:43:48.7868316Z             guard=self._guard,
pytest (3.14)	Run tests	2026-10-06T10:43:48.7868812Z             pid=self._sidecar_pid,
pytest (3.14)	Run tests	2026-10-06T10:43:48.7869151Z             identity=self._sidecar_identity,
pytest (3.14)	Run tests	2026-10-06T10:43:48.7869484Z             reader=self._reader_thread,
pytest (3.14)	Run tests	2026-10-06T10:43:48.7869845Z             stderr=self._stderr_thread,
pytest (3.14)	Run tests	2026-10-06T10:43:48.7870189Z             applier=self._applier_thread,
pytest (3.14)	Run tests	2026-10-06T10:43:48.7870535Z             budget=self._shutdown_timeout,
pytest (3.14)	Run tests	2026-10-06T10:43:48.7870899Z             kill_timeout=self._kill_timeout,
pytest (3.14)	Run tests	2026-10-06T10:43:48.7871229Z             detail=detail,
pytest (3.14)	Run tests	2026-10-06T10:43:48.7871527Z         )
pytest (3.14)	Run tests	2026-10-06T10:43:48.7871831Z         residual = {
pytest (3.14)	Run tests	2026-10-06T10:43:48.7872120Z             "reason": reason,
pytest (3.14)	Run tests	2026-10-06T10:43:48.7872452Z             "pid": self._sidecar_pid,
pytest (3.14)	Run tests	2026-10-06T10:43:48.7872790Z             "identity_filetime": (
pytest (3.14)	Run tests	2026-10-06T10:43:48.7873167Z                 str(self._sidecar_identity.created_at_filetime)
pytest (3.14)	Run tests	2026-10-06T10:43:48.7873588Z                 if self._sidecar_identity is not None
pytest (3.14)	Run tests	2026-10-06T10:43:48.7873937Z                 else None
pytest (3.14)	Run tests	2026-10-06T10:43:48.7874255Z             ),
pytest (3.14)	Run tests	2026-10-06T10:43:48.7874556Z             "process_exited": outcome["root_dead"],
pytest (3.14)	Run tests	2026-10-06T10:43:48.7875089Z             "job_verified": outcome["job_verified"],
pytest (3.14)	Run tests	2026-10-06T10:43:48.7875553Z             "guard_closed": outcome["guard_closed"],
pytest (3.14)	Run tests	2026-10-06T10:43:48.7875989Z             "cleanup_closed": outcome["closed"],
pytest (3.14)	Run tests	2026-10-06T10:43:48.7876515Z             "cleanup_seconds": outcome["seconds"],
pytest (3.14)	Run tests	2026-10-06T10:43:48.7876932Z             "cleanup_detail": ", ".join(detail) if detail else "ok",
pytest (3.14)	Run tests	2026-10-06T10:43:48.7877371Z             "cleanup_errors": list(outcome["errors"]),
pytest (3.14)	Run tests	2026-10-06T10:43:48.7877754Z             "stderr_digest": self._stderr_digest(),
pytest (3.14)	Run tests	2026-10-06T10:43:48.7878094Z         }
pytest (3.14)	Run tests	2026-10-06T10:43:48.7878396Z         message = (
pytest (3.14)	Run tests	2026-10-06T10:43:48.7878793Z             f"{reason}\uff1b\u6e05\u7406={'converged' if outcome['closed'] else 'retained'}"
pytest (3.14)	Run tests	2026-10-06T10:43:48.7879310Z             f"\uff08{outcome['seconds']}s, pid={self._sidecar_pid}\uff09"
pytest (3.14)	Run tests	2026-10-06T10:43:48.7879717Z         )
pytest (3.14)	Run tests	2026-10-06T10:43:48.7880107Z >       raise EmulatorStartupError(message, owner=owner, residual=residual) from cause
pytest (3.14)	Run tests	2026-10-06T10:43:48.7881325Z E       packages.core.terminal.emulator.EmulatorStartupError: sidecar \u4e0d\u53ef\u7528\uff1adependency-missing:Cannot find package '@xterm/headless' imported from D:\\a\\pan\\pan\\packages\\core\\terminal\\emulator_sidecar\\sidecar.mjs\uff1b\u6e05\u7406=converged\uff080.006s, pid=9264\uff09
pytest (3.14)	Run tests	2026-10-06T10:43:48.7882701Z 
pytest (3.14)	Run tests	2026-10-06T10:43:48.7883026Z packages\core\terminal\emulator.py:904: EmulatorStartupError
pytest (3.14)	Run tests	2026-10-06T10:43:48.7883928Z ____________________ test_main_screen_matrix_and_recovery _____________________
pytest (3.14)	Run tests	2026-10-06T10:43:48.7884369Z 
pytest (3.14)	Run tests	2026-10-06T10:43:48.7884611Z emu_factory = <function emu_factory.<locals>.make at 0x000001ECC3F6C720>
pytest (3.14)	Run tests	2026-10-06T10:43:48.7884897Z 
pytest (3.14)	Run tests	2026-10-06T10:43:48.7885103Z     def test_main_screen_matrix_and_recovery(emu_factory):
pytest (3.14)	Run tests	2026-10-06T10:43:48.7885497Z         stream = (
pytest (3.14)	Run tests	2026-10-06T10:43:48.7885799Z             b"$ echo hello\r\n"
pytest (3.14)	Run tests	2026-10-06T10:43:48.7886097Z             b"hello\r\n"
pytest (3.14)	Run tests	2026-10-06T10:43:48.7886458Z             b"\x1b[31mRED\x1b[0m \x1b[1;32mGREEN\x1b[0m\r\n"
pytest (3.14)	Run tests	2026-10-06T10:43:48.7886912Z             + b"".join(b"line-%03d\r\n" % i for i in range(60))
pytest (3.14)	Run tests	2026-10-06T10:43:48.7887353Z             + b"\x1b[2;1Hmiddle\x1b[K"
pytest (3.14)	Run tests	2026-10-06T10:43:48.7887707Z             + b"\x1b[10;5H\x1b[4mbold-under\x1b[0m"
pytest (3.14)	Run tests	2026-10-06T10:43:48.7888087Z         )
pytest (3.14)	Run tests	2026-10-06T10:43:48.7888450Z >       ref_snap, got = _compare_after_protocol_a(emu_factory, stream)
pytest (3.14)	Run tests	2026-10-06T10:43:48.7888893Z                         ^^^^^^^^^^^^^^^^^^^^^^^^^^^^^^^^^^^^^^^^^^^^^^
pytest (3.14)	Run tests	2026-10-06T10:43:48.7889092Z 
pytest (3.14)	Run tests	2026-10-06T10:43:48.7889284Z tests\test_terminal_emulator.py:203: 
pytest (3.14)	Run tests	2026-10-06T10:43:48.7889672Z _ _ _ _ _ _ _ _ _ _ _ _ _ _ _ _ _ _ _ _ _ _ _ _ _ _ _ _ _ _ _ _ _ _ _ _ _ _ _ _
pytest (3.14)	Run tests	2026-10-06T10:43:48.7890123Z tests\test_terminal_emulator.py:112: in _compare_after_protocol_a
pytest (3.14)	Run tests	2026-10-06T10:43:48.7890699Z     ref = emu_factory(cols=cols, rows=rows)
pytest (3.14)	Run tests	2026-10-06T10:43:48.7891058Z           ^^^^^^^^^^^^^^^^^^^^^^^^^^^^^^^^^
pytest (3.14)	Run tests	2026-10-06T10:43:48.7891514Z tests\test_terminal_emulator.py:87: in make
pytest (3.14)	Run tests	2026-10-06T10:43:48.7891884Z     emu = HeadlessEmulator(**kwargs)
pytest (3.14)	Run tests	2026-10-06T10:43:48.7892208Z           ^^^^^^^^^^^^^^^^^^^^^^^^^^
pytest (3.14)	Run tests	2026-10-06T10:43:48.7892591Z packages\core\terminal\emulator.py:747: in __init__
pytest (3.14)	Run tests	2026-10-06T10:43:48.7892968Z     self._spawn_and_handshake()
pytest (3.14)	Run tests	2026-10-06T10:43:48.7893344Z packages\core\terminal\emulator.py:838: in _spawn_and_handshake
pytest (3.14)	Run tests	2026-10-06T10:43:48.7893896Z     self._fail_startup(f"sidecar \u4e0d\u53ef\u7528\uff1a{self._startup_failure}")
pytest (3.14)	Run tests	2026-10-06T10:43:48.7894390Z _ _ _ _ _ _ _ _ _ _ _ _ _ _ _ _ _ _ _ _ _ _ _ _ _ _ _ _ _ _ _ _ _ _ _ _ _ _ _ _
pytest (3.14)	Run tests	2026-10-06T10:43:48.7894662Z 
pytest (3.14)	Run tests	2026-10-06T10:43:48.7894990Z self = <packages.core.terminal.emulator.HeadlessEmulator object at 0x000001ECB9475E80>
pytest (3.14)	Run tests	2026-10-06T10:43:48.7895937Z reason = "sidecar \u4e0d\u53ef\u7528\uff1adependency-missing:Cannot find package '@xterm/headless' imported from D:\\\\a\\\\pan\\\\pan\\\\packages\\\\core\\\\terminal\\\\emulator_sidecar\\\\sidecar.mjs"
pytest (3.14)	Run tests	2026-10-06T10:43:48.7896695Z cause = None
pytest (3.14)	Run tests	2026-10-06T10:43:48.7896917Z 
pytest (3.14)	Run tests	2026-10-06T10:43:48.7897232Z     def _fail_startup(self, reason: str, *, cause: BaseException | None = None) -> NoReturn:
pytest (3.14)	Run tests	2026-10-06T10:43:48.7898203Z         """\u6784\u9020\u5931\u8d25\u7edf\u4e00\u51fa\u53e3\uff1a\u6709\u754c\u6574 Job \u6e05\u7406 + \u643a\u5e26 owner/\u6b8b\u7559\u4fe1\u606f\u7684\u5f02\u5e38\u3002
pytest (3.14)	Run tests	2026-10-06T10:43:48.7898865Z     
pytest (3.14)	Run tests	2026-10-06T10:43:48.7899512Z         \u6e05\u7406\u987a\u5e8f\u4e0e ``close`` \u4e00\u81f4\uff08\u5148\u6e05\u6811 \u2192 join \u7ebf\u7a0b \u2192 \u5173\u6d41 \u2192 guard.close\uff09\uff0c
pytest (3.14)	Run tests	2026-10-06T10:43:48.7900369Z         \u603b\u9884\u7b97\u4e3a ``shutdown_timeout``\uff1b\u5f02\u5e38\u643a\u5e26\u53ef\u91cd\u8bd5 ``owner``\uff08``retry_cleanup``\uff09
pytest (3.14)	Run tests	2026-10-06T10:43:48.7901255Z         \u4e0e ``residual``\uff08pid/\u8eab\u4efd/\u6e05\u7406\u6838\u9a8c/stderr \u6458\u8981\uff09\uff0c\u4e0d\u4ec5\u6587\u672c\u3002
pytest (3.14)	Run tests	2026-10-06T10:43:48.7901818Z         """
pytest (3.14)	Run tests	2026-10-06T10:43:48.7902104Z         detail: list[str] = []
pytest (3.14)	Run tests	2026-10-06T10:43:48.7902442Z         owner = StartupCleanupOwner(
pytest (3.14)	Run tests	2026-10-06T10:43:48.7902772Z             proc=self._proc,
pytest (3.14)	Run tests	2026-10-06T10:43:48.7903258Z             guard=self._guard,
pytest (3.14)	Run tests	2026-10-06T10:43:48.7903836Z             pid=self._sidecar_pid,
pytest (3.14)	Run tests	2026-10-06T10:43:48.7904270Z             identity=self._sidecar_identity,
pytest (3.14)	Run tests	2026-10-06T10:43:48.7904721Z             reader=self._reader_thread,
pytest (3.14)	Run tests	2026-10-06T10:43:48.7905045Z             stderr=self._stderr_thread,
pytest (3.14)	Run tests	2026-10-06T10:43:48.7905437Z             applier=self._applier_thread,
pytest (3.14)	Run tests	2026-10-06T10:43:48.7905788Z             kill_timeout=self._kill_timeout,
pytest (3.14)	Run tests	2026-10-06T10:43:48.7906110Z         )
pytest (3.14)	Run tests	2026-10-06T10:43:48.7906407Z         outcome = _reap_process_resources(
pytest (3.14)	Run tests	2026-10-06T10:43:48.7906773Z             proc=self._proc,
pytest (3.14)	Run tests	2026-10-06T10:43:48.7907107Z             guard=self._guard,
pytest (3.14)	Run tests	2026-10-06T10:43:48.7907426Z             pid=self._sidecar_pid,
pytest (3.14)	Run tests	2026-10-06T10:43:48.7907749Z             identity=self._sidecar_identity,
pytest (3.14)	Run tests	2026-10-06T10:43:48.7908105Z             reader=self._reader_thread,
pytest (3.14)	Run tests	2026-10-06T10:43:48.7908442Z             stderr=self._stderr_thread,
pytest (3.14)	Run tests	2026-10-06T10:43:48.7908791Z             applier=self._applier_thread,
pytest (3.14)	Run tests	2026-10-06T10:43:48.7909139Z             budget=self._shutdown_timeout,
pytest (3.14)	Run tests	2026-10-06T10:43:48.7909470Z             kill_timeout=self._kill_timeout,
pytest (3.14)	Run tests	2026-10-06T10:43:48.7909868Z             detail=detail,
pytest (3.14)	Run tests	2026-10-06T10:43:48.7910156Z         )
pytest (3.14)	Run tests	2026-10-06T10:43:48.7910425Z         residual = {
pytest (3.14)	Run tests	2026-10-06T10:43:48.7910723Z             "reason": reason,
pytest (3.14)	Run tests	2026-10-06T10:43:48.7911031Z             "pid": self._sidecar_pid,
pytest (3.14)	Run tests	2026-10-06T10:43:48.7911389Z             "identity_filetime": (
pytest (3.14)	Run tests	2026-10-06T10:43:48.7911819Z                 str(self._sidecar_identity.created_at_filetime)
pytest (3.14)	Run tests	2026-10-06T10:43:48.7912335Z                 if self._sidecar_identity is not None
pytest (3.14)	Run tests	2026-10-06T10:43:48.7912719Z                 else None
pytest (3.14)	Run tests	2026-10-06T10:43:48.7913082Z             ),
pytest (3.14)	Run tests	2026-10-06T10:43:48.7913400Z             "process_exited": outcome["root_dead"],
pytest (3.14)	Run tests	2026-10-06T10:43:48.7913784Z             "job_verified": outcome["job_verified"],
pytest (3.14)	Run tests	2026-10-06T10:43:48.7914185Z             "guard_closed": outcome["guard_closed"],
pytest (3.14)	Run tests	2026-10-06T10:43:48.7914674Z             "cleanup_closed": outcome["closed"],
pytest (3.14)	Run tests	2026-10-06T10:43:48.7915075Z             "cleanup_seconds": outcome["seconds"],
pytest (3.14)	Run tests	2026-10-06T10:43:48.7915495Z             "cleanup_detail": ", ".join(detail) if detail else "ok",
pytest (3.14)	Run tests	2026-10-06T10:43:48.7915915Z             "cleanup_errors": list(outcome["errors"]),
pytest (3.14)	Run tests	2026-10-06T10:43:48.7916325Z             "stderr_digest": self._stderr_digest(),
pytest (3.14)	Run tests	2026-10-06T10:43:48.7916685Z         }
pytest (3.14)	Run tests	2026-10-06T10:43:48.7916947Z         message = (
pytest (3.14)	Run tests	2026-10-06T10:43:48.7917351Z             f"{reason}\uff1b\u6e05\u7406={'converged' if outcome['closed'] else 'retained'}"
pytest (3.14)	Run tests	2026-10-06T10:43:48.7917880Z             f"\uff08{outcome['seconds']}s, pid={self._sidecar_pid}\uff09"
pytest (3.14)	Run tests	2026-10-06T10:43:48.7918252Z         )
pytest (3.14)	Run tests	2026-10-06T10:43:48.7918659Z >       raise EmulatorStartupError(message, owner=owner, residual=residual) from cause
pytest (3.14)	Run tests	2026-10-06T10:43:48.7919862Z E       packages.core.terminal.emulator.EmulatorStartupError: sidecar \u4e0d\u53ef\u7528\uff1adependency-missing:Cannot find package '@xterm/headless' imported from D:\\a\\pan\\pan\\packages\\core\\terminal\\emulator_sidecar\\sidecar.mjs\uff1b\u6e05\u7406=converged\uff080.006s, pid=2428\uff09
pytest (3.14)	Run tests	2026-10-06T10:43:48.7920866Z 
pytest (3.14)	Run tests	2026-10-06T10:43:48.7921323Z packages\core\terminal\emulator.py:904: EmulatorStartupError
pytest (3.14)	Run tests	2026-10-06T10:43:48.7921904Z __________________ test_alternate_screen_matrix_and_recovery __________________
pytest (3.14)	Run tests	2026-10-06T10:43:48.7922377Z 
pytest (3.14)	Run tests	2026-10-06T10:43:48.7922608Z emu_factory = <function emu_factory.<locals>.make at 0x000001ECC3C23740>
pytest (3.14)	Run tests	2026-10-06T10:43:48.7922955Z 
pytest (3.14)	Run tests	2026-10-06T10:43:48.7923131Z     def test_alternate_screen_matrix_and_recovery(emu_factory):
pytest (3.14)	Run tests	2026-10-06T10:43:48.7923516Z         stream = (
pytest (3.14)	Run tests	2026-10-06T10:43:48.7923807Z             b"normal-before\r\n"
pytest (3.14)	Run tests	2026-10-06T10:43:48.7924189Z             b"\x1b[?1049h"
pytest (3.14)	Run tests	2026-10-06T10:43:48.7924480Z             b"\x1b[2J\x1b[H"
pytest (3.14)	Run tests	2026-10-06T10:43:48.7924814Z             b"ALT-SCREEN-CONTENT\r\n"
pytest (3.14)	Run tests	2026-10-06T10:43:48.7925279Z             b"second-line\x1b[?1049l"
pytest (3.14)	Run tests	2026-10-06T10:43:48.7925612Z             b"after-leave\r\n"
pytest (3.14)	Run tests	2026-10-06T10:43:48.7925963Z         )
pytest (3.14)	Run tests	2026-10-06T10:43:48.7928025Z >       ref_snap, got = _compare_after_protocol_a(emu_factory, stream, chunk=7)
pytest (3.14)	Run tests	2026-10-06T10:43:48.7929264Z                         ^^^^^^^^^^^^^^^^^^^^^^^^^^^^^^^^^^^^^^^^^^^^^^^^^^^^^^^
pytest (3.14)	Run tests	2026-10-06T10:43:48.7930237Z 
pytest (3.14)	Run tests	2026-10-06T10:43:48.7930523Z tests\test_terminal_emulator.py:219: 
pytest (3.14)	Run tests	2026-10-06T10:43:48.7931308Z _ _ _ _ _ _ _ _ _ _ _ _ _ _ _ _ _ _ _ _ _ _ _ _ _ _ _ _ _ _ _ _ _ _ _ _ _ _ _ _
pytest (3.14)	Run tests	2026-10-06T10:43:48.7932131Z tests\test_terminal_emulator.py:112: in _compare_after_protocol_a
pytest (3.14)	Run tests	2026-10-06T10:43:48.7932932Z     ref = emu_factory(cols=cols, rows=rows)
pytest (3.14)	Run tests	2026-10-06T10:43:48.7933465Z           ^^^^^^^^^^^^^^^^^^^^^^^^^^^^^^^^^
pytest (3.14)	Run tests	2026-10-06T10:43:48.7934080Z tests\test_terminal_emulator.py:87: in make
pytest (3.14)	Run tests	2026-10-06T10:43:48.7934689Z     emu = HeadlessEmulator(**kwargs)
pytest (3.14)	Run tests	2026-10-06T10:43:48.7935246Z           ^^^^^^^^^^^^^^^^^^^^^^^^^^
pytest (3.14)	Run tests	2026-10-06T10:43:48.7935876Z packages\core\terminal\emulator.py:747: in __init__
pytest (3.14)	Run tests	2026-10-06T10:43:48.7936585Z     self._spawn_and_handshake()
pytest (3.14)	Run tests	2026-10-06T10:43:48.7937239Z packages\core\terminal\emulator.py:838: in _spawn_and_handshake
pytest (3.14)	Run tests	2026-10-06T10:43:48.7938232Z     self._fail_startup(f"sidecar \u4e0d\u53ef\u7528\uff1a{self._startup_failure}")
pytest (3.14)	Run tests	2026-10-06T10:43:48.7939160Z _ _ _ _ _ _ _ _ _ _ _ _ _ _ _ _ _ _ _ _ _ _ _ _ _ _ _ _ _ _ _ _ _ _ _ _ _ _ _ _
pytest (3.14)	Run tests	2026-10-06T10:43:48.7939735Z 
pytest (3.14)	Run tests	2026-10-06T10:43:48.7940213Z self = <packages.core.terminal.emulator.HeadlessEmulator object at 0x000001ECC158B4D0>
pytest (3.14)	Run tests	2026-10-06T10:43:48.7944578Z reason = "sidecar \u4e0d\u53ef\u7528\uff1adependency-missing:Cannot find package '@xterm/headless' imported from D:\\\\a\\\\pan\\\\pan\\\\packages\\\\core\\\\terminal\\\\emulator_sidecar\\\\sidecar.mjs"
pytest (3.14)	Run tests	2026-10-06T10:43:48.7945432Z cause = None
pytest (3.14)	Run tests	2026-10-06T10:43:48.7945576Z 
pytest (3.14)	Run tests	2026-10-06T10:43:48.7945861Z     def _fail_startup(self, reason: str, *, cause: BaseException | None = None) -> NoReturn:
pytest (3.14)	Run tests	2026-10-06T10:43:48.7946854Z         """\u6784\u9020\u5931\u8d25\u7edf\u4e00\u51fa\u53e3\uff1a\u6709\u754c\u6574 Job \u6e05\u7406 + \u643a\u5e26 owner/\u6b8b\u7559\u4fe1\u606f\u7684\u5f02\u5e38\u3002
pytest (3.14)	Run tests	2026-10-06T10:43:48.7947545Z     
pytest (3.14)	Run tests	2026-10-06T10:43:48.7948097Z         \u6e05\u7406\u987a\u5e8f\u4e0e ``close`` \u4e00\u81f4\uff08\u5148\u6e05\u6811 \u2192 join \u7ebf\u7a0b \u2192 \u5173\u6d41 \u2192 guard.close\uff09\uff0c
pytest (3.14)	Run tests	2026-10-06T10:43:48.7949003Z         \u603b\u9884\u7b97\u4e3a ``shutdown_timeout``\uff1b\u5f02\u5e38\u643a\u5e26\u53ef\u91cd\u8bd5 ``owner``\uff08``retry_cleanup``\uff09
pytest (3.14)	Run tests	2026-10-06T10:43:48.7949827Z         \u4e0e ``residual``\uff08pid/\u8eab\u4efd/\u6e05\u7406\u6838\u9a8c/stderr \u6458\u8981\uff09\uff0c\u4e0d\u4ec5\u6587\u672c\u3002
pytest (3.14)	Run tests	2026-10-06T10:43:48.7950423Z         """
pytest (3.14)	Run tests	2026-10-06T10:43:48.7950705Z         detail: list[str] = []
pytest (3.14)	Run tests	2026-10-06T10:43:48.7951037Z         owner = StartupCleanupOwner(
pytest (3.14)	Run tests	2026-10-06T10:43:48.7951410Z             proc=self._proc,
pytest (3.14)	Run tests	2026-10-06T10:43:48.7951741Z             guard=self._guard,
pytest (3.14)	Run tests	2026-10-06T10:43:48.7952076Z             pid=self._sidecar_pid,
pytest (3.14)	Run tests	2026-10-06T10:43:48.7952418Z             identity=self._sidecar_identity,
pytest (3.14)	Run tests	2026-10-06T10:43:48.7952762Z             reader=self._reader_thread,
pytest (3.14)	Run tests	2026-10-06T10:43:48.7953170Z             stderr=self._stderr_thread,
pytest (3.14)	Run tests	2026-10-06T10:43:48.7953518Z             applier=self._applier_thread,
pytest (3.14)	Run tests	2026-10-06T10:43:48.7953995Z             kill_timeout=self._kill_timeout,
pytest (3.14)	Run tests	2026-10-06T10:43:48.7954337Z         )
pytest (3.14)	Run tests	2026-10-06T10:43:48.7954614Z         outcome = _reap_process_resources(
pytest (3.14)	Run tests	2026-10-06T10:43:48.7954998Z             proc=self._proc,
pytest (3.14)	Run tests	2026-10-06T10:43:48.7955324Z             guard=self._guard,
pytest (3.14)	Run tests	2026-10-06T10:43:48.7955646Z             pid=self._sidecar_pid,
pytest (3.14)	Run tests	2026-10-06T10:43:48.7956005Z             identity=self._sidecar_identity,
pytest (3.14)	Run tests	2026-10-06T10:43:48.7956414Z             reader=self._reader_thread,
pytest (3.14)	Run tests	2026-10-06T10:43:48.7956777Z             stderr=self._stderr_thread,
pytest (3.14)	Run tests	2026-10-06T10:43:48.7957764Z             applier=self._applier_thread,
pytest (3.14)	Run tests	2026-10-06T10:43:48.7958137Z             budget=self._shutdown_timeout,
pytest (3.14)	Run tests	2026-10-06T10:43:48.7958519Z             kill_timeout=self._kill_timeout,
pytest (3.14)	Run tests	2026-10-06T10:43:48.7958872Z             detail=detail,
pytest (3.14)	Run tests	2026-10-06T10:43:48.7959177Z         )
pytest (3.14)	Run tests	2026-10-06T10:43:48.7959448Z         residual = {
pytest (3.14)	Run tests	2026-10-06T10:43:48.7959728Z             "reason": reason,
pytest (3.14)	Run tests	2026-10-06T10:43:48.7960155Z             "pid": self._sidecar_pid,
pytest (3.14)	Run tests	2026-10-06T10:43:48.7960498Z             "identity_filetime": (
pytest (3.14)	Run tests	2026-10-06T10:43:48.7960885Z                 str(self._sidecar_identity.created_at_filetime)
pytest (3.14)	Run tests	2026-10-06T10:43:48.7961371Z                 if self._sidecar_identity is not None
pytest (3.14)	Run tests	2026-10-06T10:43:48.7961838Z                 else None
pytest (3.14)	Run tests	2026-10-06T10:43:48.7962516Z             ),
pytest (3.14)	Run tests	2026-10-06T10:43:48.7962836Z             "process_exited": outcome["root_dead"],
pytest (3.14)	Run tests	2026-10-06T10:43:48.7963246Z             "job_verified": outcome["job_verified"],
pytest (3.14)	Run tests	2026-10-06T10:43:48.7963654Z             "guard_closed": outcome["guard_closed"],
pytest (3.14)	Run tests	2026-10-06T10:43:48.7964062Z             "cleanup_closed": outcome["closed"],
pytest (3.14)	Run tests	2026-10-06T10:43:48.7964457Z             "cleanup_seconds": outcome["seconds"],
pytest (3.14)	Run tests	2026-10-06T10:43:48.7964894Z             "cleanup_detail": ", ".join(detail) if detail else "ok",
pytest (3.14)	Run tests	2026-10-06T10:43:48.7965317Z             "cleanup_errors": list(outcome["errors"]),
pytest (3.14)	Run tests	2026-10-06T10:43:48.7965744Z             "stderr_digest": self._stderr_digest(),
pytest (3.14)	Run tests	2026-10-06T10:43:48.7966079Z         }
pytest (3.14)	Run tests	2026-10-06T10:43:48.7966342Z         message = (
pytest (3.14)	Run tests	2026-10-06T10:43:48.7967034Z             f"{reason}\uff1b\u6e05\u7406={'converged' if outcome['closed'] else 'retained'}"
pytest (3.14)	Run tests	2026-10-06T10:43:48.7967762Z             f"\uff08{outcome['seconds']}s, pid={self._sidecar_pid}\uff09"
pytest (3.14)	Run tests	2026-10-06T10:43:48.7968179Z         )
pytest (3.14)	Run tests	2026-10-06T10:43:48.7968582Z >       raise EmulatorStartupError(message, owner=owner, residual=residual) from cause
pytest (3.14)	Run tests	2026-10-06T10:43:48.7969826Z E       packages.core.terminal.emulator.EmulatorStartupError: sidecar \u4e0d\u53ef\u7528\uff1adependency-missing:Cannot find package '@xterm/headless' imported from D:\\a\\pan\\pan\\packages\\core\\terminal\\emulator_sidecar\\sidecar.mjs\uff1b\u6e05\u7406=converged\uff080.006s, pid=5624\uff09
pytest (3.14)	Run tests	2026-10-06T10:43:48.7970835Z 
pytest (3.14)	Run tests	2026-10-06T10:43:48.7971018Z packages\core\terminal\emulator.py:904: EmulatorStartupError
pytest (3.14)	Run tests	2026-10-06T10:43:48.7971494Z _________________ test_split_utf8_1_4_rest_matches_continuous _________________
pytest (3.14)	Run tests	2026-10-06T10:43:48.7971840Z 
pytest (3.14)	Run tests	2026-10-06T10:43:48.7972079Z emu_factory = <function emu_factory.<locals>.make at 0x000001ECC3C02DA0>
pytest (3.14)	Run tests	2026-10-06T10:43:48.7972358Z 
pytest (3.14)	Run tests	2026-10-06T10:43:48.7972580Z     def test_split_utf8_1_4_rest_matches_continuous(emu_factory):
pytest (3.14)	Run tests	2026-10-06T10:43:48.7972999Z >       ref = emu_factory()
pytest (3.14)	Run tests	2026-10-06T10:43:48.7973305Z               ^^^^^^^^^^^^^
pytest (3.14)	Run tests	2026-10-06T10:43:48.7973510Z 
pytest (3.14)	Run tests	2026-10-06T10:43:48.7973662Z tests\test_terminal_emulator.py:225: 
pytest (3.14)	Run tests	2026-10-06T10:43:48.7974079Z _ _ _ _ _ _ _ _ _ _ _ _ _ _ _ _ _ _ _ _ _ _ _ _ _ _ _ _ _ _ _ _ _ _ _ _ _ _ _ _
pytest (3.14)	Run tests	2026-10-06T10:43:48.7974501Z tests\test_terminal_emulator.py:87: in make
pytest (3.14)	Run tests	2026-10-06T10:43:48.7974952Z     emu = HeadlessEmulator(**kwargs)
pytest (3.14)	Run tests	2026-10-06T10:43:48.7975286Z           ^^^^^^^^^^^^^^^^^^^^^^^^^^
pytest (3.14)	Run tests	2026-10-06T10:43:48.7975629Z packages\core\terminal\emulator.py:747: in __init__
pytest (3.14)	Run tests	2026-10-06T10:43:48.7976033Z     self._spawn_and_handshake()
pytest (3.14)	Run tests	2026-10-06T10:43:48.7976440Z packages\core\terminal\emulator.py:838: in _spawn_and_handshake
pytest (3.14)	Run tests	2026-10-06T10:43:48.7976985Z     self._fail_startup(f"sidecar \u4e0d\u53ef\u7528\uff1a{self._startup_failure}")
pytest (3.14)	Run tests	2026-10-06T10:43:48.7977498Z _ _ _ _ _ _ _ _ _ _ _ _ _ _ _ _ _ _ _ _ _ _ _ _ _ _ _ _ _ _ _ _ _ _ _ _ _ _ _ _
pytest (3.14)	Run tests	2026-10-06T10:43:48.7977780Z 
pytest (3.14)	Run tests	2026-10-06T10:43:48.7978034Z self = <packages.core.terminal.emulator.HeadlessEmulator object at 0x000001ECC158B380>
pytest (3.14)	Run tests	2026-10-06T10:43:48.7979002Z reason = "sidecar \u4e0d\u53ef\u7528\uff1adependency-missing:Cannot find package '@xterm/headless' imported from D:\\\\a\\\\pan\\\\pan\\\\packages\\\\core\\\\terminal\\\\emulator_sidecar\\\\sidecar.mjs"
pytest (3.14)	Run tests	2026-10-06T10:43:48.7979870Z cause = None
pytest (3.14)	Run tests	2026-10-06T10:43:48.7979999Z 
pytest (3.14)	Run tests	2026-10-06T10:43:48.7980279Z     def _fail_startup(self, reason: str, *, cause: BaseException | None = None) -> NoReturn:
pytest (3.14)	Run tests	2026-10-06T10:43:48.7981083Z         """\u6784\u9020\u5931\u8d25\u7edf\u4e00\u51fa\u53e3\uff1a\u6709\u754c\u6574 Job \u6e05\u7406 + \u643a\u5e26 owner/\u6b8b\u7559\u4fe1\u606f\u7684\u5f02\u5e38\u3002
pytest (3.14)	Run tests	2026-10-06T10:43:48.7981715Z     
pytest (3.14)	Run tests	2026-10-06T10:43:48.7982512Z         \u6e05\u7406\u987a\u5e8f\u4e0e ``close`` \u4e00\u81f4\uff08\u5148\u6e05\u6811 \u2192 join \u7ebf\u7a0b \u2192 \u5173\u6d41 \u2192 guard.close\uff09\uff0c
pytest (3.14)	Run tests	2026-10-06T10:43:48.7983447Z         \u603b\u9884\u7b97\u4e3a ``shutdown_timeout``\uff1b\u5f02\u5e38\u643a\u5e26\u53ef\u91cd\u8bd5 ``owner``\uff08``retry_cleanup``\uff09
pytest (3.14)	Run tests	2026-10-06T10:43:48.7984251Z         \u4e0e ``residual``\uff08pid/\u8eab\u4efd/\u6e05\u7406\u6838\u9a8c/stderr \u6458\u8981\uff09\uff0c\u4e0d\u4ec5\u6587\u672c\u3002
pytest (3.14)	Run tests	2026-10-06T10:43:48.7984996Z         """
pytest (3.14)	Run tests	2026-10-06T10:43:48.7985376Z         detail: list[str] = []
pytest (3.14)	Run tests	2026-10-06T10:43:48.7985780Z         owner = StartupCleanupOwner(
pytest (3.14)	Run tests	2026-10-06T10:43:48.7986124Z             proc=self._proc,
pytest (3.14)	Run tests	2026-10-06T10:43:48.7986429Z             guard=self._guard,
pytest (3.14)	Run tests	2026-10-06T10:43:48.7986921Z             pid=self._sidecar_pid,
pytest (3.14)	Run tests	2026-10-06T10:43:48.7987311Z             identity=self._sidecar_identity,
pytest (3.14)	Run tests	2026-10-06T10:43:48.7987751Z             reader=self._reader_thread,
pytest (3.14)	Run tests	2026-10-06T10:43:48.7988153Z             stderr=self._stderr_thread,
pytest (3.14)	Run tests	2026-10-06T10:43:48.7988515Z             applier=self._applier_thread,
pytest (3.14)	Run tests	2026-10-06T10:43:48.7989007Z             kill_timeout=self._kill_timeout,
pytest (3.14)	Run tests	2026-10-06T10:43:48.7989343Z         )
pytest (3.14)	Run tests	2026-10-06T10:43:48.7989621Z         outcome = _reap_process_resources(
pytest (3.14)	Run tests	2026-10-06T10:43:48.7989996Z             proc=self._proc,
pytest (3.14)	Run tests	2026-10-06T10:43:48.7990338Z             guard=self._guard,
pytest (3.14)	Run tests	2026-10-06T10:43:48.7990665Z             pid=self._sidecar_pid,
pytest (3.14)	Run tests	2026-10-06T10:43:48.7991005Z             identity=self._sidecar_identity,
pytest (3.14)	Run tests	2026-10-06T10:43:48.7991370Z             reader=self._reader_thread,
pytest (3.14)	Run tests	2026-10-06T10:43:48.7991718Z             stderr=self._stderr_thread,
pytest (3.14)	Run tests	2026-10-06T10:43:48.7992053Z             applier=self._applier_thread,
pytest (3.14)	Run tests	2026-10-06T10:43:48.7992418Z             budget=self._shutdown_timeout,
pytest (3.14)	Run tests	2026-10-06T10:43:48.7992768Z             kill_timeout=self._kill_timeout,
pytest (3.14)	Run tests	2026-10-06T10:43:48.7993093Z             detail=detail,
pytest (3.14)	Run tests	2026-10-06T10:43:48.7993458Z         )
pytest (3.14)	Run tests	2026-10-06T10:43:48.7993724Z         residual = {
pytest (3.14)	Run tests	2026-10-06T10:43:48.7994047Z             "reason": reason,
pytest (3.14)	Run tests	2026-10-06T10:43:48.7994373Z             "pid": self._sidecar_pid,
pytest (3.14)	Run tests	2026-10-06T10:43:48.7994692Z             "identity_filetime": (
pytest (3.14)	Run tests	2026-10-06T10:43:48.7995086Z                 str(self._sidecar_identity.created_at_filetime)
pytest (3.14)	Run tests	2026-10-06T10:43:48.7995500Z                 if self._sidecar_identity is not None
pytest (3.14)	Run tests	2026-10-06T10:43:48.7995847Z                 else None
pytest (3.14)	Run tests	2026-10-06T10:43:48.7996153Z             ),
pytest (3.14)	Run tests	2026-10-06T10:43:48.7996475Z             "process_exited": outcome["root_dead"],
pytest (3.14)	Run tests	2026-10-06T10:43:48.7996878Z             "job_verified": outcome["job_verified"],
pytest (3.14)	Run tests	2026-10-06T10:43:48.7997249Z             "guard_closed": outcome["guard_closed"],
pytest (3.14)	Run tests	2026-10-06T10:43:48.7997605Z             "cleanup_closed": outcome["closed"],
pytest (3.14)	Run tests	2026-10-06T10:43:48.7998000Z             "cleanup_seconds": outcome["seconds"],
pytest (3.14)	Run tests	2026-10-06T10:43:48.7998408Z             "cleanup_detail": ", ".join(detail) if detail else "ok",
pytest (3.14)	Run tests	2026-10-06T10:43:48.7998835Z             "cleanup_errors": list(outcome["errors"]),
pytest (3.14)	Run tests	2026-10-06T10:43:48.7999243Z             "stderr_digest": self._stderr_digest(),
pytest (3.14)	Run tests	2026-10-06T10:43:48.7999637Z         }
pytest (3.14)	Run tests	2026-10-06T10:43:48.7999908Z         message = (
pytest (3.14)	Run tests	2026-10-06T10:43:48.8000304Z             f"{reason}\uff1b\u6e05\u7406={'converged' if outcome['closed'] else 'retained'}"
pytest (3.14)	Run tests	2026-10-06T10:43:48.8000865Z             f"\uff08{outcome['seconds']}s, pid={self._sidecar_pid}\uff09"
pytest (3.14)	Run tests	2026-10-06T10:43:48.8001531Z         )
pytest (3.14)	Run tests	2026-10-06T10:43:48.8002109Z >       raise EmulatorStartupError(message, owner=owner, residual=residual) from cause
pytest (3.14)	Run tests	2026-10-06T10:43:48.8003590Z E       packages.core.terminal.emulator.EmulatorStartupError: sidecar \u4e0d\u53ef\u7528\uff1adependency-missing:Cannot find package '@xterm/headless' imported from D:\\a\\pan\\pan\\packages\\core\\terminal\\emulator_sidecar\\sidecar.mjs\uff1b\u6e05\u7406=converged\uff080.008s, pid=8440\uff09
pytest (3.14)	Run tests	2026-10-06T10:43:48.8004608Z 
pytest (3.14)	Run tests	2026-10-06T10:43:48.8004863Z packages\core\terminal\emulator.py:904: EmulatorStartupError
pytest (3.14)	Run tests	2026-10-06T10:43:48.8005451Z _______________ test_holdback_split_csi_and_protocol_a_recovery _______________
pytest (3.14)	Run tests	2026-10-06T10:43:48.8005772Z 
pytest (3.14)	Run tests	2026-10-06T10:43:48.8006032Z emu_factory = <function emu_factory.<locals>.make at 0x000001ECC3C02E50>
pytest (3.14)	Run tests	2026-10-06T10:43:48.8006383Z 
pytest (3.14)	Run tests	2026-10-06T10:43:48.8006555Z     def test_holdback_split_csi_and_protocol_a_recovery(emu_factory):
pytest (3.14)	Run tests	2026-10-06T10:43:48.8007122Z         p1 = b"AB\x1b[3"
pytest (3.14)	Run tests	2026-10-06T10:43:48.8007470Z         p2 = b"1mRED\x1b[0m"
pytest (3.14)	Run tests	2026-10-06T10:43:48.8007786Z >       ref = emu_factory()
pytest (3.14)	Run tests	2026-10-06T10:43:48.8008250Z               ^^^^^^^^^^^^^
pytest (3.14)	Run tests	2026-10-06T10:43:48.8008411Z 
pytest (3.14)	Run tests	2026-10-06T10:43:48.8008563Z tests\test_terminal_emulator.py:240: 
pytest (3.14)	Run tests	2026-10-06T10:43:48.8008965Z _ _ _ _ _ _ _ _ _ _ _ _ _ _ _ _ _ _ _ _ _ _ _ _ _ _ _ _ _ _ _ _ _ _ _ _ _ _ _ _
pytest (3.14)	Run tests	2026-10-06T10:43:48.8009367Z tests\test_terminal_emulator.py:87: in make
pytest (3.14)	Run tests	2026-10-06T10:43:48.8009715Z     emu = HeadlessEmulator(**kwargs)
pytest (3.14)	Run tests	2026-10-06T10:43:48.8010048Z           ^^^^^^^^^^^^^^^^^^^^^^^^^^
pytest (3.14)	Run tests	2026-10-06T10:43:48.8010398Z packages\core\terminal\emulator.py:747: in __init__
pytest (3.14)	Run tests	2026-10-06T10:43:48.8010901Z     self._spawn_and_handshake()
pytest (3.14)	Run tests	2026-10-06T10:43:48.8011333Z packages\core\terminal\emulator.py:838: in _spawn_and_handshake
pytest (3.14)	Run tests	2026-10-06T10:43:48.8011842Z     self._fail_startup(f"sidecar \u4e0d\u53ef\u7528\uff1a{self._startup_failure}")
pytest (3.14)	Run tests	2026-10-06T10:43:48.8012347Z _ _ _ _ _ _ _ _ _ _ _ _ _ _ _ _ _ _ _ _ _ _ _ _ _ _ _ _ _ _ _ _ _ _ _ _ _ _ _ _
pytest (3.14)	Run tests	2026-10-06T10:43:48.8012596Z 
pytest (3.14)	Run tests	2026-10-06T10:43:48.8012900Z self = <packages.core.terminal.emulator.HeadlessEmulator object at 0x000001ECC158B8C0>
pytest (3.14)	Run tests	2026-10-06T10:43:48.8013854Z reason = "sidecar \u4e0d\u53ef\u7528\uff1adependency-missing:Cannot find package '@xterm/headless' imported from D:\\\\a\\\\pan\\\\pan\\\\packages\\\\core\\\\terminal\\\\emulator_sidecar\\\\sidecar.mjs"
pytest (3.14)	Run tests	2026-10-06T10:43:48.8014612Z cause = None
pytest (3.14)	Run tests	2026-10-06T10:43:48.8014789Z 
pytest (3.14)	Run tests	2026-10-06T10:43:48.8015059Z     def _fail_startup(self, reason: str, *, cause: BaseException | None = None) -> NoReturn:
pytest (3.14)	Run tests	2026-10-06T10:43:48.8015847Z         """\u6784\u9020\u5931\u8d25\u7edf\u4e00\u51fa\u53e3\uff1a\u6709\u754c\u6574 Job \u6e05\u7406 + \u643a\u5e26 owner/\u6b8b\u7559\u4fe1\u606f\u7684\u5f02\u5e38\u3002
pytest (3.14)	Run tests	2026-10-06T10:43:48.8016472Z     
pytest (3.14)	Run tests	2026-10-06T10:43:48.8017030Z         \u6e05\u7406\u987a\u5e8f\u4e0e ``close`` \u4e00\u81f4\uff08\u5148\u6e05\u6811 \u2192 join \u7ebf\u7a0b \u2192 \u5173\u6d41 \u2192 guard.close\uff09\uff0c
pytest (3.14)	Run tests	2026-10-06T10:43:48.8017902Z         \u603b\u9884\u7b97\u4e3a ``shutdown_timeout``\uff1b\u5f02\u5e38\u643a\u5e26\u53ef\u91cd\u8bd5 ``owner``\uff08``retry_cleanup``\uff09
pytest (3.14)	Run tests	2026-10-06T10:43:48.8018701Z         \u4e0e ``residual``\uff08pid/\u8eab\u4efd/\u6e05\u7406\u6838\u9a8c/stderr \u6458\u8981\uff09\uff0c\u4e0d\u4ec5\u6587\u672c\u3002
pytest (3.14)	Run tests	2026-10-06T10:43:48.8019455Z         """
pytest (3.14)	Run tests	2026-10-06T10:43:48.8019709Z         detail: list[str] = []
pytest (3.14)	Run tests	2026-10-06T10:43:48.8020054Z         owner = StartupCleanupOwner(
pytest (3.14)	Run tests	2026-10-06T10:43:48.8020387Z             proc=self._proc,
pytest (3.14)	Run tests	2026-10-06T10:43:48.8020697Z             guard=self._guard,
pytest (3.14)	Run tests	2026-10-06T10:43:48.8021137Z             pid=self._sidecar_pid,
pytest (3.14)	Run tests	2026-10-06T10:43:48.8021549Z             identity=self._sidecar_identity,
pytest (3.14)	Run tests	2026-10-06T10:43:48.8021904Z             reader=self._reader_thread,
pytest (3.14)	Run tests	2026-10-06T10:43:48.8022239Z             stderr=self._stderr_thread,
pytest (3.14)	Run tests	2026-10-06T10:43:48.8022849Z             applier=self._applier_thread,
pytest (3.14)	Run tests	2026-10-06T10:43:48.8023372Z             kill_timeout=self._kill_timeout,
pytest (3.14)	Run tests	2026-10-06T10:43:48.8023757Z         )
pytest (3.14)	Run tests	2026-10-06T10:43:48.8024054Z         outcome = _reap_process_resources(
pytest (3.14)	Run tests	2026-10-06T10:43:48.8024501Z             proc=self._proc,
pytest (3.14)	Run tests	2026-10-06T10:43:48.8025002Z             guard=self._guard,
pytest (3.14)	Run tests	2026-10-06T10:43:48.8025345Z             pid=self._sidecar_pid,
pytest (3.14)	Run tests	2026-10-06T10:43:48.8025707Z             identity=self._sidecar_identity,
pytest (3.14)	Run tests	2026-10-06T10:43:48.8026076Z             reader=self._reader_thread,
pytest (3.14)	Run tests	2026-10-06T10:43:48.8026485Z             stderr=self._stderr_thread,
pytest (3.14)	Run tests	2026-10-06T10:43:48.8026813Z             applier=self._applier_thread,
pytest (3.14)	Run tests	2026-10-06T10:43:48.8027199Z             budget=self._shutdown_timeout,
pytest (3.14)	Run tests	2026-10-06T10:43:48.8027551Z             kill_timeout=self._kill_timeout,
pytest (3.14)	Run tests	2026-10-06T10:43:48.8027879Z             detail=detail,
pytest (3.14)	Run tests	2026-10-06T10:43:48.8028190Z         )
pytest (3.14)	Run tests	2026-10-06T10:43:48.8028447Z         residual = {
pytest (3.14)	Run tests	2026-10-06T10:43:48.8028744Z             "reason": reason,
pytest (3.14)	Run tests	2026-10-06T10:43:48.8029074Z             "pid": self._sidecar_pid,
pytest (3.14)	Run tests	2026-10-06T10:43:48.8029528Z             "identity_filetime": (
pytest (3.14)	Run tests	2026-10-06T10:43:48.8029915Z                 str(self._sidecar_identity.created_at_filetime)
pytest (3.14)	Run tests	2026-10-06T10:43:48.8030340Z                 if self._sidecar_identity is not None
pytest (3.14)	Run tests	2026-10-06T10:43:48.8030714Z                 else None
pytest (3.14)	Run tests	2026-10-06T10:43:48.8031014Z             ),
pytest (3.14)	Run tests	2026-10-06T10:43:48.8031300Z             "process_exited": outcome["root_dead"],
pytest (3.14)	Run tests	2026-10-06T10:43:48.8031893Z             "job_verified": outcome["job_verified"],
pytest (3.14)	Run tests	2026-10-06T10:43:48.8032292Z             "guard_closed": outcome["guard_closed"],
pytest (3.14)	Run tests	2026-10-06T10:43:48.8032757Z             "cleanup_closed": outcome["closed"],
pytest (3.14)	Run tests	2026-10-06T10:43:48.8033185Z             "cleanup_seconds": outcome["seconds"],
pytest (3.14)	Run tests	2026-10-06T10:43:48.8033586Z             "cleanup_detail": ", ".join(detail) if detail else "ok",
pytest (3.14)	Run tests	2026-10-06T10:43:48.8034035Z             "cleanup_errors": list(outcome["errors"]),
pytest (3.14)	Run tests	2026-10-06T10:43:48.8034422Z             "stderr_digest": self._stderr_digest(),
pytest (3.14)	Run tests	2026-10-06T10:43:48.8034759Z         }
pytest (3.14)	Run tests	2026-10-06T10:43:48.8035051Z         message = (
pytest (3.14)	Run tests	2026-10-06T10:43:48.8035451Z             f"{reason}\uff1b\u6e05\u7406={'converged' if outcome['closed'] else 'retained'}"
pytest (3.14)	Run tests	2026-10-06T10:43:48.8035988Z             f"\uff08{outcome['seconds']}s, pid={self._sidecar_pid}\uff09"
pytest (3.14)	Run tests	2026-10-06T10:43:48.8036468Z         )
pytest (3.14)	Run tests	2026-10-06T10:43:48.8036847Z >       raise EmulatorStartupError(message, owner=owner, residual=residual) from cause
pytest (3.14)	Run tests	2026-10-06T10:43:48.8038077Z E       packages.core.terminal.emulator.EmulatorStartupError: sidecar \u4e0d\u53ef\u7528\uff1adependency-missing:Cannot find package '@xterm/headless' imported from D:\\a\\pan\\pan\\packages\\core\\terminal\\emulator_sidecar\\sidecar.mjs\uff1b\u6e05\u7406=converged\uff080.006s, pid=8772\uff09
pytest (3.14)	Run tests	2026-10-06T10:43:48.8039063Z 
pytest (3.14)	Run tests	2026-10-06T10:43:48.8039245Z packages\core\terminal\emulator.py:904: EmulatorStartupError
pytest (3.14)	Run tests	2026-10-06T10:43:48.8039741Z ____________ test_holdback_split_osc_degrades_partial_and_recovers ____________
pytest (3.14)	Run tests	2026-10-06T10:43:48.8040080Z 
pytest (3.14)	Run tests	2026-10-06T10:43:48.8040275Z emu_factory = <function emu_factory.<locals>.make at 0x000001ECC3C01220>
pytest (3.14)	Run tests	2026-10-06T10:43:48.8040595Z 
pytest (3.14)	Run tests	2026-10-06T10:43:48.8040836Z     def test_holdback_split_osc_degrades_partial_and_recovers(emu_factory):
pytest (3.14)	Run tests	2026-10-06T10:43:48.8041288Z         p1 = b"X\x1b]0;title"
pytest (3.14)	Run tests	2026-10-06T10:43:48.8041603Z         p2 = b"-done\x07Y"
pytest (3.14)	Run tests	2026-10-06T10:43:48.8041911Z >       ref = emu_factory()
pytest (3.14)	Run tests	2026-10-06T10:43:48.8042207Z               ^^^^^^^^^^^^^
pytest (3.14)	Run tests	2026-10-06T10:43:48.8042404Z 
pytest (3.14)	Run tests	2026-10-06T10:43:48.8042514Z tests\test_terminal_emulator.py:259: 
pytest (3.14)	Run tests	2026-10-06T10:43:48.8043133Z _ _ _ _ _ _ _ _ _ _ _ _ _ _ _ _ _ _ _ _ _ _ _ _ _ _ _ _ _ _ _ _ _ _ _ _ _ _ _ _
pytest (3.14)	Run tests	2026-10-06T10:43:48.8043601Z tests\test_terminal_emulator.py:87: in make
pytest (3.14)	Run tests	2026-10-06T10:43:48.8043973Z     emu = HeadlessEmulator(**kwargs)
pytest (3.14)	Run tests	2026-10-06T10:43:48.8044312Z           ^^^^^^^^^^^^^^^^^^^^^^^^^^
pytest (3.14)	Run tests	2026-10-06T10:43:48.8044802Z packages\core\terminal\emulator.py:747: in __init__
pytest (3.14)	Run tests	2026-10-06T10:43:48.8045436Z     self._spawn_and_handshake()
pytest (3.14)	Run tests	2026-10-06T10:43:48.8045938Z packages\core\terminal\emulator.py:838: in _spawn_and_handshake
pytest (3.14)	Run tests	2026-10-06T10:43:48.8046496Z     self._fail_startup(f"sidecar \u4e0d\u53ef\u7528\uff1a{self._startup_failure}")
pytest (3.14)	Run tests	2026-10-06T10:43:48.8046999Z _ _ _ _ _ _ _ _ _ _ _ _ _ _ _ _ _ _ _ _ _ _ _ _ _ _ _ _ _ _ _ _ _ _ _ _ _ _ _ _
pytest (3.14)	Run tests	2026-10-06T10:43:48.8047278Z 
pytest (3.14)	Run tests	2026-10-06T10:43:48.8047566Z self = <packages.core.terminal.emulator.HeadlessEmulator object at 0x000001ECC3C18440>
pytest (3.14)	Run tests	2026-10-06T10:43:48.8048526Z reason = "sidecar \u4e0d\u53ef\u7528\uff1adependency-missing:Cannot find package '@xterm/headless' imported from D:\\\\a\\\\pan\\\\pan\\\\packages\\\\core\\\\terminal\\\\emulator_sidecar\\\\sidecar.mjs"
pytest (3.14)	Run tests	2026-10-06T10:43:48.8049305Z cause = None
pytest (3.14)	Run tests	2026-10-06T10:43:48.8049433Z 
pytest (3.14)	Run tests	2026-10-06T10:43:48.8049708Z     def _fail_startup(self, reason: str, *, cause: BaseException | None = None) -> NoReturn:
pytest (3.14)	Run tests	2026-10-06T10:43:48.8050496Z         """\u6784\u9020\u5931\u8d25\u7edf\u4e00\u51fa\u53e3\uff1a\u6709\u754c\u6574 Job \u6e05\u7406 + \u643a\u5e26 owner/\u6b8b\u7559\u4fe1\u606f\u7684\u5f02\u5e38\u3002
pytest (3.14)	Run tests	2026-10-06T10:43:48.8051109Z     
pytest (3.14)	Run tests	2026-10-06T10:43:48.8051698Z         \u6e05\u7406\u987a\u5e8f\u4e0e ``close`` \u4e00\u81f4\uff08\u5148\u6e05\u6811 \u2192 join \u7ebf\u7a0b \u2192 \u5173\u6d41 \u2192 guard.close\uff09\uff0c
pytest (3.14)	Run tests	2026-10-06T10:43:48.8052586Z         \u603b\u9884\u7b97\u4e3a ``shutdown_timeout``\uff1b\u5f02\u5e38\u643a\u5e26\u53ef\u91cd\u8bd5 ``owner``\uff08``retry_cleanup``\uff09
pytest (3.14)	Run tests	2026-10-06T10:43:48.8053378Z         \u4e0e ``residual``\uff08pid/\u8eab\u4efd/\u6e05\u7406\u6838\u9a8c/stderr \u6458\u8981\uff09\uff0c\u4e0d\u4ec5\u6587\u672c\u3002
pytest (3.14)	Run tests	2026-10-06T10:43:48.8054042Z         """
pytest (3.14)	Run tests	2026-10-06T10:43:48.8054342Z         detail: list[str] = []
pytest (3.14)	Run tests	2026-10-06T10:43:48.8054666Z         owner = StartupCleanupOwner(
pytest (3.14)	Run tests	2026-10-06T10:43:48.8055104Z             proc=self._proc,
pytest (3.14)	Run tests	2026-10-06T10:43:48.8055455Z             guard=self._guard,
pytest (3.14)	Run tests	2026-10-06T10:43:48.8055797Z             pid=self._sidecar_pid,
pytest (3.14)	Run tests	2026-10-06T10:43:48.8056133Z             identity=self._sidecar_identity,
pytest (3.14)	Run tests	2026-10-06T10:43:48.8056486Z             reader=self._reader_thread,
pytest (3.14)	Run tests	2026-10-06T10:43:48.8056821Z             stderr=self._stderr_thread,
pytest (3.14)	Run tests	2026-10-06T10:43:48.8057146Z             applier=self._applier_thread,
pytest (3.14)	Run tests	2026-10-06T10:43:48.8057546Z             kill_timeout=self._kill_timeout,
pytest (3.14)	Run tests	2026-10-06T10:43:48.8057867Z         )
pytest (3.14)	Run tests	2026-10-06T10:43:48.8058135Z         outcome = _reap_process_resources(
pytest (3.14)	Run tests	2026-10-06T10:43:48.8058540Z             proc=self._proc,
pytest (3.14)	Run tests	2026-10-06T10:43:48.8058858Z             guard=self._guard,
pytest (3.14)	Run tests	2026-10-06T10:43:48.8059223Z             pid=self._sidecar_pid,
pytest (3.14)	Run tests	2026-10-06T10:43:48.8059562Z             identity=self._sidecar_identity,
pytest (3.14)	Run tests	2026-10-06T10:43:48.8059897Z             reader=self._reader_thread,
pytest (3.14)	Run tests	2026-10-06T10:43:48.8060242Z             stderr=self._stderr_thread,
pytest (3.14)	Run tests	2026-10-06T10:43:48.8060577Z             applier=self._applier_thread,
pytest (3.14)	Run tests	2026-10-06T10:43:48.8060920Z             budget=self._shutdown_timeout,
pytest (3.14)	Run tests	2026-10-06T10:43:48.8061262Z             kill_timeout=self._kill_timeout,
pytest (3.14)	Run tests	2026-10-06T10:43:48.8061642Z             detail=detail,
pytest (3.14)	Run tests	2026-10-06T10:43:48.8061941Z         )
pytest (3.14)	Run tests	2026-10-06T10:43:48.8062284Z         residual = {
pytest (3.14)	Run tests	2026-10-06T10:43:48.8062627Z             "reason": reason,
pytest (3.14)	Run tests	2026-10-06T10:43:48.8063199Z             "pid": self._sidecar_pid,
pytest (3.14)	Run tests	2026-10-06T10:43:48.8063543Z             "identity_filetime": (
pytest (3.14)	Run tests	2026-10-06T10:43:48.8063949Z                 str(self._sidecar_identity.created_at_filetime)
pytest (3.14)	Run tests	2026-10-06T10:43:48.8064383Z                 if self._sidecar_identity is not None
pytest (3.14)	Run tests	2026-10-06T10:43:48.8064764Z                 else None
pytest (3.14)	Run tests	2026-10-06T10:43:48.8065235Z             ),
pytest (3.14)	Run tests	2026-10-06T10:43:48.8065528Z             "process_exited": outcome["root_dead"],
pytest (3.14)	Run tests	2026-10-06T10:43:48.8065974Z             "job_verified": outcome["job_verified"],
pytest (3.14)	Run tests	2026-10-06T10:43:48.8066359Z             "guard_closed": outcome["guard_closed"],
pytest (3.14)	Run tests	2026-10-06T10:43:48.8066849Z             "cleanup_closed": outcome["closed"],
pytest (3.14)	Run tests	2026-10-06T10:43:48.8067247Z             "cleanup_seconds": outcome["seconds"],
pytest (3.14)	Run tests	2026-10-06T10:43:48.8067673Z             "cleanup_detail": ", ".join(detail) if detail else "ok",
pytest (3.14)	Run tests	2026-10-06T10:43:48.8068113Z             "cleanup_errors": list(outcome["errors"]),
pytest (3.14)	Run tests	2026-10-06T10:43:48.8068527Z             "stderr_digest": self._stderr_digest(),
pytest (3.14)	Run tests	2026-10-06T10:43:48.8068980Z         }
pytest (3.14)	Run tests	2026-10-06T10:43:48.8069309Z         message = (
pytest (3.14)	Run tests	2026-10-06T10:43:48.8069795Z             f"{reason}\uff1b\u6e05\u7406={'converged' if outcome['closed'] else 'retained'}"
pytest (3.14)	Run tests	2026-10-06T10:43:48.8070337Z             f"\uff08{outcome['seconds']}s, pid={self._sidecar_pid}\uff09"
pytest (3.14)	Run tests	2026-10-06T10:43:48.8070768Z         )
pytest (3.14)	Run tests	2026-10-06T10:43:48.8071141Z >       raise EmulatorStartupError(message, owner=owner, residual=residual) from cause
pytest (3.14)	Run tests	2026-10-06T10:43:48.8072389Z E       packages.core.terminal.emulator.EmulatorStartupError: sidecar \u4e0d\u53ef\u7528\uff1adependency-missing:Cannot find package '@xterm/headless' imported from D:\\a\\pan\\pan\\packages\\core\\terminal\\emulator_sidecar\\sidecar.mjs\uff1b\u6e05\u7406=converged\uff080.006s, pid=2636\uff09
pytest (3.14)	Run tests	2026-10-06T10:43:48.8073428Z 
pytest (3.14)	Run tests	2026-10-06T10:43:48.8073652Z packages\core\terminal\emulator.py:904: EmulatorStartupError
pytest (3.14)	Run tests	2026-10-06T10:43:48.8074154Z _________________ test_snapshot_cursor_excludes_pending_tail __________________
pytest (3.14)	Run tests	2026-10-06T10:43:48.8074450Z 
pytest (3.14)	Run tests	2026-10-06T10:43:48.8074697Z emu_factory = <function emu_factory.<locals>.make at 0x000001ECC3C009E0>
pytest (3.14)	Run tests	2026-10-06T10:43:48.8075025Z 
pytest (3.14)	Run tests	2026-10-06T10:43:48.8075192Z     def test_snapshot_cursor_excludes_pending_tail(emu_factory):
pytest (3.14)	Run tests	2026-10-06T10:43:48.8075713Z >       emu = emu_factory()
pytest (3.14)	Run tests	2026-10-06T10:43:48.8076022Z               ^^^^^^^^^^^^^
pytest (3.14)	Run tests	2026-10-06T10:43:48.8076206Z 
pytest (3.14)	Run tests	2026-10-06T10:43:48.8076390Z tests\test_terminal_emulator.py:276: 
pytest (3.14)	Run tests	2026-10-06T10:43:48.8076772Z _ _ _ _ _ _ _ _ _ _ _ _ _ _ _ _ _ _ _ _ _ _ _ _ _ _ _ _ _ _ _ _ _ _ _ _ _ _ _ _
pytest (3.14)	Run tests	2026-10-06T10:43:48.8077164Z tests\test_terminal_emulator.py:87: in make
pytest (3.14)	Run tests	2026-10-06T10:43:48.8077544Z     emu = HeadlessEmulator(**kwargs)
pytest (3.14)	Run tests	2026-10-06T10:43:48.8077869Z           ^^^^^^^^^^^^^^^^^^^^^^^^^^
pytest (3.14)	Run tests	2026-10-06T10:43:48.8078215Z packages\core\terminal\emulator.py:747: in __init__
pytest (3.14)	Run tests	2026-10-06T10:43:48.8078636Z     self._spawn_and_handshake()
pytest (3.14)	Run tests	2026-10-06T10:43:48.8079052Z packages\core\terminal\emulator.py:838: in _spawn_and_handshake
pytest (3.14)	Run tests	2026-10-06T10:43:48.8079606Z     self._fail_startup(f"sidecar \u4e0d\u53ef\u7528\uff1a{self._startup_failure}")
pytest (3.14)	Run tests	2026-10-06T10:43:48.8080096Z _ _ _ _ _ _ _ _ _ _ _ _ _ _ _ _ _ _ _ _ _ _ _ _ _ _ _ _ _ _ _ _ _ _ _ _ _ _ _ _
pytest (3.14)	Run tests	2026-10-06T10:43:48.8080598Z 
pytest (3.14)	Run tests	2026-10-06T10:43:48.8080898Z self = <packages.core.terminal.emulator.HeadlessEmulator object at 0x000001ECC158B8C0>
pytest (3.14)	Run tests	2026-10-06T10:43:48.8081846Z reason = "sidecar \u4e0d\u53ef\u7528\uff1adependency-missing:Cannot find package '@xterm/headless' imported from D:\\\\a\\\\pan\\\\pan\\\\packages\\\\core\\\\terminal\\\\emulator_sidecar\\\\sidecar.mjs"
pytest (3.14)	Run tests	2026-10-06T10:43:48.8082728Z cause = None
pytest (3.14)	Run tests	2026-10-06T10:43:48.8082964Z 
pytest (3.14)	Run tests	2026-10-06T10:43:48.8083255Z     def _fail_startup(self, reason: str, *, cause: BaseException | None = None) -> NoReturn:
pytest (3.14)	Run tests	2026-10-06T10:43:48.8084122Z         """\u6784\u9020\u5931\u8d25\u7edf\u4e00\u51fa\u53e3\uff1a\u6709\u754c\u6574 Job \u6e05\u7406 + \u643a\u5e26 owner/\u6b8b\u7559\u4fe1\u606f\u7684\u5f02\u5e38\u3002
pytest (3.14)	Run tests	2026-10-06T10:43:48.8084726Z     
pytest (3.14)	Run tests	2026-10-06T10:43:48.8085281Z         \u6e05\u7406\u987a\u5e8f\u4e0e ``close`` \u4e00\u81f4\uff08\u5148\u6e05\u6811 \u2192 join \u7ebf\u7a0b \u2192 \u5173\u6d41 \u2192 guard.close\uff09\uff0c
pytest (3.14)	Run tests	2026-10-06T10:43:48.8086368Z         \u603b\u9884\u7b97\u4e3a ``shutdown_timeout``\uff1b\u5f02\u5e38\u643a\u5e26\u53ef\u91cd\u8bd5 ``owner``\uff08``retry_cleanup``\uff09
pytest (3.14)	Run tests	2026-10-06T10:43:48.8087225Z         \u4e0e ``residual``\uff08pid/\u8eab\u4efd/\u6e05\u7406\u6838\u9a8c/stderr \u6458\u8981\uff09\uff0c\u4e0d\u4ec5\u6587\u672c\u3002
pytest (3.14)	Run tests	2026-10-06T10:43:48.8087773Z         """
pytest (3.14)	Run tests	2026-10-06T10:43:48.8088147Z         detail: list[str] = []
pytest (3.14)	Run tests	2026-10-06T10:43:48.8088540Z         owner = StartupCleanupOwner(
pytest (3.14)	Run tests	2026-10-06T10:43:48.8088879Z             proc=self._proc,
pytest (3.14)	Run tests	2026-10-06T10:43:48.8089199Z             guard=self._guard,
pytest (3.14)	Run tests	2026-10-06T10:43:48.8089518Z             pid=self._sidecar_pid,
pytest (3.14)	Run tests	2026-10-06T10:43:48.8089844Z             identity=self._sidecar_identity,
pytest (3.14)	Run tests	2026-10-06T10:43:48.8090221Z             reader=self._reader_thread,
pytest (3.14)	Run tests	2026-10-06T10:43:48.8090555Z             stderr=self._stderr_thread,
pytest (3.14)	Run tests	2026-10-06T10:43:48.8090876Z             applier=self._applier_thread,
pytest (3.14)	Run tests	2026-10-06T10:43:48.8091371Z             kill_timeout=self._kill_timeout,
pytest (3.14)	Run tests	2026-10-06T10:43:48.8091788Z         )
pytest (3.14)	Run tests	2026-10-06T10:43:48.8092086Z         outcome = _reap_process_resources(
pytest (3.14)	Run tests	2026-10-06T10:43:48.8092418Z             proc=self._proc,
pytest (3.14)	Run tests	2026-10-06T10:43:48.8092717Z             guard=self._guard,
pytest (3.14)	Run tests	2026-10-06T10:43:48.8093043Z             pid=self._sidecar_pid,
pytest (3.14)	Run tests	2026-10-06T10:43:48.8093375Z             identity=self._sidecar_identity,
pytest (3.14)	Run tests	2026-10-06T10:43:48.8093724Z             reader=self._reader_thread,
pytest (3.14)	Run tests	2026-10-06T10:43:48.8094050Z             stderr=self._stderr_thread,
pytest (3.14)	Run tests	2026-10-06T10:43:48.8094369Z             applier=self._applier_thread,
pytest (3.14)	Run tests	2026-10-06T10:43:48.8094776Z             budget=self._shutdown_timeout,
pytest (3.14)	Run tests	2026-10-06T10:43:48.8095118Z             kill_timeout=self._kill_timeout,
pytest (3.14)	Run tests	2026-10-06T10:43:48.8095456Z             detail=detail,
pytest (3.14)	Run tests	2026-10-06T10:43:48.8095749Z         )
pytest (3.14)	Run tests	2026-10-06T10:43:48.8096013Z         residual = {
pytest (3.14)	Run tests	2026-10-06T10:43:48.8096328Z             "reason": reason,
pytest (3.14)	Run tests	2026-10-06T10:43:48.8096649Z             "pid": self._sidecar_pid,
pytest (3.14)	Run tests	2026-10-06T10:43:48.8097048Z             "identity_filetime": (
pytest (3.14)	Run tests	2026-10-06T10:43:48.8097431Z                 str(self._sidecar_identity.created_at_filetime)
pytest (3.14)	Run tests	2026-10-06T10:43:48.8097897Z                 if self._sidecar_identity is not None
pytest (3.14)	Run tests	2026-10-06T10:43:48.8098271Z                 else None
pytest (3.14)	Run tests	2026-10-06T10:43:48.8098560Z             ),
pytest (3.14)	Run tests	2026-10-06T10:43:48.8098852Z             "process_exited": outcome["root_dead"],
pytest (3.14)	Run tests	2026-10-06T10:43:48.8099272Z             "job_verified": outcome["job_verified"],
pytest (3.14)	Run tests	2026-10-06T10:43:48.8099648Z             "guard_closed": outcome["guard_closed"],
pytest (3.14)	Run tests	2026-10-06T10:43:48.8100025Z             "cleanup_closed": outcome["closed"],
pytest (3.14)	Run tests	2026-10-06T10:43:48.8100681Z             "cleanup_seconds": outcome["seconds"],
pytest (3.14)	Run tests	2026-10-06T10:43:48.8101330Z             "cleanup_detail": ", ".join(detail) if detail else "ok",
pytest (3.14)	Run tests	2026-10-06T10:43:48.8102032Z             "cleanup_errors": list(outcome["errors"]),
pytest (3.14)	Run tests	2026-10-06T10:43:48.8102421Z             "stderr_digest": self._stderr_digest(),
pytest (3.14)	Run tests	2026-10-06T10:43:48.8102896Z         }
pytest (3.14)	Run tests	2026-10-06T10:43:48.8103174Z         message = (
pytest (3.14)	Run tests	2026-10-06T10:43:48.8103563Z             f"{reason}\uff1b\u6e05\u7406={'converged' if outcome['closed'] else 'retained'}"
pytest (3.14)	Run tests	2026-10-06T10:43:48.8104104Z             f"\uff08{outcome['seconds']}s, pid={self._sidecar_pid}\uff09"
pytest (3.14)	Run tests	2026-10-06T10:43:48.8104505Z         )
pytest (3.14)	Run tests	2026-10-06T10:43:48.8104998Z >       raise EmulatorStartupError(message, owner=owner, residual=residual) from cause
pytest (3.14)	Run tests	2026-10-06T10:43:48.8106270Z E       packages.core.terminal.emulator.EmulatorStartupError: sidecar \u4e0d\u53ef\u7528\uff1adependency-missing:Cannot find package '@xterm/headless' imported from D:\\a\\pan\\pan\\packages\\core\\terminal\\emulator_sidecar\\sidecar.mjs\uff1b\u6e05\u7406=converged\uff080.006s, pid=6996\uff09
pytest (3.14)	Run tests	2026-10-06T10:43:48.8107217Z 
pytest (3.14)	Run tests	2026-10-06T10:43:48.8107432Z packages\core\terminal\emulator.py:904: EmulatorStartupError
pytest (3.14)	Run tests	2026-10-06T10:43:48.8107960Z ________________ test_resize_queue_ordering_matches_reference _________________
pytest (3.14)	Run tests	2026-10-06T10:43:48.8108284Z 
pytest (3.14)	Run tests	2026-10-06T10:43:48.8108483Z emu_factory = <function emu_factory.<locals>.make at 0x000001ECC40037F0>
pytest (3.14)	Run tests	2026-10-06T10:43:48.8108784Z 
pytest (3.14)	Run tests	2026-10-06T10:43:48.8108968Z     def test_resize_queue_ordering_matches_reference(emu_factory):
pytest (3.14)	Run tests	2026-10-06T10:43:48.8109444Z >       ref = emu_factory(cols=80, rows=24)
pytest (3.14)	Run tests	2026-10-06T10:43:48.8109766Z               ^^^^^^^^^^^^^^^^^^^^^^^^^^^^^
pytest (3.14)	Run tests	2026-10-06T10:43:48.8110093Z 
pytest (3.14)	Run tests	2026-10-06T10:43:48.8110275Z tests\test_terminal_emulator.py:287: 
pytest (3.14)	Run tests	2026-10-06T10:43:48.8110660Z _ _ _ _ _ _ _ _ _ _ _ _ _ _ _ _ _ _ _ _ _ _ _ _ _ _ _ _ _ _ _ _ _ _ _ _ _ _ _ _
pytest (3.14)	Run tests	2026-10-06T10:43:48.8111050Z tests\test_terminal_emulator.py:87: in make
pytest (3.14)	Run tests	2026-10-06T10:43:48.8111450Z     emu = HeadlessEmulator(**kwargs)
pytest (3.14)	Run tests	2026-10-06T10:43:48.8111810Z           ^^^^^^^^^^^^^^^^^^^^^^^^^^
pytest (3.14)	Run tests	2026-10-06T10:43:48.8112181Z packages\core\terminal\emulator.py:747: in __init__
pytest (3.14)	Run tests	2026-10-06T10:43:48.8112599Z     self._spawn_and_handshake()
pytest (3.14)	Run tests	2026-10-06T10:43:48.8112980Z packages\core\terminal\emulator.py:838: in _spawn_and_handshake
pytest (3.14)	Run tests	2026-10-06T10:43:48.8113539Z     self._fail_startup(f"sidecar \u4e0d\u53ef\u7528\uff1a{self._startup_failure}")
pytest (3.14)	Run tests	2026-10-06T10:43:48.8114038Z _ _ _ _ _ _ _ _ _ _ _ _ _ _ _ _ _ _ _ _ _ _ _ _ _ _ _ _ _ _ _ _ _ _ _ _ _ _ _ _
pytest (3.14)	Run tests	2026-10-06T10:43:48.8114310Z 
pytest (3.14)	Run tests	2026-10-06T10:43:48.8114588Z self = <packages.core.terminal.emulator.HeadlessEmulator object at 0x000001ECC158AF90>
pytest (3.14)	Run tests	2026-10-06T10:43:48.8115613Z reason = "sidecar \u4e0d\u53ef\u7528\uff1adependency-missing:Cannot find package '@xterm/headless' imported from D:\\\\a\\\\pan\\\\pan\\\\packages\\\\core\\\\terminal\\\\emulator_sidecar\\\\sidecar.mjs"
pytest (3.14)	Run tests	2026-10-06T10:43:48.8116476Z cause = None
pytest (3.14)	Run tests	2026-10-06T10:43:48.8116620Z 
pytest (3.14)	Run tests	2026-10-06T10:43:48.8116907Z     def _fail_startup(self, reason: str, *, cause: BaseException | None = None) -> NoReturn:
pytest (3.14)	Run tests	2026-10-06T10:43:48.8117689Z         """\u6784\u9020\u5931\u8d25\u7edf\u4e00\u51fa\u53e3\uff1a\u6709\u754c\u6574 Job \u6e05\u7406 + \u643a\u5e26 owner/\u6b8b\u7559\u4fe1\u606f\u7684\u5f02\u5e38\u3002
pytest (3.14)	Run tests	2026-10-06T10:43:48.8118417Z     
pytest (3.14)	Run tests	2026-10-06T10:43:48.8119051Z         \u6e05\u7406\u987a\u5e8f\u4e0e ``close`` \u4e00\u81f4\uff08\u5148\u6e05\u6811 \u2192 join \u7ebf\u7a0b \u2192 \u5173\u6d41 \u2192 guard.close\uff09\uff0c
pytest (3.14)	Run tests	2026-10-06T10:43:48.8119894Z         \u603b\u9884\u7b97\u4e3a ``shutdown_timeout``\uff1b\u5f02\u5e38\u643a\u5e26\u53ef\u91cd\u8bd5 ``owner``\uff08``retry_cleanup``\uff09
pytest (3.14)	Run tests	2026-10-06T10:43:48.8120952Z         \u4e0e ``residual``\uff08pid/\u8eab\u4efd/\u6e05\u7406\u6838\u9a8c/stderr \u6458\u8981\uff09\uff0c\u4e0d\u4ec5\u6587\u672c\u3002
pytest (3.14)	Run tests	2026-10-06T10:43:48.8121632Z         """
pytest (3.14)	Run tests	2026-10-06T10:43:48.8121997Z         detail: list[str] = []
pytest (3.14)	Run tests	2026-10-06T10:43:48.8122425Z         owner = StartupCleanupOwner(
pytest (3.14)	Run tests	2026-10-06T10:43:48.8122914Z             proc=self._proc,
pytest (3.14)	Run tests	2026-10-06T10:43:48.8123309Z             guard=self._guard,
pytest (3.14)	Run tests	2026-10-06T10:43:48.8123627Z             pid=self._sidecar_pid,
pytest (3.14)	Run tests	2026-10-06T10:43:48.8123959Z             identity=self._sidecar_identity,
pytest (3.14)	Run tests	2026-10-06T10:43:48.8124346Z             reader=self._reader_thread,
pytest (3.14)	Run tests	2026-10-06T10:43:48.8124712Z             stderr=self._stderr_thread,
pytest (3.14)	Run tests	2026-10-06T10:43:48.8125186Z             applier=self._applier_thread,
pytest (3.14)	Run tests	2026-10-06T10:43:48.8125544Z             kill_timeout=self._kill_timeout,
pytest (3.14)	Run tests	2026-10-06T10:43:48.8125876Z         )
pytest (3.14)	Run tests	2026-10-06T10:43:48.8126184Z         outcome = _reap_process_resources(
pytest (3.14)	Run tests	2026-10-06T10:43:48.8126527Z             proc=self._proc,
pytest (3.14)	Run tests	2026-10-06T10:43:48.8126844Z             guard=self._guard,
pytest (3.14)	Run tests	2026-10-06T10:43:48.8127171Z             pid=self._sidecar_pid,
pytest (3.14)	Run tests	2026-10-06T10:43:48.8127493Z             identity=self._sidecar_identity,
pytest (3.14)	Run tests	2026-10-06T10:43:48.8127977Z             reader=self._reader_thread,
pytest (3.14)	Run tests	2026-10-06T10:43:48.8128372Z             stderr=self._stderr_thread,
pytest (3.14)	Run tests	2026-10-06T10:43:48.8128845Z             applier=self._applier_thread,
pytest (3.14)	Run tests	2026-10-06T10:43:48.8129215Z             budget=self._shutdown_timeout,
pytest (3.14)	Run tests	2026-10-06T10:43:48.8129552Z             kill_timeout=self._kill_timeout,
pytest (3.14)	Run tests	2026-10-06T10:43:48.8129912Z             detail=detail,
pytest (3.14)	Run tests	2026-10-06T10:43:48.8130209Z         )
pytest (3.14)	Run tests	2026-10-06T10:43:48.8130462Z         residual = {
pytest (3.14)	Run tests	2026-10-06T10:43:48.8130776Z             "reason": reason,
pytest (3.14)	Run tests	2026-10-06T10:43:48.8131120Z             "pid": self._sidecar_pid,
pytest (3.14)	Run tests	2026-10-06T10:43:48.8131465Z             "identity_filetime": (
pytest (3.14)	Run tests	2026-10-06T10:43:48.8131842Z                 str(self._sidecar_identity.created_at_filetime)
pytest (3.14)	Run tests	2026-10-06T10:43:48.8133207Z                 if self._sidecar_identity is not None
pytest (3.14)	Run tests	2026-10-06T10:43:48.8133583Z                 else None
pytest (3.14)	Run tests	2026-10-06T10:43:48.8133874Z             ),
pytest (3.14)	Run tests	2026-10-06T10:43:48.8134189Z             "process_exited": outcome["root_dead"],
pytest (3.14)	Run tests	2026-10-06T10:43:48.8134580Z             "job_verified": outcome["job_verified"],
pytest (3.14)	Run tests	2026-10-06T10:43:48.8134995Z             "guard_closed": outcome["guard_closed"],
pytest (3.14)	Run tests	2026-10-06T10:43:48.8135452Z             "cleanup_closed": outcome["closed"],
pytest (3.14)	Run tests	2026-10-06T10:43:48.8135959Z             "cleanup_seconds": outcome["seconds"],
pytest (3.14)	Run tests	2026-10-06T10:43:48.8136562Z             "cleanup_detail": ", ".join(detail) if detail else "ok",
pytest (3.14)	Run tests	2026-10-06T10:43:48.8137108Z             "cleanup_errors": list(outcome["errors"]),
pytest (3.14)	Run tests	2026-10-06T10:43:48.8137472Z             "stderr_digest": self._stderr_digest(),
pytest (3.14)	Run tests	2026-10-06T10:43:48.8137840Z         }
pytest (3.14)	Run tests	2026-10-06T10:43:48.8138102Z         message = (
pytest (3.14)	Run tests	2026-10-06T10:43:48.8138497Z             f"{reason}\uff1b\u6e05\u7406={'converged' if outcome['closed'] else 'retained'}"
pytest (3.14)	Run tests	2026-10-06T10:43:48.8139090Z             f"\uff08{outcome['seconds']}s, pid={self._sidecar_pid}\uff09"
pytest (3.14)	Run tests	2026-10-06T10:43:48.8139468Z         )
pytest (3.14)	Run tests	2026-10-06T10:43:48.8139879Z >       raise EmulatorStartupError(message, owner=owner, residual=residual) from cause
pytest (3.14)	Run tests	2026-10-06T10:43:48.8141341Z E       packages.core.terminal.emulator.EmulatorStartupError: sidecar \u4e0d\u53ef\u7528\uff1adependency-missing:Cannot find package '@xterm/headless' imported from D:\\a\\pan\\pan\\packages\\core\\terminal\\emulator_sidecar\\sidecar.mjs\uff1b\u6e05\u7406=converged\uff080.006s, pid=3808\uff09
pytest (3.14)	Run tests	2026-10-06T10:43:48.8142439Z 
pytest (3.14)	Run tests	2026-10-06T10:43:48.8142642Z packages\core\terminal\emulator.py:904: EmulatorStartupError
pytest (3.14)	Run tests	2026-10-06T10:43:48.8143320Z ____________ test_browserless_large_output_and_log_cursor_eviction ____________
pytest (3.14)	Run tests	2026-10-06T10:43:48.8143664Z 
pytest (3.14)	Run tests	2026-10-06T10:43:48.8143891Z emu_factory = <function emu_factory.<locals>.make at 0x000001ECC3F6F270>
pytest (3.14)	Run tests	2026-10-06T10:43:48.8144178Z 
pytest (3.14)	Run tests	2026-10-06T10:43:48.8144447Z     def test_browserless_large_output_and_log_cursor_eviction(emu_factory):
pytest (3.14)	Run tests	2026-10-06T10:43:48.8144909Z         log = OutputLog(max_bytes=64 * 1024)
pytest (3.14)	Run tests	2026-10-06T10:43:48.8145288Z >       emu = emu_factory()
pytest (3.14)	Run tests	2026-10-06T10:43:48.8145618Z               ^^^^^^^^^^^^^
pytest (3.14)	Run tests	2026-10-06T10:43:48.8145824Z 
pytest (3.14)	Run tests	2026-10-06T10:43:48.8145950Z tests\test_terminal_emulator.py:307: 
pytest (3.14)	Run tests	2026-10-06T10:43:48.8146408Z _ _ _ _ _ _ _ _ _ _ _ _ _ _ _ _ _ _ _ _ _ _ _ _ _ _ _ _ _ _ _ _ _ _ _ _ _ _ _ _
pytest (3.14)	Run tests	2026-10-06T10:43:48.8146885Z tests\test_terminal_emulator.py:87: in make
pytest (3.14)	Run tests	2026-10-06T10:43:48.8147261Z     emu = HeadlessEmulator(**kwargs)
pytest (3.14)	Run tests	2026-10-06T10:43:48.8147637Z           ^^^^^^^^^^^^^^^^^^^^^^^^^^
pytest (3.14)	Run tests	2026-10-06T10:43:48.8148076Z packages\core\terminal\emulator.py:747: in __init__
pytest (3.14)	Run tests	2026-10-06T10:43:48.8148635Z     self._spawn_and_handshake()
pytest (3.14)	Run tests	2026-10-06T10:43:48.8149029Z packages\core\terminal\emulator.py:838: in _spawn_and_handshake
pytest (3.14)	Run tests	2026-10-06T10:43:48.8149520Z     self._fail_startup(f"sidecar \u4e0d\u53ef\u7528\uff1a{self._startup_failure}")
pytest (3.14)	Run tests	2026-10-06T10:43:48.8150048Z _ _ _ _ _ _ _ _ _ _ _ _ _ _ _ _ _ _ _ _ _ _ _ _ _ _ _ _ _ _ _ _ _ _ _ _ _ _ _ _
pytest (3.14)	Run tests	2026-10-06T10:43:48.8150323Z 
pytest (3.14)	Run tests	2026-10-06T10:43:48.8150618Z self = <packages.core.terminal.emulator.HeadlessEmulator object at 0x000001ECC158B380>
pytest (3.14)	Run tests	2026-10-06T10:43:48.8151542Z reason = "sidecar \u4e0d\u53ef\u7528\uff1adependency-missing:Cannot find package '@xterm/headless' imported from D:\\\\a\\\\pan\\\\pan\\\\packages\\\\core\\\\terminal\\\\emulator_sidecar\\\\sidecar.mjs"
pytest (3.14)	Run tests	2026-10-06T10:43:48.8152309Z cause = None
pytest (3.14)	Run tests	2026-10-06T10:43:48.8152480Z 
pytest (3.14)	Run tests	2026-10-06T10:43:48.8152714Z     def _fail_startup(self, reason: str, *, cause: BaseException | None = None) -> NoReturn:
pytest (3.14)	Run tests	2026-10-06T10:43:48.8153520Z         """\u6784\u9020\u5931\u8d25\u7edf\u4e00\u51fa\u53e3\uff1a\u6709\u754c\u6574 Job \u6e05\u7406 + \u643a\u5e26 owner/\u6b8b\u7559\u4fe1\u606f\u7684\u5f02\u5e38\u3002
pytest (3.14)	Run tests	2026-10-06T10:43:48.8154138Z     
pytest (3.14)	Run tests	2026-10-06T10:43:48.8154830Z         \u6e05\u7406\u987a\u5e8f\u4e0e ``close`` \u4e00\u81f4\uff08\u5148\u6e05\u6811 \u2192 join \u7ebf\u7a0b \u2192 \u5173\u6d41 \u2192 guard.close\uff09\uff0c
pytest (3.14)	Run tests	2026-10-06T10:43:48.8155681Z         \u603b\u9884\u7b97\u4e3a ``shutdown_timeout``\uff1b\u5f02\u5e38\u643a\u5e26\u53ef\u91cd\u8bd5 ``owner``\uff08``retry_cleanup``\uff09
pytest (3.14)	Run tests	2026-10-06T10:43:48.8156474Z         \u4e0e ``residual``\uff08pid/\u8eab\u4efd/\u6e05\u7406\u6838\u9a8c/stderr \u6458\u8981\uff09\uff0c\u4e0d\u4ec5\u6587\u672c\u3002
pytest (3.14)	Run tests	2026-10-06T10:43:48.8157050Z         """
pytest (3.14)	Run tests	2026-10-06T10:43:48.8157323Z         detail: list[str] = []
pytest (3.14)	Run tests	2026-10-06T10:43:48.8157645Z         owner = StartupCleanupOwner(
pytest (3.14)	Run tests	2026-10-06T10:43:48.8158057Z             proc=self._proc,
pytest (3.14)	Run tests	2026-10-06T10:43:48.8158416Z             guard=self._guard,
pytest (3.14)	Run tests	2026-10-06T10:43:48.8158764Z             pid=self._sidecar_pid,
pytest (3.14)	Run tests	2026-10-06T10:43:48.8159107Z             identity=self._sidecar_identity,
pytest (3.14)	Run tests	2026-10-06T10:43:48.8159461Z             reader=self._reader_thread,
pytest (3.14)	Run tests	2026-10-06T10:43:48.8159822Z             stderr=self._stderr_thread,
pytest (3.14)	Run tests	2026-10-06T10:43:48.8160169Z             applier=self._applier_thread,
pytest (3.14)	Run tests	2026-10-06T10:43:48.8160520Z             kill_timeout=self._kill_timeout,
pytest (3.14)	Run tests	2026-10-06T10:43:48.8161026Z         )
pytest (3.14)	Run tests	2026-10-06T10:43:48.8161314Z         outcome = _reap_process_resources(
pytest (3.14)	Run tests	2026-10-06T10:43:48.8161733Z             proc=self._proc,
pytest (3.14)	Run tests	2026-10-06T10:43:48.8162057Z             guard=self._guard,
pytest (3.14)	Run tests	2026-10-06T10:43:48.8162373Z             pid=self._sidecar_pid,
pytest (3.14)	Run tests	2026-10-06T10:43:48.8162716Z             identity=self._sidecar_identity,
pytest (3.14)	Run tests	2026-10-06T10:43:48.8163135Z             reader=self._reader_thread,
pytest (3.14)	Run tests	2026-10-06T10:43:48.8163692Z             stderr=self._stderr_thread,
pytest (3.14)	Run tests	2026-10-06T10:43:48.8164051Z             applier=self._applier_thread,
pytest (3.14)	Run tests	2026-10-06T10:43:48.8164396Z             budget=self._shutdown_timeout,
pytest (3.14)	Run tests	2026-10-06T10:43:48.8164774Z             kill_timeout=self._kill_timeout,
pytest (3.14)	Run tests	2026-10-06T10:43:48.8165135Z             detail=detail,
pytest (3.14)	Run tests	2026-10-06T10:43:48.8165448Z         )
pytest (3.14)	Run tests	2026-10-06T10:43:48.8165714Z         residual = {
pytest (3.14)	Run tests	2026-10-06T10:43:48.8166001Z             "reason": reason,
pytest (3.14)	Run tests	2026-10-06T10:43:48.8166396Z             "pid": self._sidecar_pid,
pytest (3.14)	Run tests	2026-10-06T10:43:48.8166840Z             "identity_filetime": (
pytest (3.14)	Run tests	2026-10-06T10:43:48.8167343Z                 str(self._sidecar_identity.created_at_filetime)
pytest (3.14)	Run tests	2026-10-06T10:43:48.8167766Z                 if self._sidecar_identity is not None
pytest (3.14)	Run tests	2026-10-06T10:43:48.8168112Z                 else None
pytest (3.14)	Run tests	2026-10-06T10:43:48.8168483Z             ),
pytest (3.14)	Run tests	2026-10-06T10:43:48.8168785Z             "process_exited": outcome["root_dead"],
pytest (3.14)	Run tests	2026-10-06T10:43:48.8169170Z             "job_verified": outcome["job_verified"],
pytest (3.14)	Run tests	2026-10-06T10:43:48.8169556Z             "guard_closed": outcome["guard_closed"],
pytest (3.14)	Run tests	2026-10-06T10:43:48.8169924Z             "cleanup_closed": outcome["closed"],
pytest (3.14)	Run tests	2026-10-06T10:43:48.8170311Z             "cleanup_seconds": outcome["seconds"],
pytest (3.14)	Run tests	2026-10-06T10:43:48.8170710Z             "cleanup_detail": ", ".join(detail) if detail else "ok",
pytest (3.14)	Run tests	2026-10-06T10:43:48.8171140Z             "cleanup_errors": list(outcome["errors"]),
pytest (3.14)	Run tests	2026-10-06T10:43:48.8171580Z             "stderr_digest": self._stderr_digest(),
pytest (3.14)	Run tests	2026-10-06T10:43:48.8172019Z         }
pytest (3.14)	Run tests	2026-10-06T10:43:48.8172318Z         message = (
pytest (3.14)	Run tests	2026-10-06T10:43:48.8172725Z             f"{reason}\uff1b\u6e05\u7406={'converged' if outcome['closed'] else 'retained'}"
pytest (3.14)	Run tests	2026-10-06T10:43:48.8173242Z             f"\uff08{outcome['seconds']}s, pid={self._sidecar_pid}\uff09"
pytest (3.14)	Run tests	2026-10-06T10:43:48.8173729Z         )
pytest (3.14)	Run tests	2026-10-06T10:43:48.8174131Z >       raise EmulatorStartupError(message, owner=owner, residual=residual) from cause
pytest (3.14)	Run tests	2026-10-06T10:43:48.8175499Z E       packages.core.terminal.emulator.EmulatorStartupError: sidecar \u4e0d\u53ef\u7528\uff1adependency-missing:Cannot find package '@xterm/headless' imported from D:\\a\\pan\\pan\\packages\\core\\terminal\\emulator_sidecar\\sidecar.mjs\uff1b\u6e05\u7406=converged\uff080.006s, pid=4968\uff09
pytest (3.14)	Run tests	2026-10-06T10:43:48.8176584Z 
pytest (3.14)	Run tests	2026-10-06T10:43:48.8176953Z packages\core\terminal\emulator.py:904: EmulatorStartupError
pytest (3.14)	Run tests	2026-10-06T10:43:48.8177465Z ____________ test_snapshot_cursor_is_applied_not_producer_frontier ____________
pytest (3.14)	Run tests	2026-10-06T10:43:48.8177820Z 
pytest (3.14)	Run tests	2026-10-06T10:43:48.8178017Z emu_factory = <function emu_factory.<locals>.make at 0x000001ECC402EFB0>
pytest (3.14)	Run tests	2026-10-06T10:43:48.8178344Z 
pytest (3.14)	Run tests	2026-10-06T10:43:48.8178550Z     def test_snapshot_cursor_is_applied_not_producer_frontier(emu_factory):
pytest (3.14)	Run tests	2026-10-06T10:43:48.8178996Z >       emu = emu_factory()
pytest (3.14)	Run tests	2026-10-06T10:43:48.8179306Z               ^^^^^^^^^^^^^
pytest (3.14)	Run tests	2026-10-06T10:43:48.8179508Z 
pytest (3.14)	Run tests	2026-10-06T10:43:48.8179666Z tests\test_terminal_emulator.py:334: 
pytest (3.14)	Run tests	2026-10-06T10:43:48.8180076Z _ _ _ _ _ _ _ _ _ _ _ _ _ _ _ _ _ _ _ _ _ _ _ _ _ _ _ _ _ _ _ _ _ _ _ _ _ _ _ _
pytest (3.14)	Run tests	2026-10-06T10:43:48.8180476Z tests\test_terminal_emulator.py:87: in make
pytest (3.14)	Run tests	2026-10-06T10:43:48.8180838Z     emu = HeadlessEmulator(**kwargs)
pytest (3.14)	Run tests	2026-10-06T10:43:48.8181370Z           ^^^^^^^^^^^^^^^^^^^^^^^^^^
pytest (3.14)	Run tests	2026-10-06T10:43:48.8181720Z packages\core\terminal\emulator.py:747: in __init__
pytest (3.14)	Run tests	2026-10-06T10:43:48.8182136Z     self._spawn_and_handshake()
pytest (3.14)	Run tests	2026-10-06T10:43:48.8182534Z packages\core\terminal\emulator.py:838: in _spawn_and_handshake
pytest (3.14)	Run tests	2026-10-06T10:43:48.8183122Z     self._fail_startup(f"sidecar \u4e0d\u53ef\u7528\uff1a{self._startup_failure}")
pytest (3.14)	Run tests	2026-10-06T10:43:48.8183754Z _ _ _ _ _ _ _ _ _ _ _ _ _ _ _ _ _ _ _ _ _ _ _ _ _ _ _ _ _ _ _ _ _ _ _ _ _ _ _ _
pytest (3.14)	Run tests	2026-10-06T10:43:48.8183987Z 
pytest (3.14)	Run tests	2026-10-06T10:43:48.8184252Z self = <packages.core.terminal.emulator.HeadlessEmulator object at 0x000001ECC1588440>
pytest (3.14)	Run tests	2026-10-06T10:43:48.8185328Z reason = "sidecar \u4e0d\u53ef\u7528\uff1adependency-missing:Cannot find package '@xterm/headless' imported from D:\\\\a\\\\pan\\\\pan\\\\packages\\\\core\\\\terminal\\\\emulator_sidecar\\\\sidecar.mjs"
pytest (3.14)	Run tests	2026-10-06T10:43:48.8186235Z cause = None
pytest (3.14)	Run tests	2026-10-06T10:43:48.8186422Z 
pytest (3.14)	Run tests	2026-10-06T10:43:48.8186679Z     def _fail_startup(self, reason: str, *, cause: BaseException | None = None) -> NoReturn:
pytest (3.14)	Run tests	2026-10-06T10:43:48.8187612Z         """\u6784\u9020\u5931\u8d25\u7edf\u4e00\u51fa\u53e3\uff1a\u6709\u754c\u6574 Job \u6e05\u7406 + \u643a\u5e26 owner/\u6b8b\u7559\u4fe1\u606f\u7684\u5f02\u5e38\u3002
pytest (3.14)	Run tests	2026-10-06T10:43:48.8188311Z     
pytest (3.14)	Run tests	2026-10-06T10:43:48.8188951Z         \u6e05\u7406\u987a\u5e8f\u4e0e ``close`` \u4e00\u81f4\uff08\u5148\u6e05\u6811 \u2192 join \u7ebf\u7a0b \u2192 \u5173\u6d41 \u2192 guard.close\uff09\uff0c
pytest (3.14)	Run tests	2026-10-06T10:43:48.8189824Z         \u603b\u9884\u7b97\u4e3a ``shutdown_timeout``\uff1b\u5f02\u5e38\u643a\u5e26\u53ef\u91cd\u8bd5 ``owner``\uff08``retry_cleanup``\uff09
pytest (3.14)	Run tests	2026-10-06T10:43:48.8190628Z         \u4e0e ``residual``\uff08pid/\u8eab\u4efd/\u6e05\u7406\u6838\u9a8c/stderr \u6458\u8981\uff09\uff0c\u4e0d\u4ec5\u6587\u672c\u3002
pytest (3.14)	Run tests	2026-10-06T10:43:48.8191201Z         """
pytest (3.14)	Run tests	2026-10-06T10:43:48.8191506Z         detail: list[str] = []
pytest (3.14)	Run tests	2026-10-06T10:43:48.8191858Z         owner = StartupCleanupOwner(
pytest (3.14)	Run tests	2026-10-06T10:43:48.8192192Z             proc=self._proc,
pytest (3.14)	Run tests	2026-10-06T10:43:48.8192492Z             guard=self._guard,
pytest (3.14)	Run tests	2026-10-06T10:43:48.8192821Z             pid=self._sidecar_pid,
pytest (3.14)	Run tests	2026-10-06T10:43:48.8193161Z             identity=self._sidecar_identity,
pytest (3.14)	Run tests	2026-10-06T10:43:48.8193517Z             reader=self._reader_thread,
pytest (3.14)	Run tests	2026-10-06T10:43:48.8193855Z             stderr=self._stderr_thread,
pytest (3.14)	Run tests	2026-10-06T10:43:48.8194180Z             applier=self._applier_thread,
pytest (3.14)	Run tests	2026-10-06T10:43:48.8194614Z             kill_timeout=self._kill_timeout,
pytest (3.14)	Run tests	2026-10-06T10:43:48.8194949Z         )
pytest (3.14)	Run tests	2026-10-06T10:43:48.8195328Z         outcome = _reap_process_resources(
pytest (3.14)	Run tests	2026-10-06T10:43:48.8195678Z             proc=self._proc,
pytest (3.14)	Run tests	2026-10-06T10:43:48.8195975Z             guard=self._guard,
pytest (3.14)	Run tests	2026-10-06T10:43:48.8196316Z             pid=self._sidecar_pid,
pytest (3.14)	Run tests	2026-10-06T10:43:48.8196651Z             identity=self._sidecar_identity,
pytest (3.14)	Run tests	2026-10-06T10:43:48.8196989Z             reader=self._reader_thread,
pytest (3.14)	Run tests	2026-10-06T10:43:48.8197348Z             stderr=self._stderr_thread,
pytest (3.14)	Run tests	2026-10-06T10:43:48.8197742Z             applier=self._applier_thread,
pytest (3.14)	Run tests	2026-10-06T10:43:48.8198207Z             budget=self._shutdown_timeout,
pytest (3.14)	Run tests	2026-10-06T10:43:48.8198559Z             kill_timeout=self._kill_timeout,
pytest (3.14)	Run tests	2026-10-06T10:43:48.8198885Z             detail=detail,
pytest (3.14)	Run tests	2026-10-06T10:43:48.8199189Z         )
pytest (3.14)	Run tests	2026-10-06T10:43:48.8199443Z         residual = {
pytest (3.14)	Run tests	2026-10-06T10:43:48.8199736Z             "reason": reason,
pytest (3.14)	Run tests	2026-10-06T10:43:48.8200067Z             "pid": self._sidecar_pid,
pytest (3.14)	Run tests	2026-10-06T10:43:48.8200404Z             "identity_filetime": (
pytest (3.14)	Run tests	2026-10-06T10:43:48.8200842Z                 str(self._sidecar_identity.created_at_filetime)
pytest (3.14)	Run tests	2026-10-06T10:43:48.8201468Z                 if self._sidecar_identity is not None
pytest (3.14)	Run tests	2026-10-06T10:43:48.8201846Z                 else None
pytest (3.14)	Run tests	2026-10-06T10:43:48.8202194Z             ),
pytest (3.14)	Run tests	2026-10-06T10:43:48.8202482Z             "process_exited": outcome["root_dead"],
pytest (3.14)	Run tests	2026-10-06T10:43:48.8202977Z             "job_verified": outcome["job_verified"],
pytest (3.14)	Run tests	2026-10-06T10:43:48.8203526Z             "guard_closed": outcome["guard_closed"],
pytest (3.14)	Run tests	2026-10-06T10:43:48.8203995Z             "cleanup_closed": outcome["closed"],
pytest (3.14)	Run tests	2026-10-06T10:43:48.8204422Z             "cleanup_seconds": outcome["seconds"],
pytest (3.14)	Run tests	2026-10-06T10:43:48.8205007Z             "cleanup_detail": ", ".join(detail) if detail else "ok",
pytest (3.14)	Run tests	2026-10-06T10:43:48.8205470Z             "cleanup_errors": list(outcome["errors"]),
pytest (3.14)	Run tests	2026-10-06T10:43:48.8205869Z             "stderr_digest": self._stderr_digest(),
pytest (3.14)	Run tests	2026-10-06T10:43:48.8206225Z         }
pytest (3.14)	Run tests	2026-10-06T10:43:48.8206502Z         message = (
pytest (3.14)	Run tests	2026-10-06T10:43:48.8206907Z             f"{reason}\uff1b\u6e05\u7406={'converged' if outcome['closed'] else 'retained'}"
pytest (3.14)	Run tests	2026-10-06T10:43:48.8207535Z             f"\uff08{outcome['seconds']}s, pid={self._sidecar_pid}\uff09"
pytest (3.14)	Run tests	2026-10-06T10:43:48.8207928Z         )
pytest (3.14)	Run tests	2026-10-06T10:43:48.8208347Z >       raise EmulatorStartupError(message, owner=owner, residual=residual) from cause
pytest (3.14)	Run tests	2026-10-06T10:43:48.8209565Z E       packages.core.terminal.emulator.EmulatorStartupError: sidecar \u4e0d\u53ef\u7528\uff1adependency-missing:Cannot find package '@xterm/headless' imported from D:\\a\\pan\\pan\\packages\\core\\terminal\\emulator_sidecar\\sidecar.mjs\uff1b\u6e05\u7406=converged\uff080.006s, pid=4376\uff09
pytest (3.14)	Run tests	2026-10-06T10:43:48.8210552Z 
pytest (3.14)	Run tests	2026-10-06T10:43:48.8210731Z packages\core\terminal\emulator.py:904: EmulatorStartupError
pytest (3.14)	Run tests	2026-10-06T10:43:48.8211213Z __________________ test_expired_control_never_executes_late ___________________
pytest (3.14)	Run tests	2026-10-06T10:43:48.8211531Z 
pytest (3.14)	Run tests	2026-10-06T10:43:48.8211724Z emu_factory = <function emu_factory.<locals>.make at 0x000001ECC402DBC0>
pytest (3.14)	Run tests	2026-10-06T10:43:48.8212045Z 
pytest (3.14)	Run tests	2026-10-06T10:43:48.8212243Z     def test_expired_control_never_executes_late(emu_factory):
pytest (3.14)	Run tests	2026-10-06T10:43:48.8212708Z >       emu = emu_factory(control_timeout=0.3)
pytest (3.14)	Run tests	2026-10-06T10:43:48.8213056Z               ^^^^^^^^^^^^^^^^^^^^^^^^^^^^^^^^
pytest (3.14)	Run tests	2026-10-06T10:43:48.8213222Z 
pytest (3.14)	Run tests	2026-10-06T10:43:48.8213444Z tests\test_terminal_emulator.py:348: 
pytest (3.14)	Run tests	2026-10-06T10:43:48.8213827Z _ _ _ _ _ _ _ _ _ _ _ _ _ _ _ _ _ _ _ _ _ _ _ _ _ _ _ _ _ _ _ _ _ _ _ _ _ _ _ _
pytest (3.14)	Run tests	2026-10-06T10:43:48.8214221Z tests\test_terminal_emulator.py:87: in make
pytest (3.14)	Run tests	2026-10-06T10:43:48.8214600Z     emu = HeadlessEmulator(**kwargs)
pytest (3.14)	Run tests	2026-10-06T10:43:48.8214927Z           ^^^^^^^^^^^^^^^^^^^^^^^^^^
pytest (3.14)	Run tests	2026-10-06T10:43:48.8215337Z packages\core\terminal\emulator.py:747: in __init__
pytest (3.14)	Run tests	2026-10-06T10:43:48.8215713Z     self._spawn_and_handshake()
pytest (3.14)	Run tests	2026-10-06T10:43:48.8216147Z packages\core\terminal\emulator.py:838: in _spawn_and_handshake
pytest (3.14)	Run tests	2026-10-06T10:43:48.8216706Z     self._fail_startup(f"sidecar \u4e0d\u53ef\u7528\uff1a{self._startup_failure}")
pytest (3.14)	Run tests	2026-10-06T10:43:48.8217199Z _ _ _ _ _ _ _ _ _ _ _ _ _ _ _ _ _ _ _ _ _ _ _ _ _ _ _ _ _ _ _ _ _ _ _ _ _ _ _ _
pytest (3.14)	Run tests	2026-10-06T10:43:48.8217462Z 
pytest (3.14)	Run tests	2026-10-06T10:43:48.8217723Z self = <packages.core.terminal.emulator.HeadlessEmulator object at 0x000001ECC158B4D0>
pytest (3.14)	Run tests	2026-10-06T10:43:48.8218759Z reason = "sidecar \u4e0d\u53ef\u7528\uff1adependency-missing:Cannot find package '@xterm/headless' imported from D:\\\\a\\\\pan\\\\pan\\\\packages\\\\core\\\\terminal\\\\emulator_sidecar\\\\sidecar.mjs"
pytest (3.14)	Run tests	2026-10-06T10:43:48.8219640Z cause = None
pytest (3.14)	Run tests	2026-10-06T10:43:48.8219781Z 
pytest (3.14)	Run tests	2026-10-06T10:43:48.8220079Z     def _fail_startup(self, reason: str, *, cause: BaseException | None = None) -> NoReturn:
pytest (3.14)	Run tests	2026-10-06T10:43:48.8221103Z         """\u6784\u9020\u5931\u8d25\u7edf\u4e00\u51fa\u53e3\uff1a\u6709\u754c\u6574 Job \u6e05\u7406 + \u643a\u5e26 owner/\u6b8b\u7559\u4fe1\u606f\u7684\u5f02\u5e38\u3002
pytest (3.14)	Run tests	2026-10-06T10:43:48.8221944Z     
pytest (3.14)	Run tests	2026-10-06T10:43:48.8222511Z         \u6e05\u7406\u987a\u5e8f\u4e0e ``close`` \u4e00\u81f4\uff08\u5148\u6e05\u6811 \u2192 join \u7ebf\u7a0b \u2192 \u5173\u6d41 \u2192 guard.close\uff09\uff0c
pytest (3.14)	Run tests	2026-10-06T10:43:48.8223415Z         \u603b\u9884\u7b97\u4e3a ``shutdown_timeout``\uff1b\u5f02\u5e38\u643a\u5e26\u53ef\u91cd\u8bd5 ``owner``\uff08``retry_cleanup``\uff09
pytest (3.14)	Run tests	2026-10-06T10:43:48.8224445Z         \u4e0e ``residual``\uff08pid/\u8eab\u4efd/\u6e05\u7406\u6838\u9a8c/stderr \u6458\u8981\uff09\uff0c\u4e0d\u4ec5\u6587\u672c\u3002
pytest (3.14)	Run tests	2026-10-06T10:43:48.8225005Z         """
pytest (3.14)	Run tests	2026-10-06T10:43:48.8225274Z         detail: list[str] = []
pytest (3.14)	Run tests	2026-10-06T10:43:48.8225618Z         owner = StartupCleanupOwner(
pytest (3.14)	Run tests	2026-10-06T10:43:48.8225955Z             proc=self._proc,
pytest (3.14)	Run tests	2026-10-06T10:43:48.8226268Z             guard=self._guard,
pytest (3.14)	Run tests	2026-10-06T10:43:48.8226581Z             pid=self._sidecar_pid,
pytest (3.14)	Run tests	2026-10-06T10:43:48.8226902Z             identity=self._sidecar_identity,
pytest (3.14)	Run tests	2026-10-06T10:43:48.8227312Z             reader=self._reader_thread,
pytest (3.14)	Run tests	2026-10-06T10:43:48.8227647Z             stderr=self._stderr_thread,
pytest (3.14)	Run tests	2026-10-06T10:43:48.8227985Z             applier=self._applier_thread,
pytest (3.14)	Run tests	2026-10-06T10:43:48.8228454Z             kill_timeout=self._kill_timeout,
pytest (3.14)	Run tests	2026-10-06T10:43:48.8228768Z         )
pytest (3.14)	Run tests	2026-10-06T10:43:48.8229068Z         outcome = _reap_process_resources(
pytest (3.14)	Run tests	2026-10-06T10:43:48.8229415Z             proc=self._proc,
pytest (3.14)	Run tests	2026-10-06T10:43:48.8229711Z             guard=self._guard,
pytest (3.14)	Run tests	2026-10-06T10:43:48.8230076Z             pid=self._sidecar_pid,
pytest (3.14)	Run tests	2026-10-06T10:43:48.8230446Z             identity=self._sidecar_identity,
pytest (3.14)	Run tests	2026-10-06T10:43:48.8230806Z             reader=self._reader_thread,
pytest (3.14)	Run tests	2026-10-06T10:43:48.8231135Z             stderr=self._stderr_thread,
pytest (3.14)	Run tests	2026-10-06T10:43:48.8231465Z             applier=self._applier_thread,
pytest (3.14)	Run tests	2026-10-06T10:43:48.8231873Z             budget=self._shutdown_timeout,
pytest (3.14)	Run tests	2026-10-06T10:43:48.8232210Z             kill_timeout=self._kill_timeout,
pytest (3.14)	Run tests	2026-10-06T10:43:48.8232549Z             detail=detail,
pytest (3.14)	Run tests	2026-10-06T10:43:48.8232865Z         )
pytest (3.14)	Run tests	2026-10-06T10:43:48.8233105Z         residual = {
pytest (3.14)	Run tests	2026-10-06T10:43:48.8233465Z             "reason": reason,
pytest (3.14)	Run tests	2026-10-06T10:43:48.8233809Z             "pid": self._sidecar_pid,
pytest (3.14)	Run tests	2026-10-06T10:43:48.8234180Z             "identity_filetime": (
pytest (3.14)	Run tests	2026-10-06T10:43:48.8234554Z                 str(self._sidecar_identity.created_at_filetime)
pytest (3.14)	Run tests	2026-10-06T10:43:48.8234959Z                 if self._sidecar_identity is not None
pytest (3.14)	Run tests	2026-10-06T10:43:48.8235328Z                 else None
pytest (3.14)	Run tests	2026-10-06T10:43:48.8235620Z             ),
pytest (3.14)	Run tests	2026-10-06T10:43:48.8235916Z             "process_exited": outcome["root_dead"],
pytest (3.14)	Run tests	2026-10-06T10:43:48.8236314Z             "job_verified": outcome["job_verified"],
pytest (3.14)	Run tests	2026-10-06T10:43:48.8236720Z             "guard_closed": outcome["guard_closed"],
pytest (3.14)	Run tests	2026-10-06T10:43:48.8237116Z             "cleanup_closed": outcome["closed"],
pytest (3.14)	Run tests	2026-10-06T10:43:48.8237488Z             "cleanup_seconds": outcome["seconds"],
pytest (3.14)	Run tests	2026-10-06T10:43:48.8237892Z             "cleanup_detail": ", ".join(detail) if detail else "ok",
pytest (3.14)	Run tests	2026-10-06T10:43:48.8238337Z             "cleanup_errors": list(outcome["errors"]),
pytest (3.14)	Run tests	2026-10-06T10:43:48.8239612Z             "stderr_digest": self._stderr_digest(),
pytest (3.14)	Run tests	2026-10-06T10:43:48.8240723Z         }
pytest (3.14)	Run tests	2026-10-06T10:43:48.8241170Z         message = (
pytest (3.14)	Run tests	2026-10-06T10:43:48.8242070Z             f"{reason}\uff1b\u6e05\u7406={'converged' if outcome['closed'] else 'retained'}"
pytest (3.14)	Run tests	2026-10-06T10:43:48.8243175Z             f"\uff08{outcome['seconds']}s, pid={self._sidecar_pid}\uff09"
pytest (3.14)	Run tests	2026-10-06T10:43:48.8244284Z         )
pytest (3.14)	Run tests	2026-10-06T10:43:48.8245059Z >       raise EmulatorStartupError(message, owner=owner, residual=residual) from cause
pytest (3.14)	Run tests	2026-10-06T10:43:48.8247788Z E       packages.core.terminal.emulator.EmulatorStartupError: sidecar \u4e0d\u53ef\u7528\uff1adependency-missing:Cannot find package '@xterm/headless' imported from D:\\a\\pan\\pan\\packages\\core\\terminal\\emulator_sidecar\\sidecar.mjs\uff1b\u6e05\u7406=converged\uff080.006s, pid=9944\uff09
pytest (3.14)	Run tests	2026-10-06T10:43:48.8250013Z 
pytest (3.14)	Run tests	2026-10-06T10:43:48.8250339Z packages\core\terminal\emulator.py:904: EmulatorStartupError
pytest (3.14)	Run tests	2026-10-06T10:43:48.8251437Z ___________________ test_feed_enqueue_never_waits_for_node ____________________
pytest (3.14)	Run tests	2026-10-06T10:43:48.8252003Z 
pytest (3.14)	Run tests	2026-10-06T10:43:48.8252492Z emu_factory = <function emu_factory.<locals>.make at 0x000001ECC402F480>
pytest (3.14)	Run tests	2026-10-06T10:43:48.8253103Z 
pytest (3.14)	Run tests	2026-10-06T10:43:48.8253504Z     def test_feed_enqueue_never_waits_for_node(emu_factory):
pytest (3.14)	Run tests	2026-10-06T10:43:48.8254237Z >       emu = emu_factory(max_queue_bytes=64 * 1024)
pytest (3.14)	Run tests	2026-10-06T10:43:48.8254925Z               ^^^^^^^^^^^^^^^^^^^^^^^^^^^^^^^^^^^^^^
pytest (3.14)	Run tests	2026-10-06T10:43:48.8255408Z 
pytest (3.14)	Run tests	2026-10-06T10:43:48.8255641Z tests\test_terminal_emulator.py:363: 
pytest (3.14)	Run tests	2026-10-06T10:43:48.8256323Z _ _ _ _ _ _ _ _ _ _ _ _ _ _ _ _ _ _ _ _ _ _ _ _ _ _ _ _ _ _ _ _ _ _ _ _ _ _ _ _
pytest (3.14)	Run tests	2026-10-06T10:43:48.8257198Z tests\test_terminal_emulator.py:87: in make
pytest (3.14)	Run tests	2026-10-06T10:43:48.8257927Z     emu = HeadlessEmulator(**kwargs)
pytest (3.14)	Run tests	2026-10-06T10:43:48.8258508Z           ^^^^^^^^^^^^^^^^^^^^^^^^^^
pytest (3.14)	Run tests	2026-10-06T10:43:48.8259548Z packages\core\terminal\emulator.py:747: in __init__
pytest (3.14)	Run tests	2026-10-06T10:43:48.8260275Z     self._spawn_and_handshake()
pytest (3.14)	Run tests	2026-10-06T10:43:48.8261236Z packages\core\terminal\emulator.py:838: in _spawn_and_handshake
pytest (3.14)	Run tests	2026-10-06T10:43:48.8262314Z     self._fail_startup(f"sidecar \u4e0d\u53ef\u7528\uff1a{self._startup_failure}")
pytest (3.14)	Run tests	2026-10-06T10:43:48.8263347Z _ _ _ _ _ _ _ _ _ _ _ _ _ _ _ _ _ _ _ _ _ _ _ _ _ _ _ _ _ _ _ _ _ _ _ _ _ _ _ _
pytest (3.14)	Run tests	2026-10-06T10:43:48.8263908Z 
pytest (3.14)	Run tests	2026-10-06T10:43:48.8264568Z self = <packages.core.terminal.emulator.HeadlessEmulator object at 0x000001ECC1589010>
pytest (3.14)	Run tests	2026-10-06T10:43:48.8266575Z reason = "sidecar \u4e0d\u53ef\u7528\uff1adependency-missing:Cannot find package '@xterm/headless' imported from D:\\\\a\\\\pan\\\\pan\\\\packages\\\\core\\\\terminal\\\\emulator_sidecar\\\\sidecar.mjs"
pytest (3.14)	Run tests	2026-10-06T10:43:48.8268298Z cause = None
pytest (3.14)	Run tests	2026-10-06T10:43:48.8268620Z 
pytest (3.14)	Run tests	2026-10-06T10:43:48.8269115Z     def _fail_startup(self, reason: str, *, cause: BaseException | None = None) -> NoReturn:
pytest (3.14)	Run tests	2026-10-06T10:43:48.8270816Z         """\u6784\u9020\u5931\u8d25\u7edf\u4e00\u51fa\u53e3\uff1a\u6709\u754c\u6574 Job \u6e05\u7406 + \u643a\u5e26 owner/\u6b8b\u7559\u4fe1\u606f\u7684\u5f02\u5e38\u3002
pytest (3.14)	Run tests	2026-10-06T10:43:48.8272180Z     
pytest (3.14)	Run tests	2026-10-06T10:43:48.8273583Z         \u6e05\u7406\u987a\u5e8f\u4e0e ``close`` \u4e00\u81f4\uff08\u5148\u6e05\u6811 \u2192 join \u7ebf\u7a0b \u2192 \u5173\u6d41 \u2192 guard.close\uff09\uff0c
pytest (3.14)	Run tests	2026-10-06T10:43:48.8275677Z         \u603b\u9884\u7b97\u4e3a ``shutdown_timeout``\uff1b\u5f02\u5e38\u643a\u5e26\u53ef\u91cd\u8bd5 ``owner``\uff08``retry_cleanup``\uff09
pytest (3.14)	Run tests	2026-10-06T10:43:48.8277605Z         \u4e0e ``residual``\uff08pid/\u8eab\u4efd/\u6e05\u7406\u6838\u9a8c/stderr \u6458\u8981\uff09\uff0c\u4e0d\u4ec5\u6587\u672c\u3002
pytest (3.14)	Run tests	2026-10-06T10:43:48.8279127Z         """
pytest (3.14)	Run tests	2026-10-06T10:43:48.8279676Z         detail: list[str] = []
pytest (3.14)	Run tests	2026-10-06T10:43:48.8280272Z         owner = StartupCleanupOwner(
pytest (3.14)	Run tests	2026-10-06T10:43:48.8280882Z             proc=self._proc,
pytest (3.14)	Run tests	2026-10-06T10:43:48.8281542Z             guard=self._guard,
pytest (3.14)	Run tests	2026-10-06T10:43:48.8282408Z             pid=self._sidecar_pid,
pytest (3.14)	Run tests	2026-10-06T10:43:48.8283070Z             identity=self._sidecar_identity,
pytest (3.14)	Run tests	2026-10-06T10:43:48.8283771Z             reader=self._reader_thread,
pytest (3.14)	Run tests	2026-10-06T10:43:48.8284375Z             stderr=self._stderr_thread,
pytest (3.14)	Run tests	2026-10-06T10:43:48.8285025Z             applier=self._applier_thread,
pytest (3.14)	Run tests	2026-10-06T10:43:48.8285844Z             kill_timeout=self._kill_timeout,
pytest (3.14)	Run tests	2026-10-06T10:43:48.8286473Z         )
pytest (3.14)	Run tests	2026-10-06T10:43:48.8287170Z         outcome = _reap_process_resources(
pytest (3.14)	Run tests	2026-10-06T10:43:48.8287867Z             proc=self._proc,
pytest (3.14)	Run tests	2026-10-06T10:43:48.8288435Z             guard=self._guard,
pytest (3.14)	Run tests	2026-10-06T10:43:48.8289061Z             pid=self._sidecar_pid,
pytest (3.14)	Run tests	2026-10-06T10:43:48.8289771Z             identity=self._sidecar_identity,
pytest (3.14)	Run tests	2026-10-06T10:43:48.8290435Z             reader=self._reader_thread,
pytest (3.14)	Run tests	2026-10-06T10:43:48.8291078Z             stderr=self._stderr_thread,
pytest (3.14)	Run tests	2026-10-06T10:43:48.8291755Z             applier=self._applier_thread,
pytest (3.14)	Run tests	2026-10-06T10:43:48.8292437Z             budget=self._shutdown_timeout,
pytest (3.14)	Run tests	2026-10-06T10:43:48.8293185Z             kill_timeout=self._kill_timeout,
pytest (3.14)	Run tests	2026-10-06T10:43:48.8293856Z             detail=detail,
pytest (3.14)	Run tests	2026-10-06T10:43:48.8294378Z         )
pytest (3.14)	Run tests	2026-10-06T10:43:48.8294922Z         residual = {
pytest (3.14)	Run tests	2026-10-06T10:43:48.8295474Z             "reason": reason,
pytest (3.14)	Run tests	2026-10-06T10:43:48.8296057Z             "pid": self._sidecar_pid,
pytest (3.14)	Run tests	2026-10-06T10:43:48.8296698Z             "identity_filetime": (
pytest (3.14)	Run tests	2026-10-06T10:43:48.8297459Z                 str(self._sidecar_identity.created_at_filetime)
pytest (3.14)	Run tests	2026-10-06T10:43:48.8298295Z                 if self._sidecar_identity is not None
pytest (3.14)	Run tests	2026-10-06T10:43:48.8299344Z                 else None
pytest (3.14)	Run tests	2026-10-06T10:43:48.8300031Z             ),
pytest (3.14)	Run tests	2026-10-06T10:43:48.8300619Z             "process_exited": outcome["root_dead"],
pytest (3.14)	Run tests	2026-10-06T10:43:48.8301367Z             "job_verified": outcome["job_verified"],
pytest (3.14)	Run tests	2026-10-06T10:43:48.8302166Z             "guard_closed": outcome["guard_closed"],
pytest (3.14)	Run tests	2026-10-06T10:43:48.8302976Z             "cleanup_closed": outcome["closed"],
pytest (3.14)	Run tests	2026-10-06T10:43:48.8303702Z             "cleanup_seconds": outcome["seconds"],
pytest (3.14)	Run tests	2026-10-06T10:43:48.8304291Z             "cleanup_detail": ", ".join(detail) if detail else "ok",
pytest (3.14)	Run tests	2026-10-06T10:43:48.8304481Z             "cleanup_errors": list(outcome["errors"]),
pytest (3.14)	Run tests	2026-10-06T10:43:48.8304701Z             "stderr_digest": self._stderr_digest(),
pytest (3.14)	Run tests	2026-10-06T10:43:48.8304825Z         }
pytest (3.14)	Run tests	2026-10-06T10:43:48.8304941Z         message = (
pytest (3.14)	Run tests	2026-10-06T10:43:48.8305221Z             f"{reason}\uff1b\u6e05\u7406={'converged' if outcome['closed'] else 'retained'}"
pytest (3.14)	Run tests	2026-10-06T10:43:48.8305399Z             f"\uff08{outcome['seconds']}s, pid={self._sidecar_pid}\uff09"
pytest (3.14)	Run tests	2026-10-06T10:43:48.8305537Z         )
pytest (3.14)	Run tests	2026-10-06T10:43:48.8305771Z >       raise EmulatorStartupError(message, owner=owner, residual=residual) from cause
pytest (3.14)	Run tests	2026-10-06T10:43:48.8306671Z E       packages.core.terminal.emulator.EmulatorStartupError: sidecar \u4e0d\u53ef\u7528\uff1adependency-missing:Cannot find package '@xterm/headless' imported from D:\\a\\pan\\pan\\packages\\core\\terminal\\emulator_sidecar\\sidecar.mjs\uff1b\u6e05\u7406=converged\uff080.006s, pid=5908\uff09
pytest (3.14)	Run tests	2026-10-06T10:43:48.8306686Z 
pytest (3.14)	Run tests	2026-10-06T10:43:48.8306921Z packages\core\terminal\emulator.py:904: EmulatorStartupError
pytest (3.14)	Run tests	2026-10-06T10:43:48.8307122Z ______________ test_feed_overflow_is_sticky_degraded_and_bounded ______________
pytest (3.14)	Run tests	2026-10-06T10:43:48.8307129Z 
pytest (3.14)	Run tests	2026-10-06T10:43:48.8307375Z emu_factory = <function emu_factory.<locals>.make at 0x000001ECC402EAE0>
pytest (3.14)	Run tests	2026-10-06T10:43:48.8307384Z 
pytest (3.14)	Run tests	2026-10-06T10:43:48.8307595Z     def test_feed_overflow_is_sticky_degraded_and_bounded(emu_factory):
pytest (3.14)	Run tests	2026-10-06T10:43:48.8307771Z >       emu = emu_factory(max_queue_bytes=32 * 1024, max_queue_ops=64)
pytest (3.14)	Run tests	2026-10-06T10:43:48.8307958Z               ^^^^^^^^^^^^^^^^^^^^^^^^^^^^^^^^^^^^^^^^^^^^^^^^^^^^^^^^
pytest (3.14)	Run tests	2026-10-06T10:43:48.8307963Z 
pytest (3.14)	Run tests	2026-10-06T10:43:48.8308086Z tests\test_terminal_emulator.py:379: 
pytest (3.14)	Run tests	2026-10-06T10:43:48.8308298Z _ _ _ _ _ _ _ _ _ _ _ _ _ _ _ _ _ _ _ _ _ _ _ _ _ _ _ _ _ _ _ _ _ _ _ _ _ _ _ _
pytest (3.14)	Run tests	2026-10-06T10:43:48.8308471Z tests\test_terminal_emulator.py:87: in make
pytest (3.14)	Run tests	2026-10-06T10:43:48.8308602Z     emu = HeadlessEmulator(**kwargs)
pytest (3.14)	Run tests	2026-10-06T10:43:48.8308765Z           ^^^^^^^^^^^^^^^^^^^^^^^^^^
pytest (3.14)	Run tests	2026-10-06T10:43:48.8308920Z packages\core\terminal\emulator.py:747: in __init__
pytest (3.14)	Run tests	2026-10-06T10:43:48.8309081Z     self._spawn_and_handshake()
pytest (3.14)	Run tests	2026-10-06T10:43:48.8309263Z packages\core\terminal\emulator.py:838: in _spawn_and_handshake
pytest (3.14)	Run tests	2026-10-06T10:43:48.8309614Z     self._fail_startup(f"sidecar \u4e0d\u53ef\u7528\uff1a{self._startup_failure}")
pytest (3.14)	Run tests	2026-10-06T10:43:48.8309823Z _ _ _ _ _ _ _ _ _ _ _ _ _ _ _ _ _ _ _ _ _ _ _ _ _ _ _ _ _ _ _ _ _ _ _ _ _ _ _ _
pytest (3.14)	Run tests	2026-10-06T10:43:48.8309830Z 
pytest (3.14)	Run tests	2026-10-06T10:43:48.8310084Z self = <packages.core.terminal.emulator.HeadlessEmulator object at 0x000001ECC158B4D0>
pytest (3.14)	Run tests	2026-10-06T10:43:48.8310679Z reason = "sidecar \u4e0d\u53ef\u7528\uff1adependency-missing:Cannot find package '@xterm/headless' imported from D:\\\\a\\\\pan\\\\pan\\\\packages\\\\core\\\\terminal\\\\emulator_sidecar\\\\sidecar.mjs"
pytest (3.14)	Run tests	2026-10-06T10:43:48.8310822Z cause = None
pytest (3.14)	Run tests	2026-10-06T10:43:48.8310829Z 
pytest (3.14)	Run tests	2026-10-06T10:43:48.8311082Z     def _fail_startup(self, reason: str, *, cause: BaseException | None = None) -> NoReturn:
pytest (3.14)	Run tests	2026-10-06T10:43:48.8311579Z         """\u6784\u9020\u5931\u8d25\u7edf\u4e00\u51fa\u53e3\uff1a\u6709\u754c\u6574 Job \u6e05\u7406 + \u643a\u5e26 owner/\u6b8b\u7559\u4fe1\u606f\u7684\u5f02\u5e38\u3002
pytest (3.14)	Run tests	2026-10-06T10:43:48.8311682Z     
pytest (3.14)	Run tests	2026-10-06T10:43:48.8312207Z         \u6e05\u7406\u987a\u5e8f\u4e0e ``close`` \u4e00\u81f4\uff08\u5148\u6e05\u6811 \u2192 join \u7ebf\u7a0b \u2192 \u5173\u6d41 \u2192 guard.close\uff09\uff0c
pytest (3.14)	Run tests	2026-10-06T10:43:48.8312620Z         \u603b\u9884\u7b97\u4e3a ``shutdown_timeout``\uff1b\u5f02\u5e38\u643a\u5e26\u53ef\u91cd\u8bd5 ``owner``\uff08``retry_cleanup``\uff09
pytest (3.14)	Run tests	2026-10-06T10:43:48.8312971Z         \u4e0e ``residual``\uff08pid/\u8eab\u4efd/\u6e05\u7406\u6838\u9a8c/stderr \u6458\u8981\uff09\uff0c\u4e0d\u4ec5\u6587\u672c\u3002
pytest (3.14)	Run tests	2026-10-06T10:43:48.8313122Z         """
pytest (3.14)	Run tests	2026-10-06T10:43:48.8314127Z         detail: list[str] = []
pytest (3.14)	Run tests	2026-10-06T10:43:48.8314298Z         owner = StartupCleanupOwner(
pytest (3.14)	Run tests	2026-10-06T10:43:48.8314447Z             proc=self._proc,
pytest (3.14)	Run tests	2026-10-06T10:43:48.8314568Z             guard=self._guard,
pytest (3.14)	Run tests	2026-10-06T10:43:48.8314777Z             pid=self._sidecar_pid,
pytest (3.14)	Run tests	2026-10-06T10:43:48.8314913Z             identity=self._sidecar_identity,
pytest (3.14)	Run tests	2026-10-06T10:43:48.8315085Z             reader=self._reader_thread,
pytest (3.14)	Run tests	2026-10-06T10:43:48.8315197Z             stderr=self._stderr_thread,
pytest (3.14)	Run tests	2026-10-06T10:43:48.8315358Z             applier=self._applier_thread,
pytest (3.14)	Run tests	2026-10-06T10:43:48.8315538Z             kill_timeout=self._kill_timeout,
pytest (3.14)	Run tests	2026-10-06T10:43:48.8315632Z         )
pytest (3.14)	Run tests	2026-10-06T10:43:48.8315799Z         outcome = _reap_process_resources(
pytest (3.14)	Run tests	2026-10-06T10:43:48.8315908Z             proc=self._proc,
pytest (3.14)	Run tests	2026-10-06T10:43:48.8316051Z             guard=self._guard,
pytest (3.14)	Run tests	2026-10-06T10:43:48.8316180Z             pid=self._sidecar_pid,
pytest (3.14)	Run tests	2026-10-06T10:43:48.8316342Z             identity=self._sidecar_identity,
pytest (3.14)	Run tests	2026-10-06T10:43:48.8316501Z             reader=self._reader_thread,
pytest (3.14)	Run tests	2026-10-06T10:43:48.8316611Z             stderr=self._stderr_thread,
pytest (3.14)	Run tests	2026-10-06T10:43:48.8316757Z             applier=self._applier_thread,
pytest (3.14)	Run tests	2026-10-06T10:43:48.8316886Z             budget=self._shutdown_timeout,
pytest (3.14)	Run tests	2026-10-06T10:43:48.8317052Z             kill_timeout=self._kill_timeout,
pytest (3.14)	Run tests	2026-10-06T10:43:48.8317161Z             detail=detail,
pytest (3.14)	Run tests	2026-10-06T10:43:48.8317299Z         )
pytest (3.14)	Run tests	2026-10-06T10:43:48.8317429Z         residual = {
pytest (3.14)	Run tests	2026-10-06T10:43:48.8317552Z             "reason": reason,
pytest (3.14)	Run tests	2026-10-06T10:43:48.8317712Z             "pid": self._sidecar_pid,
pytest (3.14)	Run tests	2026-10-06T10:43:48.8317823Z             "identity_filetime": (
pytest (3.14)	Run tests	2026-10-06T10:43:48.8318017Z                 str(self._sidecar_identity.created_at_filetime)
pytest (3.14)	Run tests	2026-10-06T10:43:48.8318137Z                 if self._sidecar_identity is not None
pytest (3.14)	Run tests	2026-10-06T10:43:48.8318397Z                 else None
pytest (3.14)	Run tests	2026-10-06T10:43:48.8318630Z             ),
pytest (3.14)	Run tests	2026-10-06T10:43:48.8318786Z             "process_exited": outcome["root_dead"],
pytest (3.14)	Run tests	2026-10-06T10:43:48.8318970Z             "job_verified": outcome["job_verified"],
pytest (3.14)	Run tests	2026-10-06T10:43:48.8319083Z             "guard_closed": outcome["guard_closed"],
pytest (3.14)	Run tests	2026-10-06T10:43:48.8319487Z             "cleanup_closed": outcome["closed"],
pytest (3.14)	Run tests	2026-10-06T10:43:48.8319636Z             "cleanup_seconds": outcome["seconds"],
pytest (3.14)	Run tests	2026-10-06T10:43:48.8319936Z             "cleanup_detail": ", ".join(detail) if detail else "ok",
pytest (3.14)	Run tests	2026-10-06T10:43:48.8320117Z             "cleanup_errors": list(outcome["errors"]),
pytest (3.14)	Run tests	2026-10-06T10:43:48.8320231Z             "stderr_digest": self._stderr_digest(),
pytest (3.14)	Run tests	2026-10-06T10:43:48.8320386Z         }
pytest (3.14)	Run tests	2026-10-06T10:43:48.8320486Z         message = (
pytest (3.14)	Run tests	2026-10-06T10:43:48.8320804Z             f"{reason}\uff1b\u6e05\u7406={'converged' if outcome['closed'] else 'retained'}"
pytest (3.14)	Run tests	2026-10-06T10:43:48.8320988Z             f"\uff08{outcome['seconds']}s, pid={self._sidecar_pid}\uff09"
pytest (3.14)	Run tests	2026-10-06T10:43:48.8321635Z         )
pytest (3.14)	Run tests	2026-10-06T10:43:48.8322067Z >       raise EmulatorStartupError(message, owner=owner, residual=residual) from cause
pytest (3.14)	Run tests	2026-10-06T10:43:48.8324248Z E       packages.core.terminal.emulator.EmulatorStartupError: sidecar \u4e0d\u53ef\u7528\uff1adependency-missing:Cannot find package '@xterm/headless' imported from D:\\a\\pan\\pan\\packages\\core\\terminal\\emulator_sidecar\\sidecar.mjs\uff1b\u6e05\u7406=converged\uff080.006s, pid=8636\uff09
pytest (3.14)	Run tests	2026-10-06T10:43:48.8324362Z 
pytest (3.14)	Run tests	2026-10-06T10:43:48.8324854Z packages\core\terminal\emulator.py:904: EmulatorStartupError
pytest (3.14)	Run tests	2026-10-06T10:43:48.8325373Z ___________________ test_control_queue_overflow_is_visible ____________________
pytest (3.14)	Run tests	2026-10-06T10:43:48.8325390Z 
pytest (3.14)	Run tests	2026-10-06T10:43:48.8325787Z emu_factory = <function emu_factory.<locals>.make at 0x000001ECC40001A0>
pytest (3.14)	Run tests	2026-10-06T10:43:48.8325795Z 
pytest (3.14)	Run tests	2026-10-06T10:43:48.8326258Z     def test_control_queue_overflow_is_visible(emu_factory):
pytest (3.14)	Run tests	2026-10-06T10:43:48.8326612Z >       emu = emu_factory(max_queue_ops=8, max_queue_bytes=1024 * 1024)
pytest (3.14)	Run tests	2026-10-06T10:43:48.8326907Z               ^^^^^^^^^^^^^^^^^^^^^^^^^^^^^^^^^^^^^^^^^^^^^^^^^^^^^^^^^
pytest (3.14)	Run tests	2026-10-06T10:43:48.8327214Z 
pytest (3.14)	Run tests	2026-10-06T10:43:48.8327506Z tests\test_terminal_emulator.py:403: 
pytest (3.14)	Run tests	2026-10-06T10:43:48.8327709Z _ _ _ _ _ _ _ _ _ _ _ _ _ _ _ _ _ _ _ _ _ _ _ _ _ _ _ _ _ _ _ _ _ _ _ _ _ _ _ _
pytest (3.14)	Run tests	2026-10-06T10:43:48.8327965Z tests\test_terminal_emulator.py:87: in make
pytest (3.14)	Run tests	2026-10-06T10:43:48.8328199Z     emu = HeadlessEmulator(**kwargs)
pytest (3.14)	Run tests	2026-10-06T10:43:48.8328443Z           ^^^^^^^^^^^^^^^^^^^^^^^^^^
pytest (3.14)	Run tests	2026-10-06T10:43:48.8328786Z packages\core\terminal\emulator.py:747: in __init__
pytest (3.14)	Run tests	2026-10-06T10:43:48.8328980Z     self._spawn_and_handshake()
pytest (3.14)	Run tests	2026-10-06T10:43:48.8329490Z packages\core\terminal\emulator.py:838: in _spawn_and_handshake
pytest (3.14)	Run tests	2026-10-06T10:43:48.8329965Z     self._fail_startup(f"sidecar \u4e0d\u53ef\u7528\uff1a{self._startup_failure}")
pytest (3.14)	Run tests	2026-10-06T10:43:48.8330317Z _ _ _ _ _ _ _ _ _ _ _ _ _ _ _ _ _ _ _ _ _ _ _ _ _ _ _ _ _ _ _ _ _ _ _ _ _ _ _ _
pytest (3.14)	Run tests	2026-10-06T10:43:48.8330326Z 
pytest (3.14)	Run tests	2026-10-06T10:43:48.8330875Z self = <packages.core.terminal.emulator.HeadlessEmulator object at 0x000001ECC1588440>
pytest (3.14)	Run tests	2026-10-06T10:43:48.8332280Z reason = "sidecar \u4e0d\u53ef\u7528\uff1adependency-missing:Cannot find package '@xterm/headless' imported from D:\\\\a\\\\pan\\\\pan\\\\packages\\\\core\\\\terminal\\\\emulator_sidecar\\\\sidecar.mjs"
pytest (3.14)	Run tests	2026-10-06T10:43:48.8332552Z cause = None
pytest (3.14)	Run tests	2026-10-06T10:43:48.8332569Z 
pytest (3.14)	Run tests	2026-10-06T10:43:48.8333082Z     def _fail_startup(self, reason: str, *, cause: BaseException | None = None) -> NoReturn:
pytest (3.14)	Run tests	2026-10-06T10:43:48.8334099Z         """\u6784\u9020\u5931\u8d25\u7edf\u4e00\u51fa\u53e3\uff1a\u6709\u754c\u6574 Job \u6e05\u7406 + \u643a\u5e26 owner/\u6b8b\u7559\u4fe1\u606f\u7684\u5f02\u5e38\u3002
pytest (3.14)	Run tests	2026-10-06T10:43:48.8334325Z     
pytest (3.14)	Run tests	2026-10-06T10:43:48.8335241Z         \u6e05\u7406\u987a\u5e8f\u4e0e ``close`` \u4e00\u81f4\uff08\u5148\u6e05\u6811 \u2192 join \u7ebf\u7a0b \u2192 \u5173\u6d41 \u2192 guard.close\uff09\uff0c
pytest (3.14)	Run tests	2026-10-06T10:43:48.8336234Z         \u603b\u9884\u7b97\u4e3a ``shutdown_timeout``\uff1b\u5f02\u5e38\u643a\u5e26\u53ef\u91cd\u8bd5 ``owner``\uff08``retry_cleanup``\uff09
pytest (3.14)	Run tests	2026-10-06T10:43:48.8337017Z         \u4e0e ``residual``\uff08pid/\u8eab\u4efd/\u6e05\u7406\u6838\u9a8c/stderr \u6458\u8981\uff09\uff0c\u4e0d\u4ec5\u6587\u672c\u3002
pytest (3.14)	Run tests	2026-10-06T10:43:48.8337244Z         """
pytest (3.14)	Run tests	2026-10-06T10:43:48.8337503Z         detail: list[str] = []
pytest (3.14)	Run tests	2026-10-06T10:43:48.8337887Z         owner = StartupCleanupOwner(
pytest (3.14)	Run tests	2026-10-06T10:43:48.8338227Z             proc=self._proc,
pytest (3.14)	Run tests	2026-10-06T10:43:48.8338427Z             guard=self._guard,
pytest (3.14)	Run tests	2026-10-06T10:43:48.8338690Z             pid=self._sidecar_pid,
pytest (3.14)	Run tests	2026-10-06T10:43:48.8338925Z             identity=self._sidecar_identity,
pytest (3.14)	Run tests	2026-10-06T10:43:48.8339172Z             reader=self._reader_thread,
pytest (3.14)	Run tests	2026-10-06T10:43:48.8339817Z             stderr=self._stderr_thread,
pytest (3.14)	Run tests	2026-10-06T10:43:48.8340059Z             applier=self._applier_thread,
pytest (3.14)	Run tests	2026-10-06T10:43:48.8340343Z             kill_timeout=self._kill_timeout,
pytest (3.14)	Run tests	2026-10-06T10:43:48.8340512Z         )
pytest (3.14)	Run tests	2026-10-06T10:43:48.8340783Z         outcome = _reap_process_resources(
pytest (3.14)	Run tests	2026-10-06T10:43:48.8340994Z             proc=self._proc,
pytest (3.14)	Run tests	2026-10-06T10:43:48.8341303Z             guard=self._guard,
pytest (3.14)	Run tests	2026-10-06T10:43:48.8341559Z             pid=self._sidecar_pid,
pytest (3.14)	Run tests	2026-10-06T10:43:48.8341716Z             identity=self._sidecar_identity,
pytest (3.14)	Run tests	2026-10-06T10:43:48.8341935Z             reader=self._reader_thread,
pytest (3.14)	Run tests	2026-10-06T10:43:48.8342156Z             stderr=self._stderr_thread,
pytest (3.14)	Run tests	2026-10-06T10:43:48.8342452Z             applier=self._applier_thread,
pytest (3.14)	Run tests	2026-10-06T10:43:48.8342667Z             budget=self._shutdown_timeout,
pytest (3.14)	Run tests	2026-10-06T10:43:48.8342944Z             kill_timeout=self._kill_timeout,
pytest (3.14)	Run tests	2026-10-06T10:43:48.8343169Z             detail=detail,
pytest (3.14)	Run tests	2026-10-06T10:43:48.8343353Z         )
pytest (3.14)	Run tests	2026-10-06T10:43:48.8343616Z         residual = {
pytest (3.14)	Run tests	2026-10-06T10:43:48.8343812Z             "reason": reason,
pytest (3.14)	Run tests	2026-10-06T10:43:48.8344079Z             "pid": self._sidecar_pid,
pytest (3.14)	Run tests	2026-10-06T10:43:48.8344281Z             "identity_filetime": (
pytest (3.14)	Run tests	2026-10-06T10:43:48.8344804Z                 str(self._sidecar_identity.created_at_filetime)
pytest (3.14)	Run tests	2026-10-06T10:43:48.8345125Z                 if self._sidecar_identity is not None
pytest (3.14)	Run tests	2026-10-06T10:43:48.8345315Z                 else None
pytest (3.14)	Run tests	2026-10-06T10:43:48.8345540Z             ),
pytest (3.14)	Run tests	2026-10-06T10:43:48.8345785Z             "process_exited": outcome["root_dead"],
pytest (3.14)	Run tests	2026-10-06T10:43:48.8346084Z             "job_verified": outcome["job_verified"],
pytest (3.14)	Run tests	2026-10-06T10:43:48.8346350Z             "guard_closed": outcome["guard_closed"],
pytest (3.14)	Run tests	2026-10-06T10:43:48.8346636Z             "cleanup_closed": outcome["closed"],
pytest (3.14)	Run tests	2026-10-06T10:43:48.8346929Z             "cleanup_seconds": outcome["seconds"],
pytest (3.14)	Run tests	2026-10-06T10:43:48.8347246Z             "cleanup_detail": ", ".join(detail) if detail else "ok",
pytest (3.14)	Run tests	2026-10-06T10:43:48.8347480Z             "cleanup_errors": list(outcome["errors"]),
pytest (3.14)	Run tests	2026-10-06T10:43:48.8347681Z             "stderr_digest": self._stderr_digest(),
pytest (3.14)	Run tests	2026-10-06T10:43:48.8347924Z         }
pytest (3.14)	Run tests	2026-10-06T10:43:48.8348220Z         message = (
pytest (3.14)	Run tests	2026-10-06T10:43:48.8348630Z             f"{reason}\uff1b\u6e05\u7406={'converged' if outcome['closed'] else 'retained'}"
pytest (3.14)	Run tests	2026-10-06T10:43:48.8348974Z             f"\uff08{outcome['seconds']}s, pid={self._sidecar_pid}\uff09"
pytest (3.14)	Run tests	2026-10-06T10:43:48.8349124Z         )
pytest (3.14)	Run tests	2026-10-06T10:43:48.8349542Z >       raise EmulatorStartupError(message, owner=owner, residual=residual) from cause
pytest (3.14)	Run tests	2026-10-06T10:43:48.8350812Z E       packages.core.terminal.emulator.EmulatorStartupError: sidecar \u4e0d\u53ef\u7528\uff1adependency-missing:Cannot find package '@xterm/headless' imported from D:\\a\\pan\\pan\\packages\\core\\terminal\\emulator_sidecar\\sidecar.mjs\uff1b\u6e05\u7406=converged\uff080.006s, pid=1692\uff09
pytest (3.14)	Run tests	2026-10-06T10:43:48.8350885Z 
pytest (3.14)	Run tests	2026-10-06T10:43:48.8351144Z packages\core\terminal\emulator.py:904: EmulatorStartupError
pytest (3.14)	Run tests	2026-10-06T10:43:48.8351502Z __________ test_unknown_sequence_after_event_saturation_is_detected ___________
pytest (3.14)	Run tests	2026-10-06T10:43:48.8351511Z 
pytest (3.14)	Run tests	2026-10-06T10:43:48.8351863Z emu_factory = <function emu_factory.<locals>.make at 0x000001ECC402EF00>
pytest (3.14)	Run tests	2026-10-06T10:43:48.8351883Z 
pytest (3.14)	Run tests	2026-10-06T10:43:48.8352255Z     def test_unknown_sequence_after_event_saturation_is_detected(emu_factory):
pytest (3.14)	Run tests	2026-10-06T10:43:48.8353007Z         """4096 \u4e8b\u4ef6\u4e0a\u9650\u4e0d\u5f97\u63a9\u76d6\u540e\u6765\u7684\u672a\u77e5\u5e8f\u5217\uff08\u521d\u7248\u6f0f\u68c0 -> full\uff0c\u4fee\u590d\u540e partial\uff09\u3002"""
pytest (3.14)	Run tests	2026-10-06T10:43:48.8353387Z >       emu = emu_factory()
pytest (3.14)	Run tests	2026-10-06T10:43:48.8353607Z               ^^^^^^^^^^^^^
pytest (3.14)	Run tests	2026-10-06T10:43:48.8353616Z 
pytest (3.14)	Run tests	2026-10-06T10:43:48.8353895Z tests\test_terminal_emulator.py:418: 
pytest (3.14)	Run tests	2026-10-06T10:43:48.8354273Z _ _ _ _ _ _ _ _ _ _ _ _ _ _ _ _ _ _ _ _ _ _ _ _ _ _ _ _ _ _ _ _ _ _ _ _ _ _ _ _
pytest (3.14)	Run tests	2026-10-06T10:43:48.8354593Z tests\test_terminal_emulator.py:87: in make
pytest (3.14)	Run tests	2026-10-06T10:43:48.8354769Z     emu = HeadlessEmulator(**kwargs)
pytest (3.14)	Run tests	2026-10-06T10:43:48.8355016Z           ^^^^^^^^^^^^^^^^^^^^^^^^^^
pytest (3.14)	Run tests	2026-10-06T10:43:48.8355241Z packages\core\terminal\emulator.py:747: in __init__
pytest (3.14)	Run tests	2026-10-06T10:43:48.8355489Z     self._spawn_and_handshake()
pytest (3.14)	Run tests	2026-10-06T10:43:48.8355760Z packages\core\terminal\emulator.py:838: in _spawn_and_handshake
pytest (3.14)	Run tests	2026-10-06T10:43:48.8356149Z     self._fail_startup(f"sidecar \u4e0d\u53ef\u7528\uff1a{self._startup_failure}")
pytest (3.14)	Run tests	2026-10-06T10:43:48.8356407Z _ _ _ _ _ _ _ _ _ _ _ _ _ _ _ _ _ _ _ _ _ _ _ _ _ _ _ _ _ _ _ _ _ _ _ _ _ _ _ _
pytest (3.14)	Run tests	2026-10-06T10:43:48.8356425Z 
pytest (3.14)	Run tests	2026-10-06T10:43:48.8356830Z self = <packages.core.terminal.emulator.HeadlessEmulator object at 0x000001ECC158B380>
pytest (3.14)	Run tests	2026-10-06T10:43:48.8357692Z reason = "sidecar \u4e0d\u53ef\u7528\uff1adependency-missing:Cannot find package '@xterm/headless' imported from D:\\\\a\\\\pan\\\\pan\\\\packages\\\\core\\\\terminal\\\\emulator_sidecar\\\\sidecar.mjs"
pytest (3.14)	Run tests	2026-10-06T10:43:48.8357906Z cause = None
pytest (3.14)	Run tests	2026-10-06T10:43:48.8357914Z 
pytest (3.14)	Run tests	2026-10-06T10:43:48.8358264Z     def _fail_startup(self, reason: str, *, cause: BaseException | None = None) -> NoReturn:
pytest (3.14)	Run tests	2026-10-06T10:43:48.8359027Z         """\u6784\u9020\u5931\u8d25\u7edf\u4e00\u51fa\u53e3\uff1a\u6709\u754c\u6574 Job \u6e05\u7406 + \u643a\u5e26 owner/\u6b8b\u7559\u4fe1\u606f\u7684\u5f02\u5e38\u3002
pytest (3.14)	Run tests	2026-10-06T10:43:48.8359365Z     
pytest (3.14)	Run tests	2026-10-06T10:43:48.8360323Z         \u6e05\u7406\u987a\u5e8f\u4e0e ``close`` \u4e00\u81f4\uff08\u5148\u6e05\u6811 \u2192 join \u7ebf\u7a0b \u2192 \u5173\u6d41 \u2192 guard.close\uff09\uff0c
pytest (3.14)	Run tests	2026-10-06T10:43:48.8360935Z         \u603b\u9884\u7b97\u4e3a ``shutdown_timeout``\uff1b\u5f02\u5e38\u643a\u5e26\u53ef\u91cd\u8bd5 ``owner``\uff08``retry_cleanup``\uff09
pytest (3.14)	Run tests	2026-10-06T10:43:48.8361427Z         \u4e0e ``residual``\uff08pid/\u8eab\u4efd/\u6e05\u7406\u6838\u9a8c/stderr \u6458\u8981\uff09\uff0c\u4e0d\u4ec5\u6587\u672c\u3002
pytest (3.14)	Run tests	2026-10-06T10:43:48.8361607Z         """
pytest (3.14)	Run tests	2026-10-06T10:43:48.8361772Z         detail: list[str] = []
pytest (3.14)	Run tests	2026-10-06T10:43:48.8361990Z         owner = StartupCleanupOwner(
pytest (3.14)	Run tests	2026-10-06T10:43:48.8362188Z             proc=self._proc,
pytest (3.14)	Run tests	2026-10-06T10:43:48.8362335Z             guard=self._guard,
pytest (3.14)	Run tests	2026-10-06T10:43:48.8362536Z             pid=self._sidecar_pid,
pytest (3.14)	Run tests	2026-10-06T10:43:48.8362731Z             identity=self._sidecar_identity,
pytest (3.14)	Run tests	2026-10-06T10:43:48.8363034Z             reader=self._reader_thread,
pytest (3.14)	Run tests	2026-10-06T10:43:48.8363205Z             stderr=self._stderr_thread,
pytest (3.14)	Run tests	2026-10-06T10:43:48.8363434Z             applier=self._applier_thread,
pytest (3.14)	Run tests	2026-10-06T10:43:48.8363654Z             kill_timeout=self._kill_timeout,
pytest (3.14)	Run tests	2026-10-06T10:43:48.8363816Z         )
pytest (3.14)	Run tests	2026-10-06T10:43:48.8364043Z         outcome = _reap_process_resources(
pytest (3.14)	Run tests	2026-10-06T10:43:48.8364193Z             proc=self._proc,
pytest (3.14)	Run tests	2026-10-06T10:43:48.8364425Z             guard=self._guard,
pytest (3.14)	Run tests	2026-10-06T10:43:48.8364557Z             pid=self._sidecar_pid,
pytest (3.14)	Run tests	2026-10-06T10:43:48.8364830Z             identity=self._sidecar_identity,
pytest (3.14)	Run tests	2026-10-06T10:43:48.8365035Z             reader=self._reader_thread,
pytest (3.14)	Run tests	2026-10-06T10:43:48.8365190Z             stderr=self._stderr_thread,
pytest (3.14)	Run tests	2026-10-06T10:43:48.8365397Z             applier=self._applier_thread,
pytest (3.14)	Run tests	2026-10-06T10:43:48.8365555Z             budget=self._shutdown_timeout,
pytest (3.14)	Run tests	2026-10-06T10:43:48.8365793Z             kill_timeout=self._kill_timeout,
pytest (3.14)	Run tests	2026-10-06T10:43:48.8365940Z             detail=detail,
pytest (3.14)	Run tests	2026-10-06T10:43:48.8366112Z         )
pytest (3.14)	Run tests	2026-10-06T10:43:48.8366300Z         residual = {
pytest (3.14)	Run tests	2026-10-06T10:43:48.8366433Z             "reason": reason,
pytest (3.14)	Run tests	2026-10-06T10:43:48.8366678Z             "pid": self._sidecar_pid,
pytest (3.14)	Run tests	2026-10-06T10:43:48.8367029Z             "identity_filetime": (
pytest (3.14)	Run tests	2026-10-06T10:43:48.8367298Z                 str(self._sidecar_identity.created_at_filetime)
pytest (3.14)	Run tests	2026-10-06T10:43:48.8367491Z                 if self._sidecar_identity is not None
pytest (3.14)	Run tests	2026-10-06T10:43:48.8367666Z                 else None
pytest (3.14)	Run tests	2026-10-06T10:43:48.8367872Z             ),
pytest (3.14)	Run tests	2026-10-06T10:43:48.8368053Z             "process_exited": outcome["root_dead"],
pytest (3.14)	Run tests	2026-10-06T10:43:48.8368287Z             "job_verified": outcome["job_verified"],
pytest (3.14)	Run tests	2026-10-06T10:43:48.8368460Z             "guard_closed": outcome["guard_closed"],
pytest (3.14)	Run tests	2026-10-06T10:43:48.8368664Z             "cleanup_closed": outcome["closed"],
pytest (3.14)	Run tests	2026-10-06T10:43:48.8368855Z             "cleanup_seconds": outcome["seconds"],
pytest (3.14)	Run tests	2026-10-06T10:43:48.8369169Z             "cleanup_detail": ", ".join(detail) if detail else "ok",
pytest (3.14)	Run tests	2026-10-06T10:43:48.8369410Z             "cleanup_errors": list(outcome["errors"]),
pytest (3.14)	Run tests	2026-10-06T10:43:48.8369585Z             "stderr_digest": self._stderr_digest(),
pytest (3.14)	Run tests	2026-10-06T10:43:48.8369742Z         }
pytest (3.14)	Run tests	2026-10-06T10:43:48.8369881Z         message = (
pytest (3.14)	Run tests	2026-10-06T10:43:48.8370278Z             f"{reason}\uff1b\u6e05\u7406={'converged' if outcome['closed'] else 'retained'}"
pytest (3.14)	Run tests	2026-10-06T10:43:48.8370627Z             f"\uff08{outcome['seconds']}s, pid={self._sidecar_pid}\uff09"
pytest (3.14)	Run tests	2026-10-06T10:43:48.8370751Z         )
pytest (3.14)	Run tests	2026-10-06T10:43:48.8371140Z >       raise EmulatorStartupError(message, owner=owner, residual=residual) from cause
pytest (3.14)	Run tests	2026-10-06T10:43:48.8372455Z E       packages.core.terminal.emulator.EmulatorStartupError: sidecar \u4e0d\u53ef\u7528\uff1adependency-missing:Cannot find package '@xterm/headless' imported from D:\\a\\pan\\pan\\packages\\core\\terminal\\emulator_sidecar\\sidecar.mjs\uff1b\u6e05\u7406=converged\uff080.006s, pid=7712\uff09
pytest (3.14)	Run tests	2026-10-06T10:43:48.8372646Z 
pytest (3.14)	Run tests	2026-10-06T10:43:48.8373016Z packages\core\terminal\emulator.py:904: EmulatorStartupError
pytest (3.14)	Run tests	2026-10-06T10:43:48.8373350Z ___________________ test_engine_op_error_is_sticky_degraded ___________________
pytest (3.14)	Run tests	2026-10-06T10:43:48.8373366Z 
pytest (3.14)	Run tests	2026-10-06T10:43:48.8373642Z emu_factory = <function emu_factory.<locals>.make at 0x000001ECC3F6F270>
pytest (3.14)	Run tests	2026-10-06T10:43:48.8373651Z 
pytest (3.14)	Run tests	2026-10-06T10:43:48.8373907Z     def test_engine_op_error_is_sticky_degraded(emu_factory):
pytest (3.14)	Run tests	2026-10-06T10:43:48.8374548Z         """feed \u6267\u884c\u5f02\u5e38\u5fc5\u987b sticky \u964d\u7ea7\u4e14\u89e3\u6790\u5faa\u73af\u7ee7\u7eed\uff08\u521d\u7248\u4ec5\u8bb0\u5f55 -> full\uff09\u3002
pytest (3.14)	Run tests	2026-10-06T10:43:48.8374758Z     
pytest (3.14)	Run tests	2026-10-06T10:43:48.8375709Z         r4 \u8bed\u4e49\u9002\u914d\uff1a\u76f8\u90bb\u8fde\u7eed feed \u4f1a\u5408\u5e76\u4e3a\u5355\u5e27\uff0c\u6ce8\u5165\u9519\u8bef\u4f5c\u7528\u4e8e**\u6574\u6279**\uff08\u663e\u5f0f\u5931\u8d25\u3001
pytest (3.14)	Run tests	2026-10-06T10:43:48.8376452Z         \u4e0d\u5047\u6210\u529f\uff09\uff1b\u56e0\u6b64\u7528 barrier \u8ba9\u9519\u8bef\u6279\u5148\u5904\u7406\uff0c\u518d\u7528**\u72ec\u7acb\u6279**\u9a8c\u8bc1"\u5faa\u73af\u7ee7\u7eed"\u3002
pytest (3.14)	Run tests	2026-10-06T10:43:48.8376622Z         """
pytest (3.14)	Run tests	2026-10-06T10:43:48.8376983Z >       emu = emu_factory()
pytest (3.14)	Run tests	2026-10-06T10:43:48.8377150Z               ^^^^^^^^^^^^^
pytest (3.14)	Run tests	2026-10-06T10:43:48.8377159Z 
pytest (3.14)	Run tests	2026-10-06T10:43:48.8377496Z tests\test_terminal_emulator.py:432: 
pytest (3.14)	Run tests	2026-10-06T10:43:48.8377745Z _ _ _ _ _ _ _ _ _ _ _ _ _ _ _ _ _ _ _ _ _ _ _ _ _ _ _ _ _ _ _ _ _ _ _ _ _ _ _ _
pytest (3.14)	Run tests	2026-10-06T10:43:48.8377986Z tests\test_terminal_emulator.py:87: in make
pytest (3.14)	Run tests	2026-10-06T10:43:48.8378224Z     emu = HeadlessEmulator(**kwargs)
pytest (3.14)	Run tests	2026-10-06T10:43:48.8378476Z           ^^^^^^^^^^^^^^^^^^^^^^^^^^
pytest (3.14)	Run tests	2026-10-06T10:43:48.8378736Z packages\core\terminal\emulator.py:747: in __init__
pytest (3.14)	Run tests	2026-10-06T10:43:48.8378887Z     self._spawn_and_handshake()
pytest (3.14)	Run tests	2026-10-06T10:43:48.8379172Z packages\core\terminal\emulator.py:838: in _spawn_and_handshake
pytest (3.14)	Run tests	2026-10-06T10:43:48.8379500Z     self._fail_startup(f"sidecar \u4e0d\u53ef\u7528\uff1a{self._startup_failure}")
pytest (3.14)	Run tests	2026-10-06T10:43:48.8379789Z _ _ _ _ _ _ _ _ _ _ _ _ _ _ _ _ _ _ _ _ _ _ _ _ _ _ _ _ _ _ _ _ _ _ _ _ _ _ _ _
pytest (3.14)	Run tests	2026-10-06T10:43:48.8379798Z 
pytest (3.14)	Run tests	2026-10-06T10:43:48.8380884Z self = <packages.core.terminal.emulator.HeadlessEmulator object at 0x000001ECC158AF90>
pytest (3.14)	Run tests	2026-10-06T10:43:48.8381746Z reason = "sidecar \u4e0d\u53ef\u7528\uff1adependency-missing:Cannot find package '@xterm/headless' imported from D:\\\\a\\\\pan\\\\pan\\\\packages\\\\core\\\\terminal\\\\emulator_sidecar\\\\sidecar.mjs"
pytest (3.14)	Run tests	2026-10-06T10:43:48.8381911Z cause = None
pytest (3.14)	Run tests	2026-10-06T10:43:48.8381920Z 
pytest (3.14)	Run tests	2026-10-06T10:43:48.8382281Z     def _fail_startup(self, reason: str, *, cause: BaseException | None = None) -> NoReturn:
pytest (3.14)	Run tests	2026-10-06T10:43:48.8383068Z         """\u6784\u9020\u5931\u8d25\u7edf\u4e00\u51fa\u53e3\uff1a\u6709\u754c\u6574 Job \u6e05\u7406 + \u643a\u5e26 owner/\u6b8b\u7559\u4fe1\u606f\u7684\u5f02\u5e38\u3002
pytest (3.14)	Run tests	2026-10-06T10:43:48.8383265Z     
pytest (3.14)	Run tests	2026-10-06T10:43:48.8383846Z         \u6e05\u7406\u987a\u5e8f\u4e0e ``close`` \u4e00\u81f4\uff08\u5148\u6e05\u6811 \u2192 join \u7ebf\u7a0b \u2192 \u5173\u6d41 \u2192 guard.close\uff09\uff0c
pytest (3.14)	Run tests	2026-10-06T10:43:48.8384402Z         \u603b\u9884\u7b97\u4e3a ``shutdown_timeout``\uff1b\u5f02\u5e38\u643a\u5e26\u53ef\u91cd\u8bd5 ``owner``\uff08``retry_cleanup``\uff09
pytest (3.14)	Run tests	2026-10-06T10:43:48.8384928Z         \u4e0e ``residual``\uff08pid/\u8eab\u4efd/\u6e05\u7406\u6838\u9a8c/stderr \u6458\u8981\uff09\uff0c\u4e0d\u4ec5\u6587\u672c\u3002
pytest (3.14)	Run tests	2026-10-06T10:43:48.8385120Z         """
pytest (3.14)	Run tests	2026-10-06T10:43:48.8385315Z         detail: list[str] = []
pytest (3.14)	Run tests	2026-10-06T10:43:48.8385467Z         owner = StartupCleanupOwner(
pytest (3.14)	Run tests	2026-10-06T10:43:48.8385637Z             proc=self._proc,
pytest (3.14)	Run tests	2026-10-06T10:43:48.8385777Z             guard=self._guard,
pytest (3.14)	Run tests	2026-10-06T10:43:48.8385982Z             pid=self._sidecar_pid,
pytest (3.14)	Run tests	2026-10-06T10:43:48.8386347Z             identity=self._sidecar_identity,
pytest (3.14)	Run tests	2026-10-06T10:43:48.8386509Z             reader=self._reader_thread,
pytest (3.14)	Run tests	2026-10-06T10:43:48.8386698Z             stderr=self._stderr_thread,
pytest (3.14)	Run tests	2026-10-06T10:43:48.8386863Z             applier=self._applier_thread,
pytest (3.14)	Run tests	2026-10-06T10:43:48.8387093Z             kill_timeout=self._kill_timeout,
pytest (3.14)	Run tests	2026-10-06T10:43:48.8387222Z         )
pytest (3.14)	Run tests	2026-10-06T10:43:48.8387453Z         outcome = _reap_process_resources(
pytest (3.14)	Run tests	2026-10-06T10:43:48.8387622Z             proc=self._proc,
pytest (3.14)	Run tests	2026-10-06T10:43:48.8388083Z             guard=self._guard,
pytest (3.14)	Run tests	2026-10-06T10:43:48.8611576Z             pid=self._sidecar_pid,
pytest (3.14)	Run tests	2026-10-06T10:43:48.8612115Z             identity=self._sidecar_identity,
pytest (3.14)	Run tests	2026-10-06T10:43:48.8612301Z             reader=self._reader_thread,
pytest (3.14)	Run tests	2026-10-06T10:43:48.8612443Z             stderr=self._stderr_thread,
pytest (3.14)	Run tests	2026-10-06T10:43:48.8612649Z             applier=self._applier_thread,
pytest (3.14)	Run tests	2026-10-06T10:43:48.8612822Z             budget=self._shutdown_timeout,
pytest (3.14)	Run tests	2026-10-06T10:43:48.8612996Z             kill_timeout=self._kill_timeout,
pytest (3.14)	Run tests	2026-10-06T10:43:48.8613126Z             detail=detail,
pytest (3.14)	Run tests	2026-10-06T10:43:48.8613213Z         )
pytest (3.14)	Run tests	2026-10-06T10:43:48.8613339Z         residual = {
pytest (3.14)	Run tests	2026-10-06T10:43:48.8613436Z             "reason": reason,
pytest (3.14)	Run tests	2026-10-06T10:43:48.8613550Z             "pid": self._sidecar_pid,
pytest (3.14)	Run tests	2026-10-06T10:43:48.8613659Z             "identity_filetime": (
pytest (3.14)	Run tests	2026-10-06T10:43:48.8613839Z                 str(self._sidecar_identity.created_at_filetime)
pytest (3.14)	Run tests	2026-10-06T10:43:48.8613985Z                 if self._sidecar_identity is not None
pytest (3.14)	Run tests	2026-10-06T10:43:48.8614067Z                 else None
pytest (3.14)	Run tests	2026-10-06T10:43:48.8614149Z             ),
pytest (3.14)	Run tests	2026-10-06T10:43:48.8614279Z             "process_exited": outcome["root_dead"],
pytest (3.14)	Run tests	2026-10-06T10:43:48.8614441Z             "job_verified": outcome["job_verified"],
pytest (3.14)	Run tests	2026-10-06T10:43:48.8614573Z             "guard_closed": outcome["guard_closed"],
pytest (3.14)	Run tests	2026-10-06T10:43:48.8614699Z             "cleanup_closed": outcome["closed"],
pytest (3.14)	Run tests	2026-10-06T10:43:48.8614861Z             "cleanup_seconds": outcome["seconds"],
pytest (3.14)	Run tests	2026-10-06T10:43:48.8615068Z             "cleanup_detail": ", ".join(detail) if detail else "ok",
pytest (3.14)	Run tests	2026-10-06T10:43:48.8615252Z             "cleanup_errors": list(outcome["errors"]),
pytest (3.14)	Run tests	2026-10-06T10:43:48.8615406Z             "stderr_digest": self._stderr_digest(),
pytest (3.14)	Run tests	2026-10-06T10:43:48.8615535Z         }
pytest (3.14)	Run tests	2026-10-06T10:43:48.8615944Z         message = (
pytest (3.14)	Run tests	2026-10-06T10:43:48.8616291Z             f"{reason}\uff1b\u6e05\u7406={'converged' if outcome['closed'] else 'retained'}"
pytest (3.14)	Run tests	2026-10-06T10:43:48.8616841Z             f"\uff08{outcome['seconds']}s, pid={self._sidecar_pid}\uff09"
pytest (3.14)	Run tests	2026-10-06T10:43:48.8616951Z         )
pytest (3.14)	Run tests	2026-10-06T10:43:48.8617259Z >       raise EmulatorStartupError(message, owner=owner, residual=residual) from cause
pytest (3.14)	Run tests	2026-10-06T10:43:48.8618308Z E       packages.core.terminal.emulator.EmulatorStartupError: sidecar \u4e0d\u53ef\u7528\uff1adependency-missing:Cannot find package '@xterm/headless' imported from D:\\a\\pan\\pan\\packages\\core\\terminal\\emulator_sidecar\\sidecar.mjs\uff1b\u6e05\u7406=converged\uff080.006s, pid=1912\uff09
pytest (3.14)	Run tests	2026-10-06T10:43:48.8618362Z 
pytest (3.14)	Run tests	2026-10-06T10:43:48.8618567Z packages\core\terminal\emulator.py:904: EmulatorStartupError
pytest (3.14)	Run tests	2026-10-06T10:43:48.8618853Z _______ test_reset_baseline_uses_execution_position_not_future_frontier _______
pytest (3.14)	Run tests	2026-10-06T10:43:48.8618864Z 
pytest (3.14)	Run tests	2026-10-06T10:43:48.8619145Z emu_factory = <function emu_factory.<locals>.make at 0x000001ECC3B3ACF0>
pytest (3.14)	Run tests	2026-10-06T10:43:48.8619154Z 
pytest (3.14)	Run tests	2026-10-06T10:43:48.8619441Z     def test_reset_baseline_uses_execution_position_not_future_frontier(emu_factory):
pytest (3.14)	Run tests	2026-10-06T10:43:48.8620070Z         """reset \u65b0\u57fa\u7ebf = \u547d\u4ee4\u5b9e\u9645\u6267\u884c\u4f4d\u7f6e\uff0c\u4e0d\u5f97\u8bef\u53d6\u542b future queued feed \u7684\u5168\u5c40 frontier\u3002"""
pytest (3.14)	Run tests	2026-10-06T10:43:48.8620212Z >       emu = emu_factory(control_timeout=15.0)
pytest (3.14)	Run tests	2026-10-06T10:43:48.8620368Z               ^^^^^^^^^^^^^^^^^^^^^^^^^^^^^^^^^
pytest (3.14)	Run tests	2026-10-06T10:43:48.8620375Z 
pytest (3.14)	Run tests	2026-10-06T10:43:48.8620711Z tests\test_terminal_emulator.py:449: 
pytest (3.14)	Run tests	2026-10-06T10:43:48.8620905Z _ _ _ _ _ _ _ _ _ _ _ _ _ _ _ _ _ _ _ _ _ _ _ _ _ _ _ _ _ _ _ _ _ _ _ _ _ _ _ _
pytest (3.14)	Run tests	2026-10-06T10:43:48.8621076Z tests\test_terminal_emulator.py:87: in make
pytest (3.14)	Run tests	2026-10-06T10:43:48.8621192Z     emu = HeadlessEmulator(**kwargs)
pytest (3.14)	Run tests	2026-10-06T10:43:48.8621318Z           ^^^^^^^^^^^^^^^^^^^^^^^^^^
pytest (3.14)	Run tests	2026-10-06T10:43:48.8621505Z packages\core\terminal\emulator.py:747: in __init__
pytest (3.14)	Run tests	2026-10-06T10:43:48.8621652Z     self._spawn_and_handshake()
pytest (3.14)	Run tests	2026-10-06T10:43:48.8621849Z packages\core\terminal\emulator.py:838: in _spawn_and_handshake
pytest (3.14)	Run tests	2026-10-06T10:43:48.8622104Z     self._fail_startup(f"sidecar \u4e0d\u53ef\u7528\uff1a{self._startup_failure}")
pytest (3.14)	Run tests	2026-10-06T10:43:48.8622283Z _ _ _ _ _ _ _ _ _ _ _ _ _ _ _ _ _ _ _ _ _ _ _ _ _ _ _ _ _ _ _ _ _ _ _ _ _ _ _ _
pytest (3.14)	Run tests	2026-10-06T10:43:48.8622289Z 
pytest (3.14)	Run tests	2026-10-06T10:43:48.8622582Z self = <packages.core.terminal.emulator.HeadlessEmulator object at 0x000001ECC158B8C0>
pytest (3.14)	Run tests	2026-10-06T10:43:48.8623384Z reason = "sidecar \u4e0d\u53ef\u7528\uff1adependency-missing:Cannot find package '@xterm/headless' imported from D:\\\\a\\\\pan\\\\pan\\\\packages\\\\core\\\\terminal\\\\emulator_sidecar\\\\sidecar.mjs"
pytest (3.14)	Run tests	2026-10-06T10:43:48.8623488Z cause = None
pytest (3.14)	Run tests	2026-10-06T10:43:48.8623497Z 
pytest (3.14)	Run tests	2026-10-06T10:43:48.8623854Z     def _fail_startup(self, reason: str, *, cause: BaseException | None = None) -> NoReturn:
pytest (3.14)	Run tests	2026-10-06T10:43:48.8624979Z         """\u6784\u9020\u5931\u8d25\u7edf\u4e00\u51fa\u53e3\uff1a\u6709\u754c\u6574 Job \u6e05\u7406 + \u643a\u5e26 owner/\u6b8b\u7559\u4fe1\u606f\u7684\u5f02\u5e38\u3002
pytest (3.14)	Run tests	2026-10-06T10:43:48.8625258Z     
pytest (3.14)	Run tests	2026-10-06T10:43:48.8625899Z         \u6e05\u7406\u987a\u5e8f\u4e0e ``close`` \u4e00\u81f4\uff08\u5148\u6e05\u6811 \u2192 join \u7ebf\u7a0b \u2192 \u5173\u6d41 \u2192 guard.close\uff09\uff0c
pytest (3.14)	Run tests	2026-10-06T10:43:48.8626403Z         \u603b\u9884\u7b97\u4e3a ``shutdown_timeout``\uff1b\u5f02\u5e38\u643a\u5e26\u53ef\u91cd\u8bd5 ``owner``\uff08``retry_cleanup``\uff09
pytest (3.14)	Run tests	2026-10-06T10:43:48.8626909Z         \u4e0e ``residual``\uff08pid/\u8eab\u4efd/\u6e05\u7406\u6838\u9a8c/stderr \u6458\u8981\uff09\uff0c\u4e0d\u4ec5\u6587\u672c\u3002
pytest (3.14)	Run tests	2026-10-06T10:43:48.8627075Z         """
pytest (3.14)	Run tests	2026-10-06T10:43:48.8627208Z         detail: list[str] = []
pytest (3.14)	Run tests	2026-10-06T10:43:48.8627381Z         owner = StartupCleanupOwner(
pytest (3.14)	Run tests	2026-10-06T10:43:48.8627509Z             proc=self._proc,
pytest (3.14)	Run tests	2026-10-06T10:43:48.8627984Z             guard=self._guard,
pytest (3.14)	Run tests	2026-10-06T10:43:48.8628115Z             pid=self._sidecar_pid,
pytest (3.14)	Run tests	2026-10-06T10:43:48.8628349Z             identity=self._sidecar_identity,
pytest (3.14)	Run tests	2026-10-06T10:43:48.8628533Z             reader=self._reader_thread,
pytest (3.14)	Run tests	2026-10-06T10:43:48.8628659Z             stderr=self._stderr_thread,
pytest (3.14)	Run tests	2026-10-06T10:43:48.8628834Z             applier=self._applier_thread,
pytest (3.14)	Run tests	2026-10-06T10:43:48.8628984Z             kill_timeout=self._kill_timeout,
pytest (3.14)	Run tests	2026-10-06T10:43:48.8629125Z         )
pytest (3.14)	Run tests	2026-10-06T10:43:48.8629271Z         outcome = _reap_process_resources(
pytest (3.14)	Run tests	2026-10-06T10:43:48.8629419Z             proc=self._proc,
pytest (3.14)	Run tests	2026-10-06T10:43:48.8629576Z             guard=self._guard,
pytest (3.14)	Run tests	2026-10-06T10:43:48.8629711Z             pid=self._sidecar_pid,
pytest (3.14)	Run tests	2026-10-06T10:43:48.8629890Z             identity=self._sidecar_identity,
pytest (3.14)	Run tests	2026-10-06T10:43:48.8630024Z             reader=self._reader_thread,
pytest (3.14)	Run tests	2026-10-06T10:43:48.8630183Z             stderr=self._stderr_thread,
pytest (3.14)	Run tests	2026-10-06T10:43:48.8630327Z             applier=self._applier_thread,
pytest (3.14)	Run tests	2026-10-06T10:43:48.8630522Z             budget=self._shutdown_timeout,
pytest (3.14)	Run tests	2026-10-06T10:43:48.8630670Z             kill_timeout=self._kill_timeout,
pytest (3.14)	Run tests	2026-10-06T10:43:48.8630833Z             detail=detail,
pytest (3.14)	Run tests	2026-10-06T10:43:48.8630978Z         )
pytest (3.14)	Run tests	2026-10-06T10:43:48.8631098Z         residual = {
pytest (3.14)	Run tests	2026-10-06T10:43:48.8631255Z             "reason": reason,
pytest (3.14)	Run tests	2026-10-06T10:43:48.8631387Z             "pid": self._sidecar_pid,
pytest (3.14)	Run tests	2026-10-06T10:43:48.8631547Z             "identity_filetime": (
pytest (3.14)	Run tests	2026-10-06T10:43:48.8631750Z                 str(self._sidecar_identity.created_at_filetime)
pytest (3.14)	Run tests	2026-10-06T10:43:48.8631943Z                 if self._sidecar_identity is not None
pytest (3.14)	Run tests	2026-10-06T10:43:48.8632284Z                 else None
pytest (3.14)	Run tests	2026-10-06T10:43:48.8632391Z             ),
pytest (3.14)	Run tests	2026-10-06T10:43:48.8632580Z             "process_exited": outcome["root_dead"],
pytest (3.14)	Run tests	2026-10-06T10:43:48.8632730Z             "job_verified": outcome["job_verified"],
pytest (3.14)	Run tests	2026-10-06T10:43:48.8632953Z             "guard_closed": outcome["guard_closed"],
pytest (3.14)	Run tests	2026-10-06T10:43:48.8633137Z             "cleanup_closed": outcome["closed"],
pytest (3.14)	Run tests	2026-10-06T10:43:48.8633310Z             "cleanup_seconds": outcome["seconds"],
pytest (3.14)	Run tests	2026-10-06T10:43:48.8633539Z             "cleanup_detail": ", ".join(detail) if detail else "ok",
pytest (3.14)	Run tests	2026-10-06T10:43:48.8633696Z             "cleanup_errors": list(outcome["errors"]),
pytest (3.14)	Run tests	2026-10-06T10:43:48.8633878Z             "stderr_digest": self._stderr_digest(),
pytest (3.14)	Run tests	2026-10-06T10:43:48.8633968Z         }
pytest (3.14)	Run tests	2026-10-06T10:43:48.8634104Z         message = (
pytest (3.14)	Run tests	2026-10-06T10:43:48.8634417Z             f"{reason}\uff1b\u6e05\u7406={'converged' if outcome['closed'] else 'retained'}"
pytest (3.14)	Run tests	2026-10-06T10:43:48.8634680Z             f"\uff08{outcome['seconds']}s, pid={self._sidecar_pid}\uff09"
pytest (3.14)	Run tests	2026-10-06T10:43:48.8634827Z         )
pytest (3.14)	Run tests	2026-10-06T10:43:48.8635128Z >       raise EmulatorStartupError(message, owner=owner, residual=residual) from cause
pytest (3.14)	Run tests	2026-10-06T10:43:48.8636414Z E       packages.core.terminal.emulator.EmulatorStartupError: sidecar \u4e0d\u53ef\u7528\uff1adependency-missing:Cannot find package '@xterm/headless' imported from D:\\a\\pan\\pan\\packages\\core\\terminal\\emulator_sidecar\\sidecar.mjs\uff1b\u6e05\u7406=converged\uff080.006s, pid=9032\uff09
pytest (3.14)	Run tests	2026-10-06T10:43:48.8636439Z 
pytest (3.14)	Run tests	2026-10-06T10:43:48.8636649Z packages\core\terminal\emulator.py:904: EmulatorStartupError
pytest (3.14)	Run tests	2026-10-06T10:43:48.8636939Z _______________ test_reset_clears_old_gap_and_never_fakes_full ________________
pytest (3.14)	Run tests	2026-10-06T10:43:48.8636948Z 
pytest (3.14)	Run tests	2026-10-06T10:43:48.8637233Z emu_factory = <function emu_factory.<locals>.make at 0x000001ECC3B3A610>
pytest (3.14)	Run tests	2026-10-06T10:43:48.8637242Z 
pytest (3.14)	Run tests	2026-10-06T10:43:48.8637482Z     def test_reset_clears_old_gap_and_never_fakes_full(emu_factory):
pytest (3.14)	Run tests	2026-10-06T10:43:48.8638004Z         """reset \u540e\u65e7 gap \u4e0d\u5f97\u6c38\u4e45\u6c61\u67d3 cursor\uff1b\u4f46 reset \u4e5f\u4e0d\u5047\u6062\u590d full\u3002"""
pytest (3.14)	Run tests	2026-10-06T10:43:48.8638422Z >       emu = emu_factory(control_timeout=15.0)
pytest (3.14)	Run tests	2026-10-06T10:43:48.8638580Z               ^^^^^^^^^^^^^^^^^^^^^^^^^^^^^^^^^
pytest (3.14)	Run tests	2026-10-06T10:43:48.8638782Z 
pytest (3.14)	Run tests	2026-10-06T10:43:48.8638978Z tests\test_terminal_emulator.py:474: 
pytest (3.14)	Run tests	2026-10-06T10:43:48.8639171Z _ _ _ _ _ _ _ _ _ _ _ _ _ _ _ _ _ _ _ _ _ _ _ _ _ _ _ _ _ _ _ _ _ _ _ _ _ _ _ _
pytest (3.14)	Run tests	2026-10-06T10:43:48.8639343Z tests\test_terminal_emulator.py:87: in make
pytest (3.14)	Run tests	2026-10-06T10:43:48.8639469Z     emu = HeadlessEmulator(**kwargs)
pytest (3.14)	Run tests	2026-10-06T10:43:48.8639611Z           ^^^^^^^^^^^^^^^^^^^^^^^^^^
pytest (3.14)	Run tests	2026-10-06T10:43:48.8639809Z packages\core\terminal\emulator.py:747: in __init__
pytest (3.14)	Run tests	2026-10-06T10:43:48.8639938Z     self._spawn_and_handshake()
pytest (3.14)	Run tests	2026-10-06T10:43:48.8640197Z packages\core\terminal\emulator.py:838: in _spawn_and_handshake
pytest (3.14)	Run tests	2026-10-06T10:43:48.8640460Z     self._fail_startup(f"sidecar \u4e0d\u53ef\u7528\uff1a{self._startup_failure}")
pytest (3.14)	Run tests	2026-10-06T10:43:48.8640679Z _ _ _ _ _ _ _ _ _ _ _ _ _ _ _ _ _ _ _ _ _ _ _ _ _ _ _ _ _ _ _ _ _ _ _ _ _ _ _ _
pytest (3.14)	Run tests	2026-10-06T10:43:48.8640687Z 
pytest (3.14)	Run tests	2026-10-06T10:43:48.8641073Z self = <packages.core.terminal.emulator.HeadlessEmulator object at 0x000001ECB9475E80>
pytest (3.14)	Run tests	2026-10-06T10:43:48.8641842Z reason = "sidecar \u4e0d\u53ef\u7528\uff1adependency-missing:Cannot find package '@xterm/headless' imported from D:\\\\a\\\\pan\\\\pan\\\\packages\\\\core\\\\terminal\\\\emulator_sidecar\\\\sidecar.mjs"
pytest (3.14)	Run tests	2026-10-06T10:43:48.8641984Z cause = None
pytest (3.14)	Run tests	2026-10-06T10:43:48.8641994Z 
pytest (3.14)	Run tests	2026-10-06T10:43:48.8642297Z     def _fail_startup(self, reason: str, *, cause: BaseException | None = None) -> NoReturn:
pytest (3.14)	Run tests	2026-10-06T10:43:48.8642880Z         """\u6784\u9020\u5931\u8d25\u7edf\u4e00\u51fa\u53e3\uff1a\u6709\u754c\u6574 Job \u6e05\u7406 + \u643a\u5e26 owner/\u6b8b\u7559\u4fe1\u606f\u7684\u5f02\u5e38\u3002
pytest (3.14)	Run tests	2026-10-06T10:43:48.8643185Z     
pytest (3.14)	Run tests	2026-10-06T10:43:48.8643701Z         \u6e05\u7406\u987a\u5e8f\u4e0e ``close`` \u4e00\u81f4\uff08\u5148\u6e05\u6811 \u2192 join \u7ebf\u7a0b \u2192 \u5173\u6d41 \u2192 guard.close\uff09\uff0c
pytest (3.14)	Run tests	2026-10-06T10:43:48.8644235Z         \u603b\u9884\u7b97\u4e3a ``shutdown_timeout``\uff1b\u5f02\u5e38\u643a\u5e26\u53ef\u91cd\u8bd5 ``owner``\uff08``retry_cleanup``\uff09
pytest (3.14)	Run tests	2026-10-06T10:43:48.8644705Z         \u4e0e ``residual``\uff08pid/\u8eab\u4efd/\u6e05\u7406\u6838\u9a8c/stderr \u6458\u8981\uff09\uff0c\u4e0d\u4ec5\u6587\u672c\u3002
pytest (3.14)	Run tests	2026-10-06T10:43:48.8644885Z         """
pytest (3.14)	Run tests	2026-10-06T10:43:48.8645054Z         detail: list[str] = []
pytest (3.14)	Run tests	2026-10-06T10:43:48.8645186Z         owner = StartupCleanupOwner(
pytest (3.14)	Run tests	2026-10-06T10:43:48.8645327Z             proc=self._proc,
pytest (3.14)	Run tests	2026-10-06T10:43:48.8645431Z             guard=self._guard,
pytest (3.14)	Run tests	2026-10-06T10:43:48.8645593Z             pid=self._sidecar_pid,
pytest (3.14)	Run tests	2026-10-06T10:43:48.8645754Z             identity=self._sidecar_identity,
pytest (3.14)	Run tests	2026-10-06T10:43:48.8645961Z             reader=self._reader_thread,
pytest (3.14)	Run tests	2026-10-06T10:43:48.8646116Z             stderr=self._stderr_thread,
pytest (3.14)	Run tests	2026-10-06T10:43:48.8646287Z             applier=self._applier_thread,
pytest (3.14)	Run tests	2026-10-06T10:43:48.8646442Z             kill_timeout=self._kill_timeout,
pytest (3.14)	Run tests	2026-10-06T10:43:48.8646539Z         )
pytest (3.14)	Run tests	2026-10-06T10:43:48.8646707Z         outcome = _reap_process_resources(
pytest (3.14)	Run tests	2026-10-06T10:43:48.8646833Z             proc=self._proc,
pytest (3.14)	Run tests	2026-10-06T10:43:48.8646981Z             guard=self._guard,
pytest (3.14)	Run tests	2026-10-06T10:43:48.8647097Z             pid=self._sidecar_pid,
pytest (3.14)	Run tests	2026-10-06T10:43:48.8647258Z             identity=self._sidecar_identity,
pytest (3.14)	Run tests	2026-10-06T10:43:48.8647412Z             reader=self._reader_thread,
pytest (3.14)	Run tests	2026-10-06T10:43:48.8647537Z             stderr=self._stderr_thread,
pytest (3.14)	Run tests	2026-10-06T10:43:48.8647705Z             applier=self._applier_thread,
pytest (3.14)	Run tests	2026-10-06T10:43:48.8647834Z             budget=self._shutdown_timeout,
pytest (3.14)	Run tests	2026-10-06T10:43:48.8647995Z             kill_timeout=self._kill_timeout,
pytest (3.14)	Run tests	2026-10-06T10:43:48.8648114Z             detail=detail,
pytest (3.14)	Run tests	2026-10-06T10:43:48.8648236Z         )
pytest (3.14)	Run tests	2026-10-06T10:43:48.8648372Z         residual = {
pytest (3.14)	Run tests	2026-10-06T10:43:48.8648484Z             "reason": reason,
pytest (3.14)	Run tests	2026-10-06T10:43:48.8648664Z             "pid": self._sidecar_pid,
pytest (3.14)	Run tests	2026-10-06T10:43:48.8648802Z             "identity_filetime": (
pytest (3.14)	Run tests	2026-10-06T10:43:48.8649031Z                 str(self._sidecar_identity.created_at_filetime)
pytest (3.14)	Run tests	2026-10-06T10:43:48.8650404Z                 if self._sidecar_identity is not None
pytest (3.14)	Run tests	2026-10-06T10:43:48.8650552Z                 else None
pytest (3.14)	Run tests	2026-10-06T10:43:48.8650680Z             ),
pytest (3.14)	Run tests	2026-10-06T10:43:48.8650841Z             "process_exited": outcome["root_dead"],
pytest (3.14)	Run tests	2026-10-06T10:43:48.8651020Z             "job_verified": outcome["job_verified"],
pytest (3.14)	Run tests	2026-10-06T10:43:48.8651173Z             "guard_closed": outcome["guard_closed"],
pytest (3.14)	Run tests	2026-10-06T10:43:48.8651348Z             "cleanup_closed": outcome["closed"],
pytest (3.14)	Run tests	2026-10-06T10:43:48.8651497Z             "cleanup_seconds": outcome["seconds"],
pytest (3.14)	Run tests	2026-10-06T10:43:48.8651719Z             "cleanup_detail": ", ".join(detail) if detail else "ok",
pytest (3.14)	Run tests	2026-10-06T10:43:48.8651872Z             "cleanup_errors": list(outcome["errors"]),
pytest (3.14)	Run tests	2026-10-06T10:43:48.8652004Z             "stderr_digest": self._stderr_digest(),
pytest (3.14)	Run tests	2026-10-06T10:43:48.8652130Z         }
pytest (3.14)	Run tests	2026-10-06T10:43:48.8652258Z         message = (
pytest (3.14)	Run tests	2026-10-06T10:43:48.8652607Z             f"{reason}\uff1b\u6e05\u7406={'converged' if outcome['closed'] else 'retained'}"
pytest (3.14)	Run tests	2026-10-06T10:43:48.8652827Z             f"\uff08{outcome['seconds']}s, pid={self._sidecar_pid}\uff09"
pytest (3.14)	Run tests	2026-10-06T10:43:48.8652962Z         )
pytest (3.14)	Run tests	2026-10-06T10:43:48.8653291Z >       raise EmulatorStartupError(message, owner=owner, residual=residual) from cause
pytest (3.14)	Run tests	2026-10-06T10:43:48.8654544Z E       packages.core.terminal.emulator.EmulatorStartupError: sidecar \u4e0d\u53ef\u7528\uff1adependency-missing:Cannot find package '@xterm/headless' imported from D:\\a\\pan\\pan\\packages\\core\\terminal\\emulator_sidecar\\sidecar.mjs\uff1b\u6e05\u7406=converged\uff080.006s, pid=4364\uff09
pytest (3.14)	Run tests	2026-10-06T10:43:48.8654723Z 
pytest (3.14)	Run tests	2026-10-06T10:43:48.8654986Z packages\core\terminal\emulator.py:904: EmulatorStartupError
pytest (3.14)	Run tests	2026-10-06T10:43:48.8655247Z ________________ test_duplicate_feed_bytes_not_double_consumed ________________
pytest (3.14)	Run tests	2026-10-06T10:43:48.8655291Z 
pytest (3.14)	Run tests	2026-10-06T10:43:48.8655511Z emu_factory = <function emu_factory.<locals>.make at 0x000001ECC3B3A140>
pytest (3.14)	Run tests	2026-10-06T10:43:48.8655524Z 
pytest (3.14)	Run tests	2026-10-06T10:43:48.8655746Z     def test_duplicate_feed_bytes_not_double_consumed(emu_factory):
pytest (3.14)	Run tests	2026-10-06T10:43:48.8655869Z >       emu = emu_factory()
pytest (3.14)	Run tests	2026-10-06T10:43:48.8656024Z               ^^^^^^^^^^^^^
pytest (3.14)	Run tests	2026-10-06T10:43:48.8656030Z 
pytest (3.14)	Run tests	2026-10-06T10:43:48.8656164Z tests\test_terminal_emulator.py:489: 
pytest (3.14)	Run tests	2026-10-06T10:43:48.8656411Z _ _ _ _ _ _ _ _ _ _ _ _ _ _ _ _ _ _ _ _ _ _ _ _ _ _ _ _ _ _ _ _ _ _ _ _ _ _ _ _
pytest (3.14)	Run tests	2026-10-06T10:43:48.8656620Z tests\test_terminal_emulator.py:87: in make
pytest (3.14)	Run tests	2026-10-06T10:43:48.8656770Z     emu = HeadlessEmulator(**kwargs)
pytest (3.14)	Run tests	2026-10-06T10:43:48.8656912Z           ^^^^^^^^^^^^^^^^^^^^^^^^^^
pytest (3.14)	Run tests	2026-10-06T10:43:48.8657106Z packages\core\terminal\emulator.py:747: in __init__
pytest (3.14)	Run tests	2026-10-06T10:43:48.8657258Z     self._spawn_and_handshake()
pytest (3.14)	Run tests	2026-10-06T10:43:48.8657477Z packages\core\terminal\emulator.py:838: in _spawn_and_handshake
pytest (3.14)	Run tests	2026-10-06T10:43:48.8657801Z     self._fail_startup(f"sidecar \u4e0d\u53ef\u7528\uff1a{self._startup_failure}")
pytest (3.14)	Run tests	2026-10-06T10:43:48.8658008Z _ _ _ _ _ _ _ _ _ _ _ _ _ _ _ _ _ _ _ _ _ _ _ _ _ _ _ _ _ _ _ _ _ _ _ _ _ _ _ _
pytest (3.14)	Run tests	2026-10-06T10:43:48.8658016Z 
pytest (3.14)	Run tests	2026-10-06T10:43:48.8658599Z self = <packages.core.terminal.emulator.HeadlessEmulator object at 0x000001ECC158B8C0>
pytest (3.14)	Run tests	2026-10-06T10:43:48.8659405Z reason = "sidecar \u4e0d\u53ef\u7528\uff1adependency-missing:Cannot find package '@xterm/headless' imported from D:\\\\a\\\\pan\\\\pan\\\\packages\\\\core\\\\terminal\\\\emulator_sidecar\\\\sidecar.mjs"
pytest (3.14)	Run tests	2026-10-06T10:43:48.8659525Z cause = None
pytest (3.14)	Run tests	2026-10-06T10:43:48.8659553Z 
pytest (3.14)	Run tests	2026-10-06T10:43:48.8659853Z     def _fail_startup(self, reason: str, *, cause: BaseException | None = None) -> NoReturn:
pytest (3.14)	Run tests	2026-10-06T10:43:48.8660461Z         """\u6784\u9020\u5931\u8d25\u7edf\u4e00\u51fa\u53e3\uff1a\u6709\u754c\u6574 Job \u6e05\u7406 + \u643a\u5e26 owner/\u6b8b\u7559\u4fe1\u606f\u7684\u5f02\u5e38\u3002
pytest (3.14)	Run tests	2026-10-06T10:43:48.8660572Z     
pytest (3.14)	Run tests	2026-10-06T10:43:48.8661090Z         \u6e05\u7406\u987a\u5e8f\u4e0e ``close`` \u4e00\u81f4\uff08\u5148\u6e05\u6811 \u2192 join \u7ebf\u7a0b \u2192 \u5173\u6d41 \u2192 guard.close\uff09\uff0c
pytest (3.14)	Run tests	2026-10-06T10:43:48.8662113Z         \u603b\u9884\u7b97\u4e3a ``shutdown_timeout``\uff1b\u5f02\u5e38\u643a\u5e26\u53ef\u91cd\u8bd5 ``owner``\uff08``retry_cleanup``\uff09
pytest (3.14)	Run tests	2026-10-06T10:43:48.8662617Z         \u4e0e ``residual``\uff08pid/\u8eab\u4efd/\u6e05\u7406\u6838\u9a8c/stderr \u6458\u8981\uff09\uff0c\u4e0d\u4ec5\u6587\u672c\u3002
pytest (3.14)	Run tests	2026-10-06T10:43:48.8662747Z         """
pytest (3.14)	Run tests	2026-10-06T10:43:48.8662873Z         detail: list[str] = []
pytest (3.14)	Run tests	2026-10-06T10:43:48.8663042Z         owner = StartupCleanupOwner(
pytest (3.14)	Run tests	2026-10-06T10:43:48.8663170Z             proc=self._proc,
pytest (3.14)	Run tests	2026-10-06T10:43:48.8663328Z             guard=self._guard,
pytest (3.14)	Run tests	2026-10-06T10:43:48.8663486Z             pid=self._sidecar_pid,
pytest (3.14)	Run tests	2026-10-06T10:43:48.8663637Z             identity=self._sidecar_identity,
pytest (3.14)	Run tests	2026-10-06T10:43:48.8663798Z             reader=self._reader_thread,
pytest (3.14)	Run tests	2026-10-06T10:43:48.8663914Z             stderr=self._stderr_thread,
pytest (3.14)	Run tests	2026-10-06T10:43:48.8664087Z             applier=self._applier_thread,
pytest (3.14)	Run tests	2026-10-06T10:43:48.8664227Z             kill_timeout=self._kill_timeout,
pytest (3.14)	Run tests	2026-10-06T10:43:48.8664385Z         )
pytest (3.14)	Run tests	2026-10-06T10:43:48.8664535Z         outcome = _reap_process_resources(
pytest (3.14)	Run tests	2026-10-06T10:43:48.8664697Z             proc=self._proc,
pytest (3.14)	Run tests	2026-10-06T10:43:48.8664860Z             guard=self._guard,
pytest (3.14)	Run tests	2026-10-06T10:43:48.8664995Z             pid=self._sidecar_pid,
pytest (3.14)	Run tests	2026-10-06T10:43:48.8665165Z             identity=self._sidecar_identity,
pytest (3.14)	Run tests	2026-10-06T10:43:48.8665299Z             reader=self._reader_thread,
pytest (3.14)	Run tests	2026-10-06T10:43:48.8665475Z             stderr=self._stderr_thread,
pytest (3.14)	Run tests	2026-10-06T10:43:48.8665761Z             applier=self._applier_thread,
pytest (3.14)	Run tests	2026-10-06T10:43:48.8665957Z             budget=self._shutdown_timeout,
pytest (3.14)	Run tests	2026-10-06T10:43:48.8666127Z             kill_timeout=self._kill_timeout,
pytest (3.14)	Run tests	2026-10-06T10:43:48.8666236Z             detail=detail,
pytest (3.14)	Run tests	2026-10-06T10:43:48.8666360Z         )
pytest (3.14)	Run tests	2026-10-06T10:43:48.8666481Z         residual = {
pytest (3.14)	Run tests	2026-10-06T10:43:48.8666636Z             "reason": reason,
pytest (3.14)	Run tests	2026-10-06T10:43:48.8666755Z             "pid": self._sidecar_pid,
pytest (3.14)	Run tests	2026-10-06T10:43:48.8666915Z             "identity_filetime": (
pytest (3.14)	Run tests	2026-10-06T10:43:48.8667150Z                 str(self._sidecar_identity.created_at_filetime)
pytest (3.14)	Run tests	2026-10-06T10:43:48.8667309Z                 if self._sidecar_identity is not None
pytest (3.14)	Run tests	2026-10-06T10:43:48.8667437Z                 else None
pytest (3.14)	Run tests	2026-10-06T10:43:48.8667530Z             ),
pytest (3.14)	Run tests	2026-10-06T10:43:48.8667702Z             "process_exited": outcome["root_dead"],
pytest (3.14)	Run tests	2026-10-06T10:43:48.8667851Z             "job_verified": outcome["job_verified"],
pytest (3.14)	Run tests	2026-10-06T10:43:48.8668027Z             "guard_closed": outcome["guard_closed"],
pytest (3.14)	Run tests	2026-10-06T10:43:48.8668218Z             "cleanup_closed": outcome["closed"],
pytest (3.14)	Run tests	2026-10-06T10:43:48.8668360Z             "cleanup_seconds": outcome["seconds"],
pytest (3.14)	Run tests	2026-10-06T10:43:48.8668576Z             "cleanup_detail": ", ".join(detail) if detail else "ok",
pytest (3.14)	Run tests	2026-10-06T10:43:48.8668738Z             "cleanup_errors": list(outcome["errors"]),
pytest (3.14)	Run tests	2026-10-06T10:43:48.8668919Z             "stderr_digest": self._stderr_digest(),
pytest (3.14)	Run tests	2026-10-06T10:43:48.8669015Z         }
pytest (3.14)	Run tests	2026-10-06T10:43:48.8669147Z         message = (
pytest (3.14)	Run tests	2026-10-06T10:43:48.8669453Z             f"{reason}\uff1b\u6e05\u7406={'converged' if outcome['closed'] else 'retained'}"
pytest (3.14)	Run tests	2026-10-06T10:43:48.8669680Z             f"\uff08{outcome['seconds']}s, pid={self._sidecar_pid}\uff09"
pytest (3.14)	Run tests	2026-10-06T10:43:48.8669815Z         )
pytest (3.14)	Run tests	2026-10-06T10:43:48.8670116Z >       raise EmulatorStartupError(message, owner=owner, residual=residual) from cause
pytest (3.14)	Run tests	2026-10-06T10:43:48.8671291Z E       packages.core.terminal.emulator.EmulatorStartupError: sidecar \u4e0d\u53ef\u7528\uff1adependency-missing:Cannot find package '@xterm/headless' imported from D:\\a\\pan\\pan\\packages\\core\\terminal\\emulator_sidecar\\sidecar.mjs\uff1b\u6e05\u7406=converged\uff080.006s, pid=5028\uff09
pytest (3.14)	Run tests	2026-10-06T10:43:48.8671310Z 
pytest (3.14)	Run tests	2026-10-06T10:43:48.8671554Z packages\core\terminal\emulator.py:904: EmulatorStartupError
pytest (3.14)	Run tests	2026-10-06T10:43:48.8672286Z ______________ test_sidecar_crash_is_visible_and_close_converges ______________
pytest (3.14)	Run tests	2026-10-06T10:43:48.8672294Z 
pytest (3.14)	Run tests	2026-10-06T10:43:48.8672538Z emu_factory = <function emu_factory.<locals>.make at 0x000001ECC3B3BCC0>
pytest (3.14)	Run tests	2026-10-06T10:43:48.8672545Z 
pytest (3.14)	Run tests	2026-10-06T10:43:48.8672776Z     def test_sidecar_crash_is_visible_and_close_converges(emu_factory):
pytest (3.14)	Run tests	2026-10-06T10:43:48.8672935Z >       emu = emu_factory()
pytest (3.14)	Run tests	2026-10-06T10:43:48.8673071Z               ^^^^^^^^^^^^^
pytest (3.14)	Run tests	2026-10-06T10:43:48.8673078Z 
pytest (3.14)	Run tests	2026-10-06T10:43:48.8673224Z tests\test_terminal_emulator.py:505: 
pytest (3.14)	Run tests	2026-10-06T10:43:48.8673422Z _ _ _ _ _ _ _ _ _ _ _ _ _ _ _ _ _ _ _ _ _ _ _ _ _ _ _ _ _ _ _ _ _ _ _ _ _ _ _ _
pytest (3.14)	Run tests	2026-10-06T10:43:48.8673562Z tests\test_terminal_emulator.py:87: in make
pytest (3.14)	Run tests	2026-10-06T10:43:48.8673718Z     emu = HeadlessEmulator(**kwargs)
pytest (3.14)	Run tests	2026-10-06T10:43:48.8673814Z           ^^^^^^^^^^^^^^^^^^^^^^^^^^
pytest (3.14)	Run tests	2026-10-06T10:43:48.8674026Z packages\core\terminal\emulator.py:747: in __init__
pytest (3.14)	Run tests	2026-10-06T10:43:48.8674179Z     self._spawn_and_handshake()
pytest (3.14)	Run tests	2026-10-06T10:43:48.8674392Z packages\core\terminal\emulator.py:838: in _spawn_and_handshake
pytest (3.14)	Run tests	2026-10-06T10:43:48.8674693Z     self._fail_startup(f"sidecar \u4e0d\u53ef\u7528\uff1a{self._startup_failure}")
pytest (3.14)	Run tests	2026-10-06T10:43:48.8674877Z _ _ _ _ _ _ _ _ _ _ _ _ _ _ _ _ _ _ _ _ _ _ _ _ _ _ _ _ _ _ _ _ _ _ _ _ _ _ _ _
pytest (3.14)	Run tests	2026-10-06T10:43:48.8674884Z 
pytest (3.14)	Run tests	2026-10-06T10:43:48.8675248Z self = <packages.core.terminal.emulator.HeadlessEmulator object at 0x000001ECC158AF90>
pytest (3.14)	Run tests	2026-10-06T10:43:48.8676049Z reason = "sidecar \u4e0d\u53ef\u7528\uff1adependency-missing:Cannot find package '@xterm/headless' imported from D:\\\\a\\\\pan\\\\pan\\\\packages\\\\core\\\\terminal\\\\emulator_sidecar\\\\sidecar.mjs"
pytest (3.14)	Run tests	2026-10-06T10:43:48.8676291Z cause = None
pytest (3.14)	Run tests	2026-10-06T10:43:48.8676300Z 
pytest (3.14)	Run tests	2026-10-06T10:43:48.8676624Z     def _fail_startup(self, reason: str, *, cause: BaseException | None = None) -> NoReturn:
pytest (3.14)	Run tests	2026-10-06T10:43:48.8677201Z         """\u6784\u9020\u5931\u8d25\u7edf\u4e00\u51fa\u53e3\uff1a\u6709\u754c\u6574 Job \u6e05\u7406 + \u643a\u5e26 owner/\u6b8b\u7559\u4fe1\u606f\u7684\u5f02\u5e38\u3002
pytest (3.14)	Run tests	2026-10-06T10:43:48.8677351Z     
pytest (3.14)	Run tests	2026-10-06T10:43:48.8677893Z         \u6e05\u7406\u987a\u5e8f\u4e0e ``close`` \u4e00\u81f4\uff08\u5148\u6e05\u6811 \u2192 join \u7ebf\u7a0b \u2192 \u5173\u6d41 \u2192 guard.close\uff09\uff0c
pytest (3.14)	Run tests	2026-10-06T10:43:48.8678616Z         \u603b\u9884\u7b97\u4e3a ``shutdown_timeout``\uff1b\u5f02\u5e38\u643a\u5e26\u53ef\u91cd\u8bd5 ``owner``\uff08``retry_cleanup``\uff09
pytest (3.14)	Run tests	2026-10-06T10:43:48.8679142Z         \u4e0e ``residual``\uff08pid/\u8eab\u4efd/\u6e05\u7406\u6838\u9a8c/stderr \u6458\u8981\uff09\uff0c\u4e0d\u4ec5\u6587\u672c\u3002
pytest (3.14)	Run tests	2026-10-06T10:43:48.8679257Z         """
pytest (3.14)	Run tests	2026-10-06T10:43:48.8679407Z         detail: list[str] = []
pytest (3.14)	Run tests	2026-10-06T10:43:48.8679567Z         owner = StartupCleanupOwner(
pytest (3.14)	Run tests	2026-10-06T10:43:48.8679683Z             proc=self._proc,
pytest (3.14)	Run tests	2026-10-06T10:43:48.8679829Z             guard=self._guard,
pytest (3.14)	Run tests	2026-10-06T10:43:48.8679957Z             pid=self._sidecar_pid,
pytest (3.14)	Run tests	2026-10-06T10:43:48.8680136Z             identity=self._sidecar_identity,
pytest (3.14)	Run tests	2026-10-06T10:43:48.8680271Z             reader=self._reader_thread,
pytest (3.14)	Run tests	2026-10-06T10:43:48.8680424Z             stderr=self._stderr_thread,
pytest (3.14)	Run tests	2026-10-06T10:43:48.8680586Z             applier=self._applier_thread,
pytest (3.14)	Run tests	2026-10-06T10:43:48.8680710Z             kill_timeout=self._kill_timeout,
pytest (3.14)	Run tests	2026-10-06T10:43:48.8680833Z         )
pytest (3.14)	Run tests	2026-10-06T10:43:48.8680963Z         outcome = _reap_process_resources(
pytest (3.14)	Run tests	2026-10-06T10:43:48.8681103Z             proc=self._proc,
pytest (3.14)	Run tests	2026-10-06T10:43:48.8681218Z             guard=self._guard,
pytest (3.14)	Run tests	2026-10-06T10:43:48.8681392Z             pid=self._sidecar_pid,
pytest (3.14)	Run tests	2026-10-06T10:43:48.8681539Z             identity=self._sidecar_identity,
pytest (3.14)	Run tests	2026-10-06T10:43:48.8681700Z             reader=self._reader_thread,
pytest (3.14)	Run tests	2026-10-06T10:43:48.8681857Z             stderr=self._stderr_thread,
pytest (3.14)	Run tests	2026-10-06T10:43:48.8681995Z             applier=self._applier_thread,
pytest (3.14)	Run tests	2026-10-06T10:43:48.8682165Z             budget=self._shutdown_timeout,
pytest (3.14)	Run tests	2026-10-06T10:43:48.8682846Z             kill_timeout=self._kill_timeout,
pytest (3.14)	Run tests	2026-10-06T10:43:48.8682953Z             detail=detail,
pytest (3.14)	Run tests	2026-10-06T10:43:48.8683037Z         )
pytest (3.14)	Run tests	2026-10-06T10:43:48.8683153Z         residual = {
pytest (3.14)	Run tests	2026-10-06T10:43:48.8683286Z             "reason": reason,
pytest (3.14)	Run tests	2026-10-06T10:43:48.8683419Z             "pid": self._sidecar_pid,
pytest (3.14)	Run tests	2026-10-06T10:43:48.8683579Z             "identity_filetime": (
pytest (3.14)	Run tests	2026-10-06T10:43:48.8683781Z                 str(self._sidecar_identity.created_at_filetime)
pytest (3.14)	Run tests	2026-10-06T10:43:48.8683951Z                 if self._sidecar_identity is not None
pytest (3.14)	Run tests	2026-10-06T10:43:48.8684036Z                 else None
pytest (3.14)	Run tests	2026-10-06T10:43:48.8684166Z             ),
pytest (3.14)	Run tests	2026-10-06T10:43:48.8684335Z             "process_exited": outcome["root_dead"],
pytest (3.14)	Run tests	2026-10-06T10:43:48.8684485Z             "job_verified": outcome["job_verified"],
pytest (3.14)	Run tests	2026-10-06T10:43:48.8684646Z             "guard_closed": outcome["guard_closed"],
pytest (3.14)	Run tests	2026-10-06T10:43:48.8684782Z             "cleanup_closed": outcome["closed"],
pytest (3.14)	Run tests	2026-10-06T10:43:48.8684944Z             "cleanup_seconds": outcome["seconds"],
pytest (3.14)	Run tests	2026-10-06T10:43:48.8685143Z             "cleanup_detail": ", ".join(detail) if detail else "ok",
pytest (3.14)	Run tests	2026-10-06T10:43:48.8685321Z             "cleanup_errors": list(outcome["errors"]),
pytest (3.14)	Run tests	2026-10-06T10:43:48.8685494Z             "stderr_digest": self._stderr_digest(),
pytest (3.14)	Run tests	2026-10-06T10:43:48.8685596Z         }
pytest (3.14)	Run tests	2026-10-06T10:43:48.8685738Z         message = (
pytest (3.14)	Run tests	2026-10-06T10:43:48.8686038Z             f"{reason}\uff1b\u6e05\u7406={'converged' if outcome['closed'] else 'retained'}"
pytest (3.14)	Run tests	2026-10-06T10:43:48.8686279Z             f"\uff08{outcome['seconds']}s, pid={self._sidecar_pid}\uff09"
pytest (3.14)	Run tests	2026-10-06T10:43:48.8686532Z         )
pytest (3.14)	Run tests	2026-10-06T10:43:48.8686877Z >       raise EmulatorStartupError(message, owner=owner, residual=residual) from cause
pytest (3.14)	Run tests	2026-10-06T10:43:48.8688126Z E       packages.core.terminal.emulator.EmulatorStartupError: sidecar \u4e0d\u53ef\u7528\uff1adependency-missing:Cannot find package '@xterm/headless' imported from D:\\a\\pan\\pan\\packages\\core\\terminal\\emulator_sidecar\\sidecar.mjs\uff1b\u6e05\u7406=converged\uff080.006s, pid=5320\uff09
pytest (3.14)	Run tests	2026-10-06T10:43:48.8688146Z 
pytest (3.14)	Run tests	2026-10-06T10:43:48.8688366Z packages\core\terminal\emulator.py:904: EmulatorStartupError
pytest (3.14)	Run tests	2026-10-06T10:43:48.8688637Z __________ test_close_failure_retains_resources_then_retry_converges __________
pytest (3.14)	Run tests	2026-10-06T10:43:48.8688646Z 
pytest (3.14)	Run tests	2026-10-06T10:43:48.8688878Z emu_factory = <function emu_factory.<locals>.make at 0x000001ECC3B39010>
pytest (3.14)	Run tests	2026-10-06T10:43:48.8689140Z monkeypatch = <_pytest.monkeypatch.MonkeyPatch object at 0x000001ECC14780C0>
pytest (3.14)	Run tests	2026-10-06T10:43:48.8689148Z 
pytest (3.14)	Run tests	2026-10-06T10:43:48.8689482Z     def test_close_failure_retains_resources_then_retry_converges(emu_factory, monkeypatch):
pytest (3.14)	Run tests	2026-10-06T10:43:48.8689606Z >       emu = emu_factory()
pytest (3.14)	Run tests	2026-10-06T10:43:48.8689745Z               ^^^^^^^^^^^^^
pytest (3.14)	Run tests	2026-10-06T10:43:48.8689752Z 
pytest (3.14)	Run tests	2026-10-06T10:43:48.8689879Z tests\test_terminal_emulator.py:524: 
pytest (3.14)	Run tests	2026-10-06T10:43:48.8690084Z _ _ _ _ _ _ _ _ _ _ _ _ _ _ _ _ _ _ _ _ _ _ _ _ _ _ _ _ _ _ _ _ _ _ _ _ _ _ _ _
pytest (3.14)	Run tests	2026-10-06T10:43:48.8690276Z tests\test_terminal_emulator.py:87: in make
pytest (3.14)	Run tests	2026-10-06T10:43:48.8690400Z     emu = HeadlessEmulator(**kwargs)
pytest (3.14)	Run tests	2026-10-06T10:43:48.8690505Z           ^^^^^^^^^^^^^^^^^^^^^^^^^^
pytest (3.14)	Run tests	2026-10-06T10:43:48.8690661Z packages\core\terminal\emulator.py:747: in __init__
pytest (3.14)	Run tests	2026-10-06T10:43:48.8690781Z     self._spawn_and_handshake()
pytest (3.14)	Run tests	2026-10-06T10:43:48.8691019Z packages\core\terminal\emulator.py:838: in _spawn_and_handshake
pytest (3.14)	Run tests	2026-10-06T10:43:48.8691325Z     self._fail_startup(f"sidecar \u4e0d\u53ef\u7528\uff1a{self._startup_failure}")
pytest (3.14)	Run tests	2026-10-06T10:43:48.8691499Z _ _ _ _ _ _ _ _ _ _ _ _ _ _ _ _ _ _ _ _ _ _ _ _ _ _ _ _ _ _ _ _ _ _ _ _ _ _ _ _
pytest (3.14)	Run tests	2026-10-06T10:43:48.8691511Z 
pytest (3.14)	Run tests	2026-10-06T10:43:48.8691816Z self = <packages.core.terminal.emulator.HeadlessEmulator object at 0x000001ECC158B380>
pytest (3.14)	Run tests	2026-10-06T10:43:48.8692610Z reason = "sidecar \u4e0d\u53ef\u7528\uff1adependency-missing:Cannot find package '@xterm/headless' imported from D:\\\\a\\\\pan\\\\pan\\\\packages\\\\core\\\\terminal\\\\emulator_sidecar\\\\sidecar.mjs"
pytest (3.14)	Run tests	2026-10-06T10:43:48.8692877Z cause = None
pytest (3.14)	Run tests	2026-10-06T10:43:48.8692885Z 
pytest (3.14)	Run tests	2026-10-06T10:43:48.8693193Z     def _fail_startup(self, reason: str, *, cause: BaseException | None = None) -> NoReturn:
pytest (3.14)	Run tests	2026-10-06T10:43:48.8693763Z         """\u6784\u9020\u5931\u8d25\u7edf\u4e00\u51fa\u53e3\uff1a\u6709\u754c\u6574 Job \u6e05\u7406 + \u643a\u5e26 owner/\u6b8b\u7559\u4fe1\u606f\u7684\u5f02\u5e38\u3002
pytest (3.14)	Run tests	2026-10-06T10:43:48.8693851Z     
pytest (3.14)	Run tests	2026-10-06T10:43:48.8694349Z         \u6e05\u7406\u987a\u5e8f\u4e0e ``close`` \u4e00\u81f4\uff08\u5148\u6e05\u6811 \u2192 join \u7ebf\u7a0b \u2192 \u5173\u6d41 \u2192 guard.close\uff09\uff0c
pytest (3.14)	Run tests	2026-10-06T10:43:48.8694813Z         \u603b\u9884\u7b97\u4e3a ``shutdown_timeout``\uff1b\u5f02\u5e38\u643a\u5e26\u53ef\u91cd\u8bd5 ``owner``\uff08``retry_cleanup``\uff09
pytest (3.14)	Run tests	2026-10-06T10:43:48.8695330Z         \u4e0e ``residual``\uff08pid/\u8eab\u4efd/\u6e05\u7406\u6838\u9a8c/stderr \u6458\u8981\uff09\uff0c\u4e0d\u4ec5\u6587\u672c\u3002
pytest (3.14)	Run tests	2026-10-06T10:43:48.8695426Z         """
pytest (3.14)	Run tests	2026-10-06T10:43:48.8695536Z         detail: list[str] = []
pytest (3.14)	Run tests	2026-10-06T10:43:48.8695669Z         owner = StartupCleanupOwner(
pytest (3.14)	Run tests	2026-10-06T10:43:48.8695778Z             proc=self._proc,
pytest (3.14)	Run tests	2026-10-06T10:43:48.8695893Z             guard=self._guard,
pytest (3.14)	Run tests	2026-10-06T10:43:48.8696027Z             pid=self._sidecar_pid,
pytest (3.14)	Run tests	2026-10-06T10:43:48.8696260Z             identity=self._sidecar_identity,
pytest (3.14)	Run tests	2026-10-06T10:43:48.8696442Z             reader=self._reader_thread,
pytest (3.14)	Run tests	2026-10-06T10:43:48.8696591Z             stderr=self._stderr_thread,
pytest (3.14)	Run tests	2026-10-06T10:43:48.8696729Z             applier=self._applier_thread,
pytest (3.14)	Run tests	2026-10-06T10:43:48.8696979Z             kill_timeout=self._kill_timeout,
pytest (3.14)	Run tests	2026-10-06T10:43:48.8697075Z         )
pytest (3.14)	Run tests	2026-10-06T10:43:48.8697201Z         outcome = _reap_process_resources(
pytest (3.14)	Run tests	2026-10-06T10:43:48.8697312Z             proc=self._proc,
pytest (3.14)	Run tests	2026-10-06T10:43:48.8697435Z             guard=self._guard,
pytest (3.14)	Run tests	2026-10-06T10:43:48.8697544Z             pid=self._sidecar_pid,
pytest (3.14)	Run tests	2026-10-06T10:43:48.8697676Z             identity=self._sidecar_identity,
pytest (3.14)	Run tests	2026-10-06T10:43:48.8697774Z             reader=self._reader_thread,
pytest (3.14)	Run tests	2026-10-06T10:43:48.8697883Z             stderr=self._stderr_thread,
pytest (3.14)	Run tests	2026-10-06T10:43:48.8698006Z             applier=self._applier_thread,
pytest (3.14)	Run tests	2026-10-06T10:43:48.8698165Z             budget=self._shutdown_timeout,
pytest (3.14)	Run tests	2026-10-06T10:43:48.8698365Z             kill_timeout=self._kill_timeout,
pytest (3.14)	Run tests	2026-10-06T10:43:48.8698479Z             detail=detail,
pytest (3.14)	Run tests	2026-10-06T10:43:48.8698948Z         )
pytest (3.14)	Run tests	2026-10-06T10:43:48.8699099Z         residual = {
pytest (3.14)	Run tests	2026-10-06T10:43:48.8699225Z             "reason": reason,
pytest (3.14)	Run tests	2026-10-06T10:43:48.8699349Z             "pid": self._sidecar_pid,
pytest (3.14)	Run tests	2026-10-06T10:43:48.8699493Z             "identity_filetime": (
pytest (3.14)	Run tests	2026-10-06T10:43:48.8699745Z                 str(self._sidecar_identity.created_at_filetime)
pytest (3.14)	Run tests	2026-10-06T10:43:48.8699888Z                 if self._sidecar_identity is not None
pytest (3.14)	Run tests	2026-10-06T10:43:48.8699990Z                 else None
pytest (3.14)	Run tests	2026-10-06T10:43:48.8700080Z             ),
pytest (3.14)	Run tests	2026-10-06T10:43:48.8700269Z             "process_exited": outcome["root_dead"],
pytest (3.14)	Run tests	2026-10-06T10:43:48.8700425Z             "job_verified": outcome["job_verified"],
pytest (3.14)	Run tests	2026-10-06T10:43:48.8700608Z             "guard_closed": outcome["guard_closed"],
pytest (3.14)	Run tests	2026-10-06T10:43:48.8700731Z             "cleanup_closed": outcome["closed"],
pytest (3.14)	Run tests	2026-10-06T10:43:48.8700884Z             "cleanup_seconds": outcome["seconds"],
pytest (3.14)	Run tests	2026-10-06T10:43:48.8701129Z             "cleanup_detail": ", ".join(detail) if detail else "ok",
pytest (3.14)	Run tests	2026-10-06T10:43:48.8701301Z             "cleanup_errors": list(outcome["errors"]),
pytest (3.14)	Run tests	2026-10-06T10:43:48.8701470Z             "stderr_digest": self._stderr_digest(),
pytest (3.14)	Run tests	2026-10-06T10:43:48.8701583Z         }
pytest (3.14)	Run tests	2026-10-06T10:43:48.8701682Z         message = (
pytest (3.14)	Run tests	2026-10-06T10:43:48.8701976Z             f"{reason}\uff1b\u6e05\u7406={'converged' if outcome['closed'] else 'retained'}"
pytest (3.14)	Run tests	2026-10-06T10:43:48.8702191Z             f"\uff08{outcome['seconds']}s, pid={self._sidecar_pid}\uff09"
pytest (3.14)	Run tests	2026-10-06T10:43:48.8702451Z         )
pytest (3.14)	Run tests	2026-10-06T10:43:48.8702690Z >       raise EmulatorStartupError(message, owner=owner, residual=residual) from cause
pytest (3.14)	Run tests	2026-10-06T10:43:48.8703936Z E       packages.core.terminal.emulator.EmulatorStartupError: sidecar \u4e0d\u53ef\u7528\uff1adependency-missing:Cannot find package '@xterm/headless' imported from D:\\a\\pan\\pan\\packages\\core\\terminal\\emulator_sidecar\\sidecar.mjs\uff1b\u6e05\u7406=converged\uff080.006s, pid=2292\uff09
pytest (3.14)	Run tests	2026-10-06T10:43:48.8703951Z 
pytest (3.14)	Run tests	2026-10-06T10:43:48.8704158Z packages\core\terminal\emulator.py:904: EmulatorStartupError
pytest (3.14)	Run tests	2026-10-06T10:43:48.8704358Z ____________________ test_guard_close_failure_is_retryable ____________________
pytest (3.14)	Run tests	2026-10-06T10:43:48.8704373Z 
pytest (3.14)	Run tests	2026-10-06T10:43:48.8704637Z emu_factory = <function emu_factory.<locals>.make at 0x000001ECC402DA60>
pytest (3.14)	Run tests	2026-10-06T10:43:48.8704904Z monkeypatch = <_pytest.monkeypatch.MonkeyPatch object at 0x000001ECC147AEB0>
pytest (3.14)	Run tests	2026-10-06T10:43:48.8704911Z 
pytest (3.14)	Run tests	2026-10-06T10:43:48.8705156Z     def test_guard_close_failure_is_retryable(emu_factory, monkeypatch):
pytest (3.14)	Run tests	2026-10-06T10:43:48.8705264Z >       emu = emu_factory()
pytest (3.14)	Run tests	2026-10-06T10:43:48.8705350Z               ^^^^^^^^^^^^^
pytest (3.14)	Run tests	2026-10-06T10:43:48.8705356Z 
pytest (3.14)	Run tests	2026-10-06T10:43:48.8705481Z tests\test_terminal_emulator.py:551: 
pytest (3.14)	Run tests	2026-10-06T10:43:48.8705630Z _ _ _ _ _ _ _ _ _ _ _ _ _ _ _ _ _ _ _ _ _ _ _ _ _ _ _ _ _ _ _ _ _ _ _ _ _ _ _ _
pytest (3.14)	Run tests	2026-10-06T10:43:48.8705775Z tests\test_terminal_emulator.py:87: in make
pytest (3.14)	Run tests	2026-10-06T10:43:48.8705882Z     emu = HeadlessEmulator(**kwargs)
pytest (3.14)	Run tests	2026-10-06T10:43:48.8705974Z           ^^^^^^^^^^^^^^^^^^^^^^^^^^
pytest (3.14)	Run tests	2026-10-06T10:43:48.8706109Z packages\core\terminal\emulator.py:747: in __init__
pytest (3.14)	Run tests	2026-10-06T10:43:48.8706361Z     self._spawn_and_handshake()
pytest (3.14)	Run tests	2026-10-06T10:43:48.8706575Z packages\core\terminal\emulator.py:838: in _spawn_and_handshake
pytest (3.14)	Run tests	2026-10-06T10:43:48.8706845Z     self._fail_startup(f"sidecar \u4e0d\u53ef\u7528\uff1a{self._startup_failure}")
pytest (3.14)	Run tests	2026-10-06T10:43:48.8707036Z _ _ _ _ _ _ _ _ _ _ _ _ _ _ _ _ _ _ _ _ _ _ _ _ _ _ _ _ _ _ _ _ _ _ _ _ _ _ _ _
pytest (3.14)	Run tests	2026-10-06T10:43:48.8707050Z 
pytest (3.14)	Run tests	2026-10-06T10:43:48.8707363Z self = <packages.core.terminal.emulator.HeadlessEmulator object at 0x000001ECC1588440>
pytest (3.14)	Run tests	2026-10-06T10:43:48.8708104Z reason = "sidecar \u4e0d\u53ef\u7528\uff1adependency-missing:Cannot find package '@xterm/headless' imported from D:\\\\a\\\\pan\\\\pan\\\\packages\\\\core\\\\terminal\\\\emulator_sidecar\\\\sidecar.mjs"
pytest (3.14)	Run tests	2026-10-06T10:43:48.8708199Z cause = None
pytest (3.14)	Run tests	2026-10-06T10:43:48.8708206Z 
pytest (3.14)	Run tests	2026-10-06T10:43:48.8708490Z     def _fail_startup(self, reason: str, *, cause: BaseException | None = None) -> NoReturn:
pytest (3.14)	Run tests	2026-10-06T10:43:48.8709054Z         """\u6784\u9020\u5931\u8d25\u7edf\u4e00\u51fa\u53e3\uff1a\u6709\u754c\u6574 Job \u6e05\u7406 + \u643a\u5e26 owner/\u6b8b\u7559\u4fe1\u606f\u7684\u5f02\u5e38\u3002
pytest (3.14)	Run tests	2026-10-06T10:43:48.8709145Z     
pytest (3.14)	Run tests	2026-10-06T10:43:48.8709616Z         \u6e05\u7406\u987a\u5e8f\u4e0e ``close`` \u4e00\u81f4\uff08\u5148\u6e05\u6811 \u2192 join \u7ebf\u7a0b \u2192 \u5173\u6d41 \u2192 guard.close\uff09\uff0c
pytest (3.14)	Run tests	2026-10-06T10:43:48.8710099Z         \u603b\u9884\u7b97\u4e3a ``shutdown_timeout``\uff1b\u5f02\u5e38\u643a\u5e26\u53ef\u91cd\u8bd5 ``owner``\uff08``retry_cleanup``\uff09
pytest (3.14)	Run tests	2026-10-06T10:43:48.8710500Z         \u4e0e ``residual``\uff08pid/\u8eab\u4efd/\u6e05\u7406\u6838\u9a8c/stderr \u6458\u8981\uff09\uff0c\u4e0d\u4ec5\u6587\u672c\u3002
pytest (3.14)	Run tests	2026-10-06T10:43:48.8710580Z         """
pytest (3.14)	Run tests	2026-10-06T10:43:48.8710691Z         detail: list[str] = []
pytest (3.14)	Run tests	2026-10-06T10:43:48.8710800Z         owner = StartupCleanupOwner(
pytest (3.14)	Run tests	2026-10-06T10:43:48.8710909Z             proc=self._proc,
pytest (3.14)	Run tests	2026-10-06T10:43:48.8711006Z             guard=self._guard,
pytest (3.14)	Run tests	2026-10-06T10:43:48.8711127Z             pid=self._sidecar_pid,
pytest (3.14)	Run tests	2026-10-06T10:43:48.8711250Z             identity=self._sidecar_identity,
pytest (3.14)	Run tests	2026-10-06T10:43:48.8711380Z             reader=self._reader_thread,
pytest (3.14)	Run tests	2026-10-06T10:43:48.8711494Z             stderr=self._stderr_thread,
pytest (3.14)	Run tests	2026-10-06T10:43:48.8711611Z             applier=self._applier_thread,
pytest (3.14)	Run tests	2026-10-06T10:43:48.8711739Z             kill_timeout=self._kill_timeout,
pytest (3.14)	Run tests	2026-10-06T10:43:48.8711993Z         )
pytest (3.14)	Run tests	2026-10-06T10:43:48.8712201Z         outcome = _reap_process_resources(
pytest (3.14)	Run tests	2026-10-06T10:43:48.8712305Z             proc=self._proc,
pytest (3.14)	Run tests	2026-10-06T10:43:48.8712437Z             guard=self._guard,
pytest (3.14)	Run tests	2026-10-06T10:43:48.8712558Z             pid=self._sidecar_pid,
pytest (3.14)	Run tests	2026-10-06T10:43:48.8712714Z             identity=self._sidecar_identity,
pytest (3.14)	Run tests	2026-10-06T10:43:48.8712841Z             reader=self._reader_thread,
pytest (3.14)	Run tests	2026-10-06T10:43:48.8712933Z             stderr=self._stderr_thread,
pytest (3.14)	Run tests	2026-10-06T10:43:48.8713061Z             applier=self._applier_thread,
pytest (3.14)	Run tests	2026-10-06T10:43:48.8713188Z             budget=self._shutdown_timeout,
pytest (3.14)	Run tests	2026-10-06T10:43:48.8713304Z             kill_timeout=self._kill_timeout,
pytest (3.14)	Run tests	2026-10-06T10:43:48.8713405Z             detail=detail,
pytest (3.14)	Run tests	2026-10-06T10:43:48.8713525Z         )
pytest (3.14)	Run tests	2026-10-06T10:43:48.8713623Z         residual = {
pytest (3.14)	Run tests	2026-10-06T10:43:48.8713724Z             "reason": reason,
pytest (3.14)	Run tests	2026-10-06T10:43:48.8713848Z             "pid": self._sidecar_pid,
pytest (3.14)	Run tests	2026-10-06T10:43:48.8713949Z             "identity_filetime": (
pytest (3.14)	Run tests	2026-10-06T10:43:48.8714122Z                 str(self._sidecar_identity.created_at_filetime)
pytest (3.14)	Run tests	2026-10-06T10:43:48.8714241Z                 if self._sidecar_identity is not None
pytest (3.14)	Run tests	2026-10-06T10:43:48.8714338Z                 else None
pytest (3.14)	Run tests	2026-10-06T10:43:48.8714464Z             ),
pytest (3.14)	Run tests	2026-10-06T10:43:48.8714618Z             "process_exited": outcome["root_dead"],
pytest (3.14)	Run tests	2026-10-06T10:43:48.8714786Z             "job_verified": outcome["job_verified"],
pytest (3.14)	Run tests	2026-10-06T10:43:48.8714943Z             "guard_closed": outcome["guard_closed"],
pytest (3.14)	Run tests	2026-10-06T10:43:48.8715099Z             "cleanup_closed": outcome["closed"],
pytest (3.14)	Run tests	2026-10-06T10:43:48.8715332Z             "cleanup_seconds": outcome["seconds"],
pytest (3.14)	Run tests	2026-10-06T10:43:48.8715539Z             "cleanup_detail": ", ".join(detail) if detail else "ok",
pytest (3.14)	Run tests	2026-10-06T10:43:48.8715722Z             "cleanup_errors": list(outcome["errors"]),
pytest (3.14)	Run tests	2026-10-06T10:43:48.8715877Z             "stderr_digest": self._stderr_digest(),
pytest (3.14)	Run tests	2026-10-06T10:43:48.8716026Z         }
pytest (3.14)	Run tests	2026-10-06T10:43:48.8716134Z         message = (
pytest (3.14)	Run tests	2026-10-06T10:43:48.8716727Z             f"{reason}\uff1b\u6e05\u7406={'converged' if outcome['closed'] else 'retained'}"
pytest (3.14)	Run tests	2026-10-06T10:43:48.8716951Z             f"\uff08{outcome['seconds']}s, pid={self._sidecar_pid}\uff09"
pytest (3.14)	Run tests	2026-10-06T10:43:48.8717048Z         )
pytest (3.14)	Run tests	2026-10-06T10:43:48.8717336Z >       raise EmulatorStartupError(message, owner=owner, residual=residual) from cause
pytest (3.14)	Run tests	2026-10-06T10:43:48.8718519Z E       packages.core.terminal.emulator.EmulatorStartupError: sidecar \u4e0d\u53ef\u7528\uff1adependency-missing:Cannot find package '@xterm/headless' imported from D:\\a\\pan\\pan\\packages\\core\\terminal\\emulator_sidecar\\sidecar.mjs\uff1b\u6e05\u7406=converged\uff080.006s, pid=6452\uff09
pytest (3.14)	Run tests	2026-10-06T10:43:48.8718542Z 
pytest (3.14)	Run tests	2026-10-06T10:43:48.8718745Z packages\core\terminal\emulator.py:904: EmulatorStartupError
pytest (3.14)	Run tests	2026-10-06T10:43:48.8718984Z ________________ test_runner_hard_death_kills_sidecar_via_job _________________
pytest (3.14)	Run tests	2026-10-06T10:43:48.8719003Z 
pytest (3.14)	Run tests	2026-10-06T10:43:48.8719502Z tmp_path = WindowsPath('C:/Users/runneradmin/AppData/Local/Temp/pytest-of-runneradmin/pytest-0/test_runner_hard_death_kills_s0')
pytest (3.14)	Run tests	2026-10-06T10:43:48.8719511Z 
pytest (3.14)	Run tests	2026-10-06T10:43:48.8719729Z     def test_runner_hard_death_kills_sidecar_via_job(tmp_path):
pytest (3.14)	Run tests	2026-10-06T10:43:48.8720251Z         """runner\uff08\u6301\u6709 Job \u53e5\u67c4\u7684\u5bbf\u4e3b\uff09\u786c\u6b7b\uff1a\u5185\u6838\u5173\u95ed\u53e5\u67c4 -> sidecar \u4e0d\u6b8b\u7559\u3002"""
pytest (3.14)	Run tests	2026-10-06T10:43:48.8720425Z         info_path = tmp_path / "sidecar.json"
pytest (3.14)	Run tests	2026-10-06T10:43:48.8720585Z         script = (
pytest (3.14)	Run tests	2026-10-06T10:43:48.8720733Z             "import json, os, sys\n"
pytest (3.14)	Run tests	2026-10-06T10:43:48.8720962Z             f"sys.path.insert(0, {str(REPO_ROOT)!r})\n"
pytest (3.14)	Run tests	2026-10-06T10:43:48.8721220Z             "from packages.core.terminal.emulator import HeadlessEmulator\n"
pytest (3.14)	Run tests	2026-10-06T10:43:48.8721389Z             "emu = HeadlessEmulator(startup_timeout=30.0)\n"
pytest (3.14)	Run tests	2026-10-06T10:43:48.8721721Z             "open(r'" + str(info_path) + "', 'w', encoding='utf-8').write("
pytest (3.14)	Run tests	2026-10-06T10:43:48.8721861Z             "json.dumps({'pid': emu.sidecar_pid, "
pytest (3.14)	Run tests	2026-10-06T10:43:48.8722114Z             "'filetime': str(emu._sidecar_identity.created_at_filetime)}))\n"
pytest (3.14)	Run tests	2026-10-06T10:43:48.8722310Z             "os._exit(7)\n"
pytest (3.14)	Run tests	2026-10-06T10:43:48.8722411Z         )
pytest (3.14)	Run tests	2026-10-06T10:43:48.8722518Z         proc = subprocess.run(
pytest (3.14)	Run tests	2026-10-06T10:43:48.8722646Z             [sys.executable, "-c", script],
pytest (3.14)	Run tests	2026-10-06T10:43:48.8722737Z             cwd=str(REPO_ROOT),
pytest (3.14)	Run tests	2026-10-06T10:43:48.8722873Z             timeout=120,
pytest (3.14)	Run tests	2026-10-06T10:43:48.8723017Z             capture_output=True,
pytest (3.14)	Run tests	2026-10-06T10:43:48.8723164Z         )
pytest (3.14)	Run tests	2026-10-06T10:43:48.8723535Z >       assert proc.returncode == 7, proc.stderr.decode("utf-8", errors="replace")[-800:]
pytest (3.14)	Run tests	2026-10-06T10:43:48.8723724Z E       AssertionError: al\emulator.py", line 747, in __init__
pytest (3.14)	Run tests	2026-10-06T10:43:48.8723731Z 
pytest (3.14)	Run tests	2026-10-06T10:43:48.8723857Z E             self._spawn_and_handshake()
pytest (3.14)	Run tests	2026-10-06T10:43:48.8723869Z 
pytest (3.14)	Run tests	2026-10-06T10:43:48.8723984Z E             ~~~~~~~~~~~~~~~~~~~~~~~~~^^
pytest (3.14)	Run tests	2026-10-06T10:43:48.8724002Z 
pytest (3.14)	Run tests	2026-10-06T10:43:48.8724322Z E           File "D:\a\pan\pan\packages\core\terminal\emulator.py", line 838, in _spawn_and_handshake
pytest (3.14)	Run tests	2026-10-06T10:43:48.8724330Z 
pytest (3.14)	Run tests	2026-10-06T10:43:48.8724585Z E             self._fail_startup(f"sidecar \u4e0d\u53ef\u7528\uff1a{self._startup_failure}")
pytest (3.14)	Run tests	2026-10-06T10:43:48.8724594Z 
pytest (3.14)	Run tests	2026-10-06T10:43:48.8724736Z E             ~~~~~~~~~~~~~~~~~~^^^^^^^^^^^^^^^^^^^^^^^^^^^^^^^^^^^^^^^^^^^^
pytest (3.14)	Run tests	2026-10-06T10:43:48.8724743Z 
pytest (3.14)	Run tests	2026-10-06T10:43:48.8725038Z E           File "D:\a\pan\pan\packages\core\terminal\emulator.py", line 904, in _fail_startup
pytest (3.14)	Run tests	2026-10-06T10:43:48.8725757Z 
pytest (3.14)	Run tests	2026-10-06T10:43:48.8726068Z E             raise EmulatorStartupError(message, owner=owner, residual=residual) from cause
pytest (3.14)	Run tests	2026-10-06T10:43:48.8726076Z 
pytest (3.14)	Run tests	2026-10-06T10:43:48.8727197Z E         packages.core.terminal.emulator.EmulatorStartupError: sidecar \u4e0d\u53ef\u7528\uff1adependency-missing:Cannot find package '@xterm/headless' imported from D:\a\pan\pan\packages\core\terminal\emulator_sidecar\sidecar.mjs\uff1b\u6e05\u7406=converged\uff080.006s, pid=5024\uff09
pytest (3.14)	Run tests	2026-10-06T10:43:48.8727213Z 
pytest (3.14)	Run tests	2026-10-06T10:43:48.8727306Z E         
pytest (3.14)	Run tests	2026-10-06T10:43:48.8727411Z E       assert 1 == 7
pytest (3.14)	Run tests	2026-10-06T10:43:48.8728351Z E        +  where 1 = CompletedProcess(args=['C:\\hostedtoolcache\\windows\\Python\\3.14.7\\x64\\python.exe', '-c', "import json, os, sys\ns...kages\\core\\terminal\\emulator_sidecar\\sidecar.mjs\\uff1b\\u6e05\\u7406=converged\\uff080.006s, pid=5024\\uff09\r\n').returncode
pytest (3.14)	Run tests	2026-10-06T10:43:48.8728367Z 
pytest (3.14)	Run tests	2026-10-06T10:43:48.8728532Z tests\test_terminal_emulator.py:584: AssertionError
pytest (3.14)	Run tests	2026-10-06T10:43:48.8728754Z ______________________ test_no_process_leaks_after_close ______________________
pytest (3.14)	Run tests	2026-10-06T10:43:48.8728762Z 
pytest (3.14)	Run tests	2026-10-06T10:43:48.8728951Z     def test_no_process_leaks_after_close():
pytest (3.14)	Run tests	2026-10-06T10:43:48.8729192Z         records: list[tuple[int, ProcessIdentity]] = []
pytest (3.14)	Run tests	2026-10-06T10:43:48.8729289Z         for _ in range(3):
pytest (3.14)	Run tests	2026-10-06T10:43:48.8729439Z >           emu = HeadlessEmulator(startup_timeout=30.0)
pytest (3.14)	Run tests	2026-10-06T10:43:48.8729540Z                   ^^^^^^^^^^^^^^^^^^^^^^^^^^^^^^^^^^^^^^
pytest (3.14)	Run tests	2026-10-06T10:43:48.8729548Z 
pytest (3.14)	Run tests	2026-10-06T10:43:48.8729688Z tests\test_terminal_emulator.py:617: 
pytest (3.14)	Run tests	2026-10-06T10:43:48.8729858Z _ _ _ _ _ _ _ _ _ _ _ _ _ _ _ _ _ _ _ _ _ _ _ _ _ _ _ _ _ _ _ _ _ _ _ _ _ _ _ _
pytest (3.14)	Run tests	2026-10-06T10:43:48.8729993Z packages\core\terminal\emulator.py:747: in __init__
pytest (3.14)	Run tests	2026-10-06T10:43:48.8730107Z     self._spawn_and_handshake()
pytest (3.14)	Run tests	2026-10-06T10:43:48.8730321Z packages\core\terminal\emulator.py:838: in _spawn_and_handshake
pytest (3.14)	Run tests	2026-10-06T10:43:48.8730584Z     self._fail_startup(f"sidecar \u4e0d\u53ef\u7528\uff1a{self._startup_failure}")
pytest (3.14)	Run tests	2026-10-06T10:43:48.8730736Z _ _ _ _ _ _ _ _ _ _ _ _ _ _ _ _ _ _ _ _ _ _ _ _ _ _ _ _ _ _ _ _ _ _ _ _ _ _ _ _
pytest (3.14)	Run tests	2026-10-06T10:43:48.8730743Z 
pytest (3.14)	Run tests	2026-10-06T10:43:48.8731080Z self = <packages.core.terminal.emulator.HeadlessEmulator object at 0x000001ECB9475FD0>
pytest (3.14)	Run tests	2026-10-06T10:43:48.8731959Z reason = "sidecar \u4e0d\u53ef\u7528\uff1adependency-missing:Cannot find package '@xterm/headless' imported from D:\\\\a\\\\pan\\\\pan\\\\packages\\\\core\\\\terminal\\\\emulator_sidecar\\\\sidecar.mjs"
pytest (3.14)	Run tests	2026-10-06T10:43:48.8732052Z cause = None
pytest (3.14)	Run tests	2026-10-06T10:43:48.8732060Z 
pytest (3.14)	Run tests	2026-10-06T10:43:48.8732332Z     def _fail_startup(self, reason: str, *, cause: BaseException | None = None) -> NoReturn:
pytest (3.14)	Run tests	2026-10-06T10:43:48.8732869Z         """\u6784\u9020\u5931\u8d25\u7edf\u4e00\u51fa\u53e3\uff1a\u6709\u754c\u6574 Job \u6e05\u7406 + \u643a\u5e26 owner/\u6b8b\u7559\u4fe1\u606f\u7684\u5f02\u5e38\u3002
pytest (3.14)	Run tests	2026-10-06T10:43:48.8732965Z     
pytest (3.14)	Run tests	2026-10-06T10:43:48.8733461Z         \u6e05\u7406\u987a\u5e8f\u4e0e ``close`` \u4e00\u81f4\uff08\u5148\u6e05\u6811 \u2192 join \u7ebf\u7a0b \u2192 \u5173\u6d41 \u2192 guard.close\uff09\uff0c
pytest (3.14)	Run tests	2026-10-06T10:43:48.8733900Z         \u603b\u9884\u7b97\u4e3a ``shutdown_timeout``\uff1b\u5f02\u5e38\u643a\u5e26\u53ef\u91cd\u8bd5 ``owner``\uff08``retry_cleanup``\uff09
pytest (3.14)	Run tests	2026-10-06T10:43:48.8734325Z         \u4e0e ``residual``\uff08pid/\u8eab\u4efd/\u6e05\u7406\u6838\u9a8c/stderr \u6458\u8981\uff09\uff0c\u4e0d\u4ec5\u6587\u672c\u3002
pytest (3.14)	Run tests	2026-10-06T10:43:48.8734440Z         """
pytest (3.14)	Run tests	2026-10-06T10:43:48.8734582Z         detail: list[str] = []
pytest (3.14)	Run tests	2026-10-06T10:43:48.8734699Z         owner = StartupCleanupOwner(
pytest (3.14)	Run tests	2026-10-06T10:43:48.8734805Z             proc=self._proc,
pytest (3.14)	Run tests	2026-10-06T10:43:48.8734907Z             guard=self._guard,
pytest (3.14)	Run tests	2026-10-06T10:43:48.8735016Z             pid=self._sidecar_pid,
pytest (3.14)	Run tests	2026-10-06T10:43:48.8735140Z             identity=self._sidecar_identity,
pytest (3.14)	Run tests	2026-10-06T10:43:48.8735833Z             reader=self._reader_thread,
pytest (3.14)	Run tests	2026-10-06T10:43:48.8735956Z             stderr=self._stderr_thread,
pytest (3.14)	Run tests	2026-10-06T10:43:48.8736148Z             applier=self._applier_thread,
pytest (3.14)	Run tests	2026-10-06T10:43:48.8736277Z             kill_timeout=self._kill_timeout,
pytest (3.14)	Run tests	2026-10-06T10:43:48.8736621Z         )
pytest (3.14)	Run tests	2026-10-06T10:43:48.8736758Z         outcome = _reap_process_resources(
pytest (3.14)	Run tests	2026-10-06T10:43:48.8736925Z             proc=self._proc,
pytest (3.14)	Run tests	2026-10-06T10:43:48.8737056Z             guard=self._guard,
pytest (3.14)	Run tests	2026-10-06T10:43:48.8737201Z             pid=self._sidecar_pid,
pytest (3.14)	Run tests	2026-10-06T10:43:48.8737353Z             identity=self._sidecar_identity,
pytest (3.14)	Run tests	2026-10-06T10:43:48.8737457Z             reader=self._reader_thread,
pytest (3.14)	Run tests	2026-10-06T10:43:48.8737571Z             stderr=self._stderr_thread,
pytest (3.14)	Run tests	2026-10-06T10:43:48.8737689Z             applier=self._applier_thread,
pytest (3.14)	Run tests	2026-10-06T10:43:48.8737850Z             budget=self._shutdown_timeout,
pytest (3.14)	Run tests	2026-10-06T10:43:48.8737968Z             kill_timeout=self._kill_timeout,
pytest (3.14)	Run tests	2026-10-06T10:43:48.8738076Z             detail=detail,
pytest (3.14)	Run tests	2026-10-06T10:43:48.8738168Z         )
pytest (3.14)	Run tests	2026-10-06T10:43:48.8738264Z         residual = {
pytest (3.14)	Run tests	2026-10-06T10:43:48.8738393Z             "reason": reason,
pytest (3.14)	Run tests	2026-10-06T10:43:48.8738505Z             "pid": self._sidecar_pid,
pytest (3.14)	Run tests	2026-10-06T10:43:48.8738624Z             "identity_filetime": (
pytest (3.14)	Run tests	2026-10-06T10:43:48.8738834Z                 str(self._sidecar_identity.created_at_filetime)
pytest (3.14)	Run tests	2026-10-06T10:43:48.8738999Z                 if self._sidecar_identity is not None
pytest (3.14)	Run tests	2026-10-06T10:43:48.8739098Z                 else None
pytest (3.14)	Run tests	2026-10-06T10:43:48.8739199Z             ),
pytest (3.14)	Run tests	2026-10-06T10:43:48.8739344Z             "process_exited": outcome["root_dead"],
pytest (3.14)	Run tests	2026-10-06T10:43:48.8739488Z             "job_verified": outcome["job_verified"],
pytest (3.14)	Run tests	2026-10-06T10:43:48.8739648Z             "guard_closed": outcome["guard_closed"],
pytest (3.14)	Run tests	2026-10-06T10:43:48.8739802Z             "cleanup_closed": outcome["closed"],
pytest (3.14)	Run tests	2026-10-06T10:43:48.8739952Z             "cleanup_seconds": outcome["seconds"],
pytest (3.14)	Run tests	2026-10-06T10:43:48.8740145Z             "cleanup_detail": ", ".join(detail) if detail else "ok",
pytest (3.14)	Run tests	2026-10-06T10:43:48.8740302Z             "cleanup_errors": list(outcome["errors"]),
pytest (3.14)	Run tests	2026-10-06T10:43:48.8740449Z             "stderr_digest": self._stderr_digest(),
pytest (3.14)	Run tests	2026-10-06T10:43:48.8740535Z         }
pytest (3.14)	Run tests	2026-10-06T10:43:48.8740634Z         message = (
pytest (3.14)	Run tests	2026-10-06T10:43:48.8741129Z             f"{reason}\uff1b\u6e05\u7406={'converged' if outcome['closed'] else 'retained'}"
pytest (3.14)	Run tests	2026-10-06T10:43:48.8741337Z             f"\uff08{outcome['seconds']}s, pid={self._sidecar_pid}\uff09"
pytest (3.14)	Run tests	2026-10-06T10:43:48.8741418Z         )
pytest (3.14)	Run tests	2026-10-06T10:43:48.8741707Z >       raise EmulatorStartupError(message, owner=owner, residual=residual) from cause
pytest (3.14)	Run tests	2026-10-06T10:43:48.8743110Z E       packages.core.terminal.emulator.EmulatorStartupError: sidecar \u4e0d\u53ef\u7528\uff1adependency-missing:Cannot find package '@xterm/headless' imported from D:\\a\\pan\\pan\\packages\\core\\terminal\\emulator_sidecar\\sidecar.mjs\uff1b\u6e05\u7406=converged\uff080.006s, pid=9956\uff09
pytest (3.14)	Run tests	2026-10-06T10:43:48.8743131Z 
pytest (3.14)	Run tests	2026-10-06T10:43:48.8743346Z packages\core\terminal\emulator.py:904: EmulatorStartupError
pytest (3.14)	Run tests	2026-10-06T10:43:48.8743603Z _____________ test_stderr_join_failure_is_accounted_and_retryable _____________
pytest (3.14)	Run tests	2026-10-06T10:43:48.8743609Z 
pytest (3.14)	Run tests	2026-10-06T10:43:48.8743836Z emu_factory = <function emu_factory.<locals>.make at 0x000001ECC3B3B060>
pytest (3.14)	Run tests	2026-10-06T10:43:48.8743848Z 
pytest (3.14)	Run tests	2026-10-06T10:43:48.8744079Z     def test_stderr_join_failure_is_accounted_and_retryable(emu_factory):
pytest (3.14)	Run tests	2026-10-06T10:43:48.8744539Z         """P8\uff1astderr \u672a join \u5fc5\u987b\u963b\u6b62 closed=True\uff1b\u6062\u590d\u540e\u53ef\u91cd\u8bd5\u6536\u655b\u3002"""
pytest (3.14)	Run tests	2026-10-06T10:43:48.8744636Z >       emu = emu_factory()
pytest (3.14)	Run tests	2026-10-06T10:43:48.8744741Z               ^^^^^^^^^^^^^
pytest (3.14)	Run tests	2026-10-06T10:43:48.8744749Z 
pytest (3.14)	Run tests	2026-10-06T10:43:48.8744876Z tests\test_terminal_emulator.py:907: 
pytest (3.14)	Run tests	2026-10-06T10:43:48.8745029Z _ _ _ _ _ _ _ _ _ _ _ _ _ _ _ _ _ _ _ _ _ _ _ _ _ _ _ _ _ _ _ _ _ _ _ _ _ _ _ _
pytest (3.14)	Run tests	2026-10-06T10:43:48.8745737Z tests\test_terminal_emulator.py:87: in make
pytest (3.14)	Run tests	2026-10-06T10:43:48.8745859Z     emu = HeadlessEmulator(**kwargs)
pytest (3.14)	Run tests	2026-10-06T10:43:48.8745960Z           ^^^^^^^^^^^^^^^^^^^^^^^^^^
pytest (3.14)	Run tests	2026-10-06T10:43:48.8746105Z packages\core\terminal\emulator.py:747: in __init__
pytest (3.14)	Run tests	2026-10-06T10:43:48.8746216Z     self._spawn_and_handshake()
pytest (3.14)	Run tests	2026-10-06T10:43:48.8746461Z packages\core\terminal\emulator.py:838: in _spawn_and_handshake
pytest (3.14)	Run tests	2026-10-06T10:43:48.8746710Z     self._fail_startup(f"sidecar \u4e0d\u53ef\u7528\uff1a{self._startup_failure}")
pytest (3.14)	Run tests	2026-10-06T10:43:48.8746871Z _ _ _ _ _ _ _ _ _ _ _ _ _ _ _ _ _ _ _ _ _ _ _ _ _ _ _ _ _ _ _ _ _ _ _ _ _ _ _ _
pytest (3.14)	Run tests	2026-10-06T10:43:48.8746879Z 
pytest (3.14)	Run tests	2026-10-06T10:43:48.8747185Z self = <packages.core.terminal.emulator.HeadlessEmulator object at 0x000001ECC1588440>
pytest (3.14)	Run tests	2026-10-06T10:43:48.8747955Z reason = "sidecar \u4e0d\u53ef\u7528\uff1adependency-missing:Cannot find package '@xterm/headless' imported from D:\\\\a\\\\pan\\\\pan\\\\packages\\\\core\\\\terminal\\\\emulator_sidecar\\\\sidecar.mjs"
pytest (3.14)	Run tests	2026-10-06T10:43:48.8748054Z cause = None
pytest (3.14)	Run tests	2026-10-06T10:43:48.8748060Z 
pytest (3.14)	Run tests	2026-10-06T10:43:48.8748338Z     def _fail_startup(self, reason: str, *, cause: BaseException | None = None) -> NoReturn:
pytest (3.14)	Run tests	2026-10-06T10:43:48.8748876Z         """\u6784\u9020\u5931\u8d25\u7edf\u4e00\u51fa\u53e3\uff1a\u6709\u754c\u6574 Job \u6e05\u7406 + \u643a\u5e26 owner/\u6b8b\u7559\u4fe1\u606f\u7684\u5f02\u5e38\u3002
pytest (3.14)	Run tests	2026-10-06T10:43:48.8748967Z     
pytest (3.14)	Run tests	2026-10-06T10:43:48.8749488Z         \u6e05\u7406\u987a\u5e8f\u4e0e ``close`` \u4e00\u81f4\uff08\u5148\u6e05\u6811 \u2192 join \u7ebf\u7a0b \u2192 \u5173\u6d41 \u2192 guard.close\uff09\uff0c
pytest (3.14)	Run tests	2026-10-06T10:43:48.8749944Z         \u603b\u9884\u7b97\u4e3a ``shutdown_timeout``\uff1b\u5f02\u5e38\u643a\u5e26\u53ef\u91cd\u8bd5 ``owner``\uff08``retry_cleanup``\uff09
pytest (3.14)	Run tests	2026-10-06T10:43:48.8750380Z         \u4e0e ``residual``\uff08pid/\u8eab\u4efd/\u6e05\u7406\u6838\u9a8c/stderr \u6458\u8981\uff09\uff0c\u4e0d\u4ec5\u6587\u672c\u3002
pytest (3.14)	Run tests	2026-10-06T10:43:48.8750535Z         """
pytest (3.14)	Run tests	2026-10-06T10:43:48.8750676Z         detail: list[str] = []
pytest (3.14)	Run tests	2026-10-06T10:43:48.8750867Z         owner = StartupCleanupOwner(
pytest (3.14)	Run tests	2026-10-06T10:43:48.8751044Z             proc=self._proc,
pytest (3.14)	Run tests	2026-10-06T10:43:48.8751151Z             guard=self._guard,
pytest (3.14)	Run tests	2026-10-06T10:43:48.8751262Z             pid=self._sidecar_pid,
pytest (3.14)	Run tests	2026-10-06T10:43:48.8751540Z             identity=self._sidecar_identity,
pytest (3.14)	Run tests	2026-10-06T10:43:48.8751670Z             reader=self._reader_thread,
pytest (3.14)	Run tests	2026-10-06T10:43:48.8751775Z             stderr=self._stderr_thread,
pytest (3.14)	Run tests	2026-10-06T10:43:48.8751893Z             applier=self._applier_thread,
pytest (3.14)	Run tests	2026-10-06T10:43:48.8752022Z             kill_timeout=self._kill_timeout,
pytest (3.14)	Run tests	2026-10-06T10:43:48.8752098Z         )
pytest (3.14)	Run tests	2026-10-06T10:43:48.8752223Z         outcome = _reap_process_resources(
pytest (3.14)	Run tests	2026-10-06T10:43:48.8752320Z             proc=self._proc,
pytest (3.14)	Run tests	2026-10-06T10:43:48.8752458Z             guard=self._guard,
pytest (3.14)	Run tests	2026-10-06T10:43:48.8752591Z             pid=self._sidecar_pid,
pytest (3.14)	Run tests	2026-10-06T10:43:48.8752757Z             identity=self._sidecar_identity,
pytest (3.14)	Run tests	2026-10-06T10:43:48.8752901Z             reader=self._reader_thread,
pytest (3.14)	Run tests	2026-10-06T10:43:48.8753073Z             stderr=self._stderr_thread,
pytest (3.14)	Run tests	2026-10-06T10:43:48.8753186Z             applier=self._applier_thread,
pytest (3.14)	Run tests	2026-10-06T10:43:48.8753284Z             budget=self._shutdown_timeout,
pytest (3.14)	Run tests	2026-10-06T10:43:48.8753394Z             kill_timeout=self._kill_timeout,
pytest (3.14)	Run tests	2026-10-06T10:43:48.8753494Z             detail=detail,
pytest (3.14)	Run tests	2026-10-06T10:43:48.8753576Z         )
pytest (3.14)	Run tests	2026-10-06T10:43:48.8753686Z         residual = {
pytest (3.14)	Run tests	2026-10-06T10:43:48.8753790Z             "reason": reason,
pytest (3.14)	Run tests	2026-10-06T10:43:48.8753905Z             "pid": self._sidecar_pid,
pytest (3.14)	Run tests	2026-10-06T10:43:48.8754002Z             "identity_filetime": (
pytest (3.14)	Run tests	2026-10-06T10:43:48.8754185Z                 str(self._sidecar_identity.created_at_filetime)
pytest (3.14)	Run tests	2026-10-06T10:43:48.8754308Z                 if self._sidecar_identity is not None
pytest (3.14)	Run tests	2026-10-06T10:43:48.8754410Z                 else None
pytest (3.14)	Run tests	2026-10-06T10:43:48.8754498Z             ),
pytest (3.14)	Run tests	2026-10-06T10:43:48.8755165Z             "process_exited": outcome["root_dead"],
pytest (3.14)	Run tests	2026-10-06T10:43:48.8755299Z             "job_verified": outcome["job_verified"],
pytest (3.14)	Run tests	2026-10-06T10:43:48.8755414Z             "guard_closed": outcome["guard_closed"],
pytest (3.14)	Run tests	2026-10-06T10:43:48.8755538Z             "cleanup_closed": outcome["closed"],
pytest (3.14)	Run tests	2026-10-06T10:43:48.8755668Z             "cleanup_seconds": outcome["seconds"],
pytest (3.14)	Run tests	2026-10-06T10:43:48.8755865Z             "cleanup_detail": ", ".join(detail) if detail else "ok",
pytest (3.14)	Run tests	2026-10-06T10:43:48.8756000Z             "cleanup_errors": list(outcome["errors"]),
pytest (3.14)	Run tests	2026-10-06T10:43:48.8756135Z             "stderr_digest": self._stderr_digest(),
pytest (3.14)	Run tests	2026-10-06T10:43:48.8756233Z         }
pytest (3.14)	Run tests	2026-10-06T10:43:48.8756351Z         message = (
pytest (3.14)	Run tests	2026-10-06T10:43:48.8756855Z             f"{reason}\uff1b\u6e05\u7406={'converged' if outcome['closed'] else 'retained'}"
pytest (3.14)	Run tests	2026-10-06T10:43:48.8757078Z             f"\uff08{outcome['seconds']}s, pid={self._sidecar_pid}\uff09"
pytest (3.14)	Run tests	2026-10-06T10:43:48.8757180Z         )
pytest (3.14)	Run tests	2026-10-06T10:43:48.8757453Z >       raise EmulatorStartupError(message, owner=owner, residual=residual) from cause
pytest (3.14)	Run tests	2026-10-06T10:43:48.8758566Z E       packages.core.terminal.emulator.EmulatorStartupError: sidecar \u4e0d\u53ef\u7528\uff1adependency-missing:Cannot find package '@xterm/headless' imported from D:\\a\\pan\\pan\\packages\\core\\terminal\\emulator_sidecar\\sidecar.mjs\uff1b\u6e05\u7406=converged\uff080.006s, pid=3288\uff09
pytest (3.14)	Run tests	2026-10-06T10:43:48.8758582Z 
pytest (3.14)	Run tests	2026-10-06T10:43:48.8758829Z packages\core\terminal\emulator.py:904: EmulatorStartupError
pytest (3.14)	Run tests	2026-10-06T10:43:48.8759079Z ____________ test_stream_close_failure_is_accounted_and_retryable _____________
pytest (3.14)	Run tests	2026-10-06T10:43:48.8759086Z 
pytest (3.14)	Run tests	2026-10-06T10:43:48.8759308Z emu_factory = <function emu_factory.<locals>.make at 0x000001ECC3B394E0>
pytest (3.14)	Run tests	2026-10-06T10:43:48.8759316Z 
pytest (3.14)	Run tests	2026-10-06T10:43:48.8759559Z     def test_stream_close_failure_is_accounted_and_retryable(emu_factory):
pytest (3.14)	Run tests	2026-10-06T10:43:48.8760111Z         """P8\uff1a\u6d41\u5173\u95ed\u5931\u8d25\u5fc5\u987b\u963b\u6b62 closed=True\uff0c\u4fdd\u7559\u5f15\u7528\uff1b\u6062\u590d\u540e\u91cd\u8bd5\u6536\u655b\u3002"""
pytest (3.14)	Run tests	2026-10-06T10:43:48.8760233Z >       emu = emu_factory()
pytest (3.14)	Run tests	2026-10-06T10:43:48.8760347Z               ^^^^^^^^^^^^^
pytest (3.14)	Run tests	2026-10-06T10:43:48.8760353Z 
pytest (3.14)	Run tests	2026-10-06T10:43:48.8760537Z tests\test_terminal_emulator.py:926: 
pytest (3.14)	Run tests	2026-10-06T10:43:48.8760879Z _ _ _ _ _ _ _ _ _ _ _ _ _ _ _ _ _ _ _ _ _ _ _ _ _ _ _ _ _ _ _ _ _ _ _ _ _ _ _ _
pytest (3.14)	Run tests	2026-10-06T10:43:48.8761011Z tests\test_terminal_emulator.py:87: in make
pytest (3.14)	Run tests	2026-10-06T10:43:48.8761150Z     emu = HeadlessEmulator(**kwargs)
pytest (3.14)	Run tests	2026-10-06T10:43:48.8761236Z           ^^^^^^^^^^^^^^^^^^^^^^^^^^
pytest (3.14)	Run tests	2026-10-06T10:43:48.8761383Z packages\core\terminal\emulator.py:747: in __init__
pytest (3.14)	Run tests	2026-10-06T10:43:48.8761506Z     self._spawn_and_handshake()
pytest (3.14)	Run tests	2026-10-06T10:43:48.8761728Z packages\core\terminal\emulator.py:838: in _spawn_and_handshake
pytest (3.14)	Run tests	2026-10-06T10:43:48.8762020Z     self._fail_startup(f"sidecar \u4e0d\u53ef\u7528\uff1a{self._startup_failure}")
pytest (3.14)	Run tests	2026-10-06T10:43:48.8762184Z _ _ _ _ _ _ _ _ _ _ _ _ _ _ _ _ _ _ _ _ _ _ _ _ _ _ _ _ _ _ _ _ _ _ _ _ _ _ _ _
pytest (3.14)	Run tests	2026-10-06T10:43:48.8762190Z 
pytest (3.14)	Run tests	2026-10-06T10:43:48.8762489Z self = <packages.core.terminal.emulator.HeadlessEmulator object at 0x000001ECC158B4D0>
pytest (3.14)	Run tests	2026-10-06T10:43:48.8763231Z reason = "sidecar \u4e0d\u53ef\u7528\uff1adependency-missing:Cannot find package '@xterm/headless' imported from D:\\\\a\\\\pan\\\\pan\\\\packages\\\\core\\\\terminal\\\\emulator_sidecar\\\\sidecar.mjs"
pytest (3.14)	Run tests	2026-10-06T10:43:48.8763323Z cause = None
pytest (3.14)	Run tests	2026-10-06T10:43:48.8763330Z 
pytest (3.14)	Run tests	2026-10-06T10:43:48.8763634Z     def _fail_startup(self, reason: str, *, cause: BaseException | None = None) -> NoReturn:
pytest (3.14)	Run tests	2026-10-06T10:43:48.8764184Z         """\u6784\u9020\u5931\u8d25\u7edf\u4e00\u51fa\u53e3\uff1a\u6709\u754c\u6574 Job \u6e05\u7406 + \u643a\u5e26 owner/\u6b8b\u7559\u4fe1\u606f\u7684\u5f02\u5e38\u3002
pytest (3.14)	Run tests	2026-10-06T10:43:48.8764314Z     
pytest (3.14)	Run tests	2026-10-06T10:43:48.8764823Z         \u6e05\u7406\u987a\u5e8f\u4e0e ``close`` \u4e00\u81f4\uff08\u5148\u6e05\u6811 \u2192 join \u7ebf\u7a0b \u2192 \u5173\u6d41 \u2192 guard.close\uff09\uff0c
pytest (3.14)	Run tests	2026-10-06T10:43:48.8766077Z         \u603b\u9884\u7b97\u4e3a ``shutdown_timeout``\uff1b\u5f02\u5e38\u643a\u5e26\u53ef\u91cd\u8bd5 ``owner``\uff08``retry_cleanup``\uff09
pytest (3.14)	Run tests	2026-10-06T10:43:48.8766517Z         \u4e0e ``residual``\uff08pid/\u8eab\u4efd/\u6e05\u7406\u6838\u9a8c/stderr \u6458\u8981\uff09\uff0c\u4e0d\u4ec5\u6587\u672c\u3002
pytest (3.14)	Run tests	2026-10-06T10:43:48.8766601Z         """
pytest (3.14)	Run tests	2026-10-06T10:43:48.8766721Z         detail: list[str] = []
pytest (3.14)	Run tests	2026-10-06T10:43:48.8766846Z         owner = StartupCleanupOwner(
pytest (3.14)	Run tests	2026-10-06T10:43:48.8766957Z             proc=self._proc,
pytest (3.14)	Run tests	2026-10-06T10:43:48.8767058Z             guard=self._guard,
pytest (3.14)	Run tests	2026-10-06T10:43:48.8767147Z             pid=self._sidecar_pid,
pytest (3.14)	Run tests	2026-10-06T10:43:48.8767320Z             identity=self._sidecar_identity,
pytest (3.14)	Run tests	2026-10-06T10:43:48.8767432Z             reader=self._reader_thread,
pytest (3.14)	Run tests	2026-10-06T10:43:48.8767543Z             stderr=self._stderr_thread,
pytest (3.14)	Run tests	2026-10-06T10:43:48.8767649Z             applier=self._applier_thread,
pytest (3.14)	Run tests	2026-10-06T10:43:48.8767763Z             kill_timeout=self._kill_timeout,
pytest (3.14)	Run tests	2026-10-06T10:43:48.8767860Z         )
pytest (3.14)	Run tests	2026-10-06T10:43:48.8767966Z         outcome = _reap_process_resources(
pytest (3.14)	Run tests	2026-10-06T10:43:48.8768081Z             proc=self._proc,
pytest (3.14)	Run tests	2026-10-06T10:43:48.8768178Z             guard=self._guard,
pytest (3.14)	Run tests	2026-10-06T10:43:48.8768331Z             pid=self._sidecar_pid,
pytest (3.14)	Run tests	2026-10-06T10:43:48.8768475Z             identity=self._sidecar_identity,
pytest (3.14)	Run tests	2026-10-06T10:43:48.8768647Z             reader=self._reader_thread,
pytest (3.14)	Run tests	2026-10-06T10:43:48.8768785Z             stderr=self._stderr_thread,
pytest (3.14)	Run tests	2026-10-06T10:43:48.8768976Z             applier=self._applier_thread,
pytest (3.14)	Run tests	2026-10-06T10:43:48.8769162Z             budget=self._shutdown_timeout,
pytest (3.14)	Run tests	2026-10-06T10:43:48.8769303Z             kill_timeout=self._kill_timeout,
pytest (3.14)	Run tests	2026-10-06T10:43:48.8769484Z             detail=detail,
pytest (3.14)	Run tests	2026-10-06T10:43:48.8769602Z         )
pytest (3.14)	Run tests	2026-10-06T10:43:48.8769770Z         residual = {
pytest (3.14)	Run tests	2026-10-06T10:43:48.8769905Z             "reason": reason,
pytest (3.14)	Run tests	2026-10-06T10:43:48.8770091Z             "pid": self._sidecar_pid,
pytest (3.14)	Run tests	2026-10-06T10:43:48.8770260Z             "identity_filetime": (
pytest (3.14)	Run tests	2026-10-06T10:43:48.8770470Z                 str(self._sidecar_identity.created_at_filetime)
pytest (3.14)	Run tests	2026-10-06T10:43:48.8770688Z                 if self._sidecar_identity is not None
pytest (3.14)	Run tests	2026-10-06T10:43:48.8770968Z                 else None
pytest (3.14)	Run tests	2026-10-06T10:43:48.8771129Z             ),
pytest (3.14)	Run tests	2026-10-06T10:43:48.8771303Z             "process_exited": outcome["root_dead"],
pytest (3.14)	Run tests	2026-10-06T10:43:48.8771517Z             "job_verified": outcome["job_verified"],
pytest (3.14)	Run tests	2026-10-06T10:43:48.8771720Z             "guard_closed": outcome["guard_closed"],
pytest (3.14)	Run tests	2026-10-06T10:43:48.8771873Z             "cleanup_closed": outcome["closed"],
pytest (3.14)	Run tests	2026-10-06T10:43:48.8772026Z             "cleanup_seconds": outcome["seconds"],
pytest (3.14)	Run tests	2026-10-06T10:43:48.8772221Z             "cleanup_detail": ", ".join(detail) if detail else "ok",
pytest (3.14)	Run tests	2026-10-06T10:43:48.8772383Z             "cleanup_errors": list(outcome["errors"]),
pytest (3.14)	Run tests	2026-10-06T10:43:48.8772516Z             "stderr_digest": self._stderr_digest(),
pytest (3.14)	Run tests	2026-10-06T10:43:48.8772605Z         }
pytest (3.14)	Run tests	2026-10-06T10:43:48.8772707Z         message = (
pytest (3.14)	Run tests	2026-10-06T10:43:48.8773007Z             f"{reason}\uff1b\u6e05\u7406={'converged' if outcome['closed'] else 'retained'}"
pytest (3.14)	Run tests	2026-10-06T10:43:48.8773219Z             f"\uff08{outcome['seconds']}s, pid={self._sidecar_pid}\uff09"
pytest (3.14)	Run tests	2026-10-06T10:43:48.8773307Z         )
pytest (3.14)	Run tests	2026-10-06T10:43:48.8773597Z >       raise EmulatorStartupError(message, owner=owner, residual=residual) from cause
pytest (3.14)	Run tests	2026-10-06T10:43:48.8774909Z E       packages.core.terminal.emulator.EmulatorStartupError: sidecar \u4e0d\u53ef\u7528\uff1adependency-missing:Cannot find package '@xterm/headless' imported from D:\\a\\pan\\pan\\packages\\core\\terminal\\emulator_sidecar\\sidecar.mjs\uff1b\u6e05\u7406=converged\uff080.006s, pid=8300\uff09
pytest (3.14)	Run tests	2026-10-06T10:43:48.8774933Z 
pytest (3.14)	Run tests	2026-10-06T10:43:48.8775137Z packages\core\terminal\emulator.py:904: EmulatorStartupError
pytest (3.14)	Run tests	2026-10-06T10:43:48.8775510Z ____________________ test_resize_wait_confirmation_surface ____________________
pytest (3.14)	Run tests	2026-10-06T10:43:48.8775519Z 
pytest (3.14)	Run tests	2026-10-06T10:43:48.8775744Z emu_factory = <function emu_factory.<locals>.make at 0x000001ECC3F52E50>
pytest (3.14)	Run tests	2026-10-06T10:43:48.8775752Z 
pytest (3.14)	Run tests	2026-10-06T10:43:48.8775943Z     def test_resize_wait_confirmation_surface(emu_factory):
pytest (3.14)	Run tests	2026-10-06T10:43:48.8776600Z         """resize \u786e\u8ba4\u9762\uff1a\u975e\u963b\u585e resize \u65e0\u56de\u6267\uff08\u4e0d\u5f97\u63a8\u65ad\u4e09\u65b9\u4e00\u81f4\uff09\uff1bresize_wait \u53ef\u786e\u8ba4\u3002"""
pytest (3.14)	Run tests	2026-10-06T10:43:48.8776933Z >       emu = emu_factory()
pytest (3.14)	Run tests	2026-10-06T10:43:48.8777048Z               ^^^^^^^^^^^^^
pytest (3.14)	Run tests	2026-10-06T10:43:48.8777056Z 
pytest (3.14)	Run tests	2026-10-06T10:43:48.8777174Z tests\test_terminal_emulator.py:1039: 
pytest (3.14)	Run tests	2026-10-06T10:43:48.8777361Z _ _ _ _ _ _ _ _ _ _ _ _ _ _ _ _ _ _ _ _ _ _ _ _ _ _ _ _ _ _ _ _ _ _ _ _ _ _ _ _
pytest (3.14)	Run tests	2026-10-06T10:43:48.8777503Z tests\test_terminal_emulator.py:87: in make
pytest (3.14)	Run tests	2026-10-06T10:43:48.8777610Z     emu = HeadlessEmulator(**kwargs)
pytest (3.14)	Run tests	2026-10-06T10:43:48.8777726Z           ^^^^^^^^^^^^^^^^^^^^^^^^^^
pytest (3.14)	Run tests	2026-10-06T10:43:48.8777866Z packages\core\terminal\emulator.py:747: in __init__
pytest (3.14)	Run tests	2026-10-06T10:43:48.8777984Z     self._spawn_and_handshake()
pytest (3.14)	Run tests	2026-10-06T10:43:48.8778188Z packages\core\terminal\emulator.py:838: in _spawn_and_handshake
pytest (3.14)	Run tests	2026-10-06T10:43:48.8778453Z     self._fail_startup(f"sidecar \u4e0d\u53ef\u7528\uff1a{self._startup_failure}")
pytest (3.14)	Run tests	2026-10-06T10:43:48.8778623Z _ _ _ _ _ _ _ _ _ _ _ _ _ _ _ _ _ _ _ _ _ _ _ _ _ _ _ _ _ _ _ _ _ _ _ _ _ _ _ _
pytest (3.14)	Run tests	2026-10-06T10:43:48.8778630Z 
pytest (3.14)	Run tests	2026-10-06T10:43:48.8778939Z self = <packages.core.terminal.emulator.HeadlessEmulator object at 0x000001ECC3C1B620>
pytest (3.14)	Run tests	2026-10-06T10:43:48.8779683Z reason = "sidecar \u4e0d\u53ef\u7528\uff1adependency-missing:Cannot find package '@xterm/headless' imported from D:\\\\a\\\\pan\\\\pan\\\\packages\\\\core\\\\terminal\\\\emulator_sidecar\\\\sidecar.mjs"
pytest (3.14)	Run tests	2026-10-06T10:43:48.8779776Z cause = None
pytest (3.14)	Run tests	2026-10-06T10:43:48.8779783Z 
pytest (3.14)	Run tests	2026-10-06T10:43:48.8780088Z     def _fail_startup(self, reason: str, *, cause: BaseException | None = None) -> NoReturn:
pytest (3.14)	Run tests	2026-10-06T10:43:48.8780628Z         """\u6784\u9020\u5931\u8d25\u7edf\u4e00\u51fa\u53e3\uff1a\u6709\u754c\u6574 Job \u6e05\u7406 + \u643a\u5e26 owner/\u6b8b\u7559\u4fe1\u606f\u7684\u5f02\u5e38\u3002
pytest (3.14)	Run tests	2026-10-06T10:43:48.8780712Z     
pytest (3.14)	Run tests	2026-10-06T10:43:48.8781405Z         \u6e05\u7406\u987a\u5e8f\u4e0e ``close`` \u4e00\u81f4\uff08\u5148\u6e05\u6811 \u2192 join \u7ebf\u7a0b \u2192 \u5173\u6d41 \u2192 guard.close\uff09\uff0c
pytest (3.14)	Run tests	2026-10-06T10:43:48.8781844Z         \u603b\u9884\u7b97\u4e3a ``shutdown_timeout``\uff1b\u5f02\u5e38\u643a\u5e26\u53ef\u91cd\u8bd5 ``owner``\uff08``retry_cleanup``\uff09
pytest (3.14)	Run tests	2026-10-06T10:43:48.8782324Z         \u4e0e ``residual``\uff08pid/\u8eab\u4efd/\u6e05\u7406\u6838\u9a8c/stderr \u6458\u8981\uff09\uff0c\u4e0d\u4ec5\u6587\u672c\u3002
pytest (3.14)	Run tests	2026-10-06T10:43:48.8782425Z         """
pytest (3.14)	Run tests	2026-10-06T10:43:48.8782536Z         detail: list[str] = []
pytest (3.14)	Run tests	2026-10-06T10:43:48.8782663Z         owner = StartupCleanupOwner(
pytest (3.14)	Run tests	2026-10-06T10:43:48.8782768Z             proc=self._proc,
pytest (3.14)	Run tests	2026-10-06T10:43:48.8782890Z             guard=self._guard,
pytest (3.14)	Run tests	2026-10-06T10:43:48.8782989Z             pid=self._sidecar_pid,
pytest (3.14)	Run tests	2026-10-06T10:43:48.8783196Z             identity=self._sidecar_identity,
pytest (3.14)	Run tests	2026-10-06T10:43:48.8783341Z             reader=self._reader_thread,
pytest (3.14)	Run tests	2026-10-06T10:43:48.8783459Z             stderr=self._stderr_thread,
pytest (3.14)	Run tests	2026-10-06T10:43:48.8783609Z             applier=self._applier_thread,
pytest (3.14)	Run tests	2026-10-06T10:43:48.8783754Z             kill_timeout=self._kill_timeout,
pytest (3.14)	Run tests	2026-10-06T10:43:48.8783897Z         )
pytest (3.14)	Run tests	2026-10-06T10:43:48.8784046Z         outcome = _reap_process_resources(
pytest (3.14)	Run tests	2026-10-06T10:43:48.8784170Z             proc=self._proc,
pytest (3.14)	Run tests	2026-10-06T10:43:48.8784334Z             guard=self._guard,
pytest (3.14)	Run tests	2026-10-06T10:43:48.8784482Z             pid=self._sidecar_pid,
pytest (3.14)	Run tests	2026-10-06T10:43:48.8784628Z             identity=self._sidecar_identity,
pytest (3.14)	Run tests	2026-10-06T10:43:48.8784742Z             reader=self._reader_thread,
pytest (3.14)	Run tests	2026-10-06T10:43:48.8785017Z             stderr=self._stderr_thread,
pytest (3.14)	Run tests	2026-10-06T10:43:48.8785123Z             applier=self._applier_thread,
pytest (3.14)	Run tests	2026-10-06T10:43:48.8785234Z             budget=self._shutdown_timeout,
pytest (3.14)	Run tests	2026-10-06T10:43:48.8785390Z             kill_timeout=self._kill_timeout,
pytest (3.14)	Run tests	2026-10-06T10:43:48.8785489Z             detail=detail,
pytest (3.14)	Run tests	2026-10-06T10:43:48.8785581Z         )
pytest (3.14)	Run tests	2026-10-06T10:43:48.8785681Z         residual = {
pytest (3.14)	Run tests	2026-10-06T10:43:48.8785780Z             "reason": reason,
pytest (3.14)	Run tests	2026-10-06T10:43:48.8785888Z             "pid": self._sidecar_pid,
pytest (3.14)	Run tests	2026-10-06T10:43:48.8786018Z             "identity_filetime": (
pytest (3.14)	Run tests	2026-10-06T10:43:48.8786185Z                 str(self._sidecar_identity.created_at_filetime)
pytest (3.14)	Run tests	2026-10-06T10:43:48.8786336Z                 if self._sidecar_identity is not None
pytest (3.14)	Run tests	2026-10-06T10:43:48.8786476Z                 else None
pytest (3.14)	Run tests	2026-10-06T10:43:48.8786565Z             ),
pytest (3.14)	Run tests	2026-10-06T10:43:48.8786731Z             "process_exited": outcome["root_dead"],
pytest (3.14)	Run tests	2026-10-06T10:43:48.8786883Z             "job_verified": outcome["job_verified"],
pytest (3.14)	Run tests	2026-10-06T10:43:48.8787059Z             "guard_closed": outcome["guard_closed"],
pytest (3.14)	Run tests	2026-10-06T10:43:48.8787182Z             "cleanup_closed": outcome["closed"],
pytest (3.14)	Run tests	2026-10-06T10:43:48.8787317Z             "cleanup_seconds": outcome["seconds"],
pytest (3.14)	Run tests	2026-10-06T10:43:48.8787516Z             "cleanup_detail": ", ".join(detail) if detail else "ok",
pytest (3.14)	Run tests	2026-10-06T10:43:48.8787660Z             "cleanup_errors": list(outcome["errors"]),
pytest (3.14)	Run tests	2026-10-06T10:43:48.8787808Z             "stderr_digest": self._stderr_digest(),
pytest (3.14)	Run tests	2026-10-06T10:43:48.8787914Z         }
pytest (3.14)	Run tests	2026-10-06T10:43:48.8788033Z         message = (
pytest (3.14)	Run tests	2026-10-06T10:43:48.8788301Z             f"{reason}\uff1b\u6e05\u7406={'converged' if outcome['closed'] else 'retained'}"
pytest (3.14)	Run tests	2026-10-06T10:43:48.8788518Z             f"\uff08{outcome['seconds']}s, pid={self._sidecar_pid}\uff09"
pytest (3.14)	Run tests	2026-10-06T10:43:48.8788601Z         )
pytest (3.14)	Run tests	2026-10-06T10:43:48.8788890Z >       raise EmulatorStartupError(message, owner=owner, residual=residual) from cause
pytest (3.14)	Run tests	2026-10-06T10:43:48.8790096Z E       packages.core.terminal.emulator.EmulatorStartupError: sidecar \u4e0d\u53ef\u7528\uff1adependency-missing:Cannot find package '@xterm/headless' imported from D:\\a\\pan\\pan\\packages\\core\\terminal\\emulator_sidecar\\sidecar.mjs\uff1b\u6e05\u7406=converged\uff080.006s, pid=1192\uff09
pytest (3.14)	Run tests	2026-10-06T10:43:48.8790109Z 
pytest (3.14)	Run tests	2026-10-06T10:43:48.8790539Z packages\core\terminal\emulator.py:904: EmulatorStartupError
pytest (3.14)	Run tests	2026-10-06T10:43:48.8790781Z __________ test_close_timeout_bounds_total_call_including_lock_wait ___________
pytest (3.14)	Run tests	2026-10-06T10:43:48.8790789Z 
pytest (3.14)	Run tests	2026-10-06T10:43:48.8791089Z emu_factory = <function emu_factory.<locals>.make at 0x000001ECC400E770>
pytest (3.14)	Run tests	2026-10-06T10:43:48.8791097Z 
pytest (3.14)	Run tests	2026-10-06T10:43:48.8791347Z     def test_close_timeout_bounds_total_call_including_lock_wait(emu_factory):
pytest (3.14)	Run tests	2026-10-06T10:43:48.8791905Z         """F1\uff1aclose(timeout) \u662f**\u672c\u6b21\u8c03\u7528**\u603b\u9884\u7b97\uff08\u4ece\u5165\u53e3\u8ba1\u65f6\uff0c\u542b _close_lock \u6392\u961f\uff09\u3002
pytest (3.14)	Run tests	2026-10-06T10:43:48.8792050Z     
pytest (3.14)	Run tests	2026-10-06T10:43:48.8792630Z         - T1 \u6301\u9501\u65f6 T2 \u77ed budget \u5fc5\u987b\u5728\u5176\u9884\u7b97\u5185\u6709\u754c\u8fd4\u56de\u5408\u6cd5 closed=False + \u9501\u5fd9\u8bca\u65ad\uff1b
pytest (3.14)	Run tests	2026-10-06T10:43:48.8792966Z         - T2 \u4e0d\u5199\u53e6\u4e00\u8c03\u7528\u7684\u72b6\u6001/\u7f13\u5b58\uff08\u4fdd owner\uff09\uff1b
pytest (3.14)	Run tests	2026-10-06T10:43:48.8793578Z         - T1 \u6536\u655b\u540e\u91cd\u8bd5\u6210\u529f\u4e14 seconds \u4e3a\u672c\u6b21\u8c03\u7528\u5b9e\u9645\u8017\u65f6\uff08\u4e0d\u7528 T1 \u8017\u65f6\u5192\u5145\uff09\uff1b
pytest (3.14)	Run tests	2026-10-06T10:43:48.8794026Z         - timeout=0 \u8fb9\u754c\u660e\u786e\u4e0d\u5012\u9000\uff08\u5408\u6cd5\u62a5\u544a\uff0c\u91cd\u8bd5\u6536\u655b\uff09\u3002
pytest (3.14)	Run tests	2026-10-06T10:43:48.8794187Z         """
pytest (3.14)	Run tests	2026-10-06T10:43:48.8794315Z >       emu = emu_factory()
pytest (3.14)	Run tests	2026-10-06T10:43:48.8794467Z               ^^^^^^^^^^^^^
pytest (3.14)	Run tests	2026-10-06T10:43:48.8794475Z 
pytest (3.14)	Run tests	2026-10-06T10:43:48.8794637Z tests\test_terminal_emulator.py:1068: 
pytest (3.14)	Run tests	2026-10-06T10:43:48.8794984Z _ _ _ _ _ _ _ _ _ _ _ _ _ _ _ _ _ _ _ _ _ _ _ _ _ _ _ _ _ _ _ _ _ _ _ _ _ _ _ _
pytest (3.14)	Run tests	2026-10-06T10:43:48.8795177Z tests\test_terminal_emulator.py:87: in make
pytest (3.14)	Run tests	2026-10-06T10:43:48.8795324Z     emu = HeadlessEmulator(**kwargs)
pytest (3.14)	Run tests	2026-10-06T10:43:48.8795477Z           ^^^^^^^^^^^^^^^^^^^^^^^^^^
pytest (3.14)	Run tests	2026-10-06T10:43:48.8795656Z packages\core\terminal\emulator.py:747: in __init__
pytest (3.14)	Run tests	2026-10-06T10:43:48.8795834Z     self._spawn_and_handshake()
pytest (3.14)	Run tests	2026-10-06T10:43:48.8796072Z packages\core\terminal\emulator.py:838: in _spawn_and_handshake
pytest (3.14)	Run tests	2026-10-06T10:43:48.8796399Z     self._fail_startup(f"sidecar \u4e0d\u53ef\u7528\uff1a{self._startup_failure}")
pytest (3.14)	Run tests	2026-10-06T10:43:48.8796626Z _ _ _ _ _ _ _ _ _ _ _ _ _ _ _ _ _ _ _ _ _ _ _ _ _ _ _ _ _ _ _ _ _ _ _ _ _ _ _ _
pytest (3.14)	Run tests	2026-10-06T10:43:48.8796633Z 
pytest (3.14)	Run tests	2026-10-06T10:43:48.8797195Z self = <packages.core.terminal.emulator.HeadlessEmulator object at 0x000001ECC158B8C0>
pytest (3.14)	Run tests	2026-10-06T10:43:48.8798096Z reason = "sidecar \u4e0d\u53ef\u7528\uff1adependency-missing:Cannot find package '@xterm/headless' imported from D:\\\\a\\\\pan\\\\pan\\\\packages\\\\core\\\\terminal\\\\emulator_sidecar\\\\sidecar.mjs"
pytest (3.14)	Run tests	2026-10-06T10:43:48.8798221Z cause = None
pytest (3.14)	Run tests	2026-10-06T10:43:48.8798228Z 
pytest (3.14)	Run tests	2026-10-06T10:43:49.1552048Z     def _fail_startup(self, reason: str, *, cause: BaseException | None = None) -> NoReturn:
pytest (3.14)	Run tests	2026-10-06T10:43:49.1553285Z         """\u6784\u9020\u5931\u8d25\u7edf\u4e00\u51fa\u53e3\uff1a\u6709\u754c\u6574 Job \u6e05\u7406 + \u643a\u5e26 owner/\u6b8b\u7559\u4fe1\u606f\u7684\u5f02\u5e38\u3002
pytest (3.14)	Run tests	2026-10-06T10:43:49.1554079Z     
pytest (3.14)	Run tests	2026-10-06T10:43:49.1555173Z         \u6e05\u7406\u987a\u5e8f\u4e0e ``close`` \u4e00\u81f4\uff08\u5148\u6e05\u6811 \u2192 join \u7ebf\u7a0b \u2192 \u5173\u6d41 \u2192 guard.close\uff09\uff0c
pytest (3.14)	Run tests	2026-10-06T10:43:49.1556739Z         \u603b\u9884\u7b97\u4e3a ``shutdown_timeout``\uff1b\u5f02\u5e38\u643a\u5e26\u53ef\u91cd\u8bd5 ``owner``\uff08``retry_cleanup``\uff09
pytest (3.14)	Run tests	2026-10-06T10:43:49.1558091Z         \u4e0e ``residual``\uff08pid/\u8eab\u4efd/\u6e05\u7406\u6838\u9a8c/stderr \u6458\u8981\uff09\uff0c\u4e0d\u4ec5\u6587\u672c\u3002
pytest (3.14)	Run tests	2026-10-06T10:43:49.1559220Z         """
pytest (3.14)	Run tests	2026-10-06T10:43:49.1559450Z         detail: list[str] = []
pytest (3.14)	Run tests	2026-10-06T10:43:49.1559703Z         owner = StartupCleanupOwner(
pytest (3.14)	Run tests	2026-10-06T10:43:49.1559989Z             proc=self._proc,
pytest (3.14)	Run tests	2026-10-06T10:43:49.1560206Z             guard=self._guard,
pytest (3.14)	Run tests	2026-10-06T10:43:49.1560762Z             pid=self._sidecar_pid,
pytest (3.14)	Run tests	2026-10-06T10:43:49.1561009Z             identity=self._sidecar_identity,
pytest (3.14)	Run tests	2026-10-06T10:43:49.1561680Z             reader=self._reader_thread,
pytest (3.14)	Run tests	2026-10-06T10:43:49.1562559Z             stderr=self._stderr_thread,
pytest (3.14)	Run tests	2026-10-06T10:43:49.1563215Z             applier=self._applier_thread,
pytest (3.14)	Run tests	2026-10-06T10:43:49.1563966Z             kill_timeout=self._kill_timeout,
pytest (3.14)	Run tests	2026-10-06T10:43:49.1564838Z         )
pytest (3.14)	Run tests	2026-10-06T10:43:49.1565219Z         outcome = _reap_process_resources(
pytest (3.14)	Run tests	2026-10-06T10:43:49.1565827Z             proc=self._proc,
pytest (3.14)	Run tests	2026-10-06T10:43:49.1566352Z             guard=self._guard,
pytest (3.14)	Run tests	2026-10-06T10:43:49.1566802Z             pid=self._sidecar_pid,
pytest (3.14)	Run tests	2026-10-06T10:43:49.1567308Z             identity=self._sidecar_identity,
pytest (3.14)	Run tests	2026-10-06T10:43:49.1567891Z             reader=self._reader_thread,
pytest (3.14)	Run tests	2026-10-06T10:43:49.1568445Z             stderr=self._stderr_thread,
pytest (3.14)	Run tests	2026-10-06T10:43:49.1569021Z             applier=self._applier_thread,
pytest (3.14)	Run tests	2026-10-06T10:43:49.1569616Z             budget=self._shutdown_timeout,
pytest (3.14)	Run tests	2026-10-06T10:43:49.1570264Z             kill_timeout=self._kill_timeout,
pytest (3.14)	Run tests	2026-10-06T10:43:49.1570828Z             detail=detail,
pytest (3.14)	Run tests	2026-10-06T10:43:49.1571323Z         )
pytest (3.14)	Run tests	2026-10-06T10:43:49.1571693Z         residual = {
pytest (3.14)	Run tests	2026-10-06T10:43:49.1572168Z             "reason": reason,
pytest (3.14)	Run tests	2026-10-06T10:43:49.1572745Z             "pid": self._sidecar_pid,
pytest (3.14)	Run tests	2026-10-06T10:43:49.1573304Z             "identity_filetime": (
pytest (3.14)	Run tests	2026-10-06T10:43:49.1573967Z                 str(self._sidecar_identity.created_at_filetime)
pytest (3.14)	Run tests	2026-10-06T10:43:49.1574769Z                 if self._sidecar_identity is not None
pytest (3.14)	Run tests	2026-10-06T10:43:49.1575784Z                 else None
pytest (3.14)	Run tests	2026-10-06T10:43:49.1576318Z             ),
pytest (3.14)	Run tests	2026-10-06T10:43:49.1576865Z             "process_exited": outcome["root_dead"],
pytest (3.14)	Run tests	2026-10-06T10:43:49.1577639Z             "job_verified": outcome["job_verified"],
pytest (3.14)	Run tests	2026-10-06T10:43:49.1578389Z             "guard_closed": outcome["guard_closed"],
pytest (3.14)	Run tests	2026-10-06T10:43:49.1579082Z             "cleanup_closed": outcome["closed"],
pytest (3.14)	Run tests	2026-10-06T10:43:49.1579712Z             "cleanup_seconds": outcome["seconds"],
pytest (3.14)	Run tests	2026-10-06T10:43:49.1580439Z             "cleanup_detail": ", ".join(detail) if detail else "ok",
pytest (3.14)	Run tests	2026-10-06T10:43:49.1581217Z             "cleanup_errors": list(outcome["errors"]),
pytest (3.14)	Run tests	2026-10-06T10:43:49.1581971Z             "stderr_digest": self._stderr_digest(),
pytest (3.14)	Run tests	2026-10-06T10:43:49.1582639Z         }
pytest (3.14)	Run tests	2026-10-06T10:43:49.1583117Z         message = (
pytest (3.14)	Run tests	2026-10-06T10:43:49.1583921Z             f"{reason}\uff1b\u6e05\u7406={'converged' if outcome['closed'] else 'retained'}"
pytest (3.14)	Run tests	2026-10-06T10:43:49.1585490Z             f"\uff08{outcome['seconds']}s, pid={self._sidecar_pid}\uff09"
pytest (3.14)	Run tests	2026-10-06T10:43:49.1586248Z         )
pytest (3.14)	Run tests	2026-10-06T10:43:49.1586885Z >       raise EmulatorStartupError(message, owner=owner, residual=residual) from cause
pytest (3.14)	Run tests	2026-10-06T10:43:49.1589882Z E       packages.core.terminal.emulator.EmulatorStartupError: sidecar \u4e0d\u53ef\u7528\uff1adependency-missing:Cannot find package '@xterm/headless' imported from D:\\a\\pan\\pan\\packages\\core\\terminal\\emulator_sidecar\\sidecar.mjs\uff1b\u6e05\u7406=converged\uff080.006s, pid=6752\uff09
pytest (3.14)	Run tests	2026-10-06T10:43:49.1592411Z 
pytest (3.14)	Run tests	2026-10-06T10:43:49.1592791Z packages\core\terminal\emulator.py:904: EmulatorStartupError
pytest (3.14)	Run tests	2026-10-06T10:43:49.1593797Z _________________ test_kill_timeout_wired_to_remaining_budget _________________
pytest (3.14)	Run tests	2026-10-06T10:43:49.1594499Z 
pytest (3.14)	Run tests	2026-10-06T10:43:49.1594946Z emu_factory = <function emu_factory.<locals>.make at 0x000001ECC400EE50>
pytest (3.14)	Run tests	2026-10-06T10:43:49.1596642Z fake_sidecar = WindowsPath('C:/Users/runneradmin/AppData/Local/Temp/pytest-of-runneradmin/pytest-0/test_kill_timeout_wired_to_rem0/fake_sidecar.cjs')
pytest (3.14)	Run tests	2026-10-06T10:43:49.1598460Z monkeypatch = <_pytest.monkeypatch.MonkeyPatch object at 0x000001ECC3BE09F0>
pytest (3.14)	Run tests	2026-10-06T10:43:49.1600125Z tmp_path = WindowsPath('C:/Users/runneradmin/AppData/Local/Temp/pytest-of-runneradmin/pytest-0/test_kill_timeout_wired_to_rem0')
pytest (3.14)	Run tests	2026-10-06T10:43:49.1601347Z 
pytest (3.14)	Run tests	2026-10-06T10:43:49.1602517Z     def test_kill_timeout_wired_to_remaining_budget(
pytest (3.14)	Run tests	2026-10-06T10:43:49.1603344Z         emu_factory, fake_sidecar, monkeypatch, tmp_path
pytest (3.14)	Run tests	2026-10-06T10:43:49.1604116Z     ):
pytest (3.14)	Run tests	2026-10-06T10:43:49.1605242Z         """F3\uff1akill_timeout \u63a5\u5165\u6bcf\u6b21 kill \u7b49\u5f85\u4e0a\u9650 = min(\u5269\u4f59\u603b\u9884\u7b97, kill_timeout)\uff1b
pytest (3.14)	Run tests	2026-10-06T10:43:49.1607284Z         close / \u6784\u9020\u5931\u8d25\u6e05\u7406 / owner \u91cd\u8bd5\u4e09\u6761\u8def\u5f84\u53c2\u6570\u4e00\u81f4\uff08\u4e0d\u8bef\u79f0\u786c OS SLA\uff09\u3002"""
pytest (3.14)	Run tests	2026-10-06T10:43:49.1608774Z         captured: list = []
pytest (3.14)	Run tests	2026-10-06T10:43:49.1609291Z         real_kv = identity_module.kill_verified
pytest (3.14)	Run tests	2026-10-06T10:43:49.1610138Z     
pytest (3.14)	Run tests	2026-10-06T10:43:49.1610684Z         def spy_kv(pid, expected, *, exit_code=0xDEAD, wait_timeout=5.0):
pytest (3.14)	Run tests	2026-10-06T10:43:49.1611487Z             captured.append(float(wait_timeout))
pytest (3.14)	Run tests	2026-10-06T10:43:49.1612858Z             return real_kv(pid, expected, exit_code=exit_code, wait_timeout=wait_timeout)
pytest (3.14)	Run tests	2026-10-06T10:43:49.1613728Z     
pytest (3.14)	Run tests	2026-10-06T10:43:49.1614285Z         monkeypatch.setattr(identity_module, "kill_verified", spy_kv)
pytest (3.14)	Run tests	2026-10-06T10:43:49.1615047Z         kill_timeout = 1.0
pytest (3.14)	Run tests	2026-10-06T10:43:49.1615490Z     
pytest (3.14)	Run tests	2026-10-06T10:43:49.1616501Z         # (a) close \u9884\u7b97\u4e0d\u8db3\uff1a\u7b49\u5f85\u4e0a\u9650\u8ddf\u968f\u5269\u4f59\u603b\u9884\u7b97\uff08< kill_timeout\uff09
pytest (3.14)	Run tests	2026-10-06T10:43:49.1617785Z >       emu = emu_factory(kill_timeout=kill_timeout)
pytest (3.14)	Run tests	2026-10-06T10:43:49.1618404Z               ^^^^^^^^^^^^^^^^^^^^^^^^^^^^^^^^^^^^^^
pytest (3.14)	Run tests	2026-10-06T10:43:49.1618800Z 
pytest (3.14)	Run tests	2026-10-06T10:43:49.1619281Z tests\test_terminal_emulator.py:1226: 
pytest (3.14)	Run tests	2026-10-06T10:43:49.1619937Z _ _ _ _ _ _ _ _ _ _ _ _ _ _ _ _ _ _ _ _ _ _ _ _ _ _ _ _ _ _ _ _ _ _ _ _ _ _ _ _
pytest (3.14)	Run tests	2026-10-06T10:43:49.1620654Z tests\test_terminal_emulator.py:87: in make
pytest (3.14)	Run tests	2026-10-06T10:43:49.1621254Z     emu = HeadlessEmulator(**kwargs)
pytest (3.14)	Run tests	2026-10-06T10:43:49.1621776Z           ^^^^^^^^^^^^^^^^^^^^^^^^^^
pytest (3.14)	Run tests	2026-10-06T10:43:49.1622365Z packages\core\terminal\emulator.py:747: in __init__
pytest (3.14)	Run tests	2026-10-06T10:43:49.1623007Z     self._spawn_and_handshake()
pytest (3.14)	Run tests	2026-10-06T10:43:49.1623686Z packages\core\terminal\emulator.py:838: in _spawn_and_handshake
pytest (3.14)	Run tests	2026-10-06T10:43:49.1624690Z     self._fail_startup(f"sidecar \u4e0d\u53ef\u7528\uff1a{self._startup_failure}")
pytest (3.14)	Run tests	2026-10-06T10:43:49.1625662Z _ _ _ _ _ _ _ _ _ _ _ _ _ _ _ _ _ _ _ _ _ _ _ _ _ _ _ _ _ _ _ _ _ _ _ _ _ _ _ _
pytest (3.14)	Run tests	2026-10-06T10:43:49.1626164Z 
pytest (3.14)	Run tests	2026-10-06T10:43:49.1626716Z self = <packages.core.terminal.emulator.HeadlessEmulator object at 0x000001ECC3C19BE0>
pytest (3.14)	Run tests	2026-10-06T10:43:49.1628717Z reason = "sidecar \u4e0d\u53ef\u7528\uff1adependency-missing:Cannot find package '@xterm/headless' imported from D:\\\\a\\\\pan\\\\pan\\\\packages\\\\core\\\\terminal\\\\emulator_sidecar\\\\sidecar.mjs"
pytest (3.14)	Run tests	2026-10-06T10:43:49.1630452Z cause = None
pytest (3.14)	Run tests	2026-10-06T10:43:49.1630678Z 
pytest (3.14)	Run tests	2026-10-06T10:43:49.1631175Z     def _fail_startup(self, reason: str, *, cause: BaseException | None = None) -> NoReturn:
pytest (3.14)	Run tests	2026-10-06T10:43:49.1632892Z         """\u6784\u9020\u5931\u8d25\u7edf\u4e00\u51fa\u53e3\uff1a\u6709\u754c\u6574 Job \u6e05\u7406 + \u643a\u5e26 owner/\u6b8b\u7559\u4fe1\u606f\u7684\u5f02\u5e38\u3002
pytest (3.14)	Run tests	2026-10-06T10:43:49.1634283Z     
pytest (3.14)	Run tests	2026-10-06T10:43:49.1635674Z         \u6e05\u7406\u987a\u5e8f\u4e0e ``close`` \u4e00\u81f4\uff08\u5148\u6e05\u6811 \u2192 join \u7ebf\u7a0b \u2192 \u5173\u6d41 \u2192 guard.close\uff09\uff0c
pytest (3.14)	Run tests	2026-10-06T10:43:49.1637730Z         \u603b\u9884\u7b97\u4e3a ``shutdown_timeout``\uff1b\u5f02\u5e38\u643a\u5e26\u53ef\u91cd\u8bd5 ``owner``\uff08``retry_cleanup``\uff09
pytest (3.14)	Run tests	2026-10-06T10:43:49.1639560Z         \u4e0e ``residual``\uff08pid/\u8eab\u4efd/\u6e05\u7406\u6838\u9a8c/stderr \u6458\u8981\uff09\uff0c\u4e0d\u4ec5\u6587\u672c\u3002
pytest (3.14)	Run tests	2026-10-06T10:43:49.1640751Z         """
pytest (3.14)	Run tests	2026-10-06T10:43:49.1641131Z         detail: list[str] = []
pytest (3.14)	Run tests	2026-10-06T10:43:49.1641637Z         owner = StartupCleanupOwner(
pytest (3.14)	Run tests	2026-10-06T10:43:49.1642178Z             proc=self._proc,
pytest (3.14)	Run tests	2026-10-06T10:43:49.1643379Z             guard=self._guard,
pytest (3.14)	Run tests	2026-10-06T10:43:49.1643864Z             pid=self._sidecar_pid,
pytest (3.14)	Run tests	2026-10-06T10:43:49.1644410Z             identity=self._sidecar_identity,
pytest (3.14)	Run tests	2026-10-06T10:43:49.1644992Z             reader=self._reader_thread,
pytest (3.14)	Run tests	2026-10-06T10:43:49.1645531Z             stderr=self._stderr_thread,
pytest (3.14)	Run tests	2026-10-06T10:43:49.1646085Z             applier=self._applier_thread,
pytest (3.14)	Run tests	2026-10-06T10:43:49.1646665Z             kill_timeout=self._kill_timeout,
pytest (3.14)	Run tests	2026-10-06T10:43:49.1647193Z         )
pytest (3.14)	Run tests	2026-10-06T10:43:49.1647499Z         outcome = _reap_process_resources(
pytest (3.14)	Run tests	2026-10-06T10:43:49.1648011Z             proc=self._proc,
pytest (3.14)	Run tests	2026-10-06T10:43:49.1648496Z             guard=self._guard,
pytest (3.14)	Run tests	2026-10-06T10:43:49.1648980Z             pid=self._sidecar_pid,
pytest (3.14)	Run tests	2026-10-06T10:43:49.1649512Z             identity=self._sidecar_identity,
pytest (3.14)	Run tests	2026-10-06T10:43:49.1650082Z             reader=self._reader_thread,
pytest (3.14)	Run tests	2026-10-06T10:43:49.1650626Z             stderr=self._stderr_thread,
pytest (3.14)	Run tests	2026-10-06T10:43:49.1651181Z             applier=self._applier_thread,
pytest (3.14)	Run tests	2026-10-06T10:43:49.1651767Z             budget=self._shutdown_timeout,
pytest (3.14)	Run tests	2026-10-06T10:43:49.1652346Z             kill_timeout=self._kill_timeout,
pytest (3.14)	Run tests	2026-10-06T10:43:49.1652896Z             detail=detail,
pytest (3.14)	Run tests	2026-10-06T10:43:49.1653324Z         )
pytest (3.14)	Run tests	2026-10-06T10:43:49.1653689Z         residual = {
pytest (3.14)	Run tests	2026-10-06T10:43:49.1654101Z             "reason": reason,
pytest (3.14)	Run tests	2026-10-06T10:43:49.1654589Z             "pid": self._sidecar_pid,
pytest (3.14)	Run tests	2026-10-06T10:43:49.1655408Z             "identity_filetime": (
pytest (3.14)	Run tests	2026-10-06T10:43:49.1656023Z                 str(self._sidecar_identity.created_at_filetime)
pytest (3.14)	Run tests	2026-10-06T10:43:49.1656743Z                 if self._sidecar_identity is not None
pytest (3.14)	Run tests	2026-10-06T10:43:49.1657569Z                 else None
pytest (3.14)	Run tests	2026-10-06T10:43:49.1657988Z             ),
pytest (3.14)	Run tests	2026-10-06T10:43:49.1658421Z             "process_exited": outcome["root_dead"],
pytest (3.14)	Run tests	2026-10-06T10:43:49.1659066Z             "job_verified": outcome["job_verified"],
pytest (3.14)	Run tests	2026-10-06T10:43:49.1659734Z             "guard_closed": outcome["guard_closed"],
pytest (3.14)	Run tests	2026-10-06T10:43:49.1660374Z             "cleanup_closed": outcome["closed"],
pytest (3.14)	Run tests	2026-10-06T10:43:49.1660995Z             "cleanup_seconds": outcome["seconds"],
pytest (3.14)	Run tests	2026-10-06T10:43:49.1661719Z             "cleanup_detail": ", ".join(detail) if detail else "ok",
pytest (3.14)	Run tests	2026-10-06T10:43:49.1662484Z             "cleanup_errors": list(outcome["errors"]),
pytest (3.14)	Run tests	2026-10-06T10:43:49.1663135Z             "stderr_digest": self._stderr_digest(),
pytest (3.14)	Run tests	2026-10-06T10:43:49.1663701Z         }
pytest (3.14)	Run tests	2026-10-06T10:43:49.1664046Z         message = (
pytest (3.14)	Run tests	2026-10-06T10:43:49.1664738Z             f"{reason}\uff1b\u6e05\u7406={'converged' if outcome['closed'] else 'retained'}"
pytest (3.14)	Run tests	2026-10-06T10:43:49.1665806Z             f"\uff08{outcome['seconds']}s, pid={self._sidecar_pid}\uff09"
pytest (3.14)	Run tests	2026-10-06T10:43:49.1666515Z         )
pytest (3.14)	Run tests	2026-10-06T10:43:49.1667208Z >       raise EmulatorStartupError(message, owner=owner, residual=residual) from cause
pytest (3.14)	Run tests	2026-10-06T10:43:49.1669991Z E       packages.core.terminal.emulator.EmulatorStartupError: sidecar \u4e0d\u53ef\u7528\uff1adependency-missing:Cannot find package '@xterm/headless' imported from D:\\a\\pan\\pan\\packages\\core\\terminal\\emulator_sidecar\\sidecar.mjs\uff1b\u6e05\u7406=converged\uff080.006s, pid=8684\uff09
pytest (3.14)	Run tests	2026-10-06T10:43:49.1672519Z 
pytest (3.14)	Run tests	2026-10-06T10:43:49.1672869Z packages\core\terminal\emulator.py:904: EmulatorStartupError
pytest (3.14)	Run tests	2026-10-06T10:43:49.1673812Z __________________ test_feed_batching_merges_adjacent_feeds ___________________
pytest (3.14)	Run tests	2026-10-06T10:43:49.1674449Z 
pytest (3.14)	Run tests	2026-10-06T10:43:49.1674847Z emu_factory = <function emu_factory.<locals>.make at 0x000001ECC3BF8BF0>
pytest (3.14)	Run tests	2026-10-06T10:43:49.1675737Z 
pytest (3.14)	Run tests	2026-10-06T10:43:49.1676047Z     def test_feed_batching_merges_adjacent_feeds(emu_factory):
pytest (3.14)	Run tests	2026-10-06T10:43:49.1677764Z         """F2\uff1a\u76f8\u90bb\u8fde\u7eed feed \u5728\u6709\u754c\u4e0a\u9650\u5185\u5408\u5e76\u4e3a\u5355\u5e27\uff1b\u6279\u4e0a\u9650\u751f\u6548\uff1b\u5185\u5bb9\u4e0e\u9010\u5757\u4e00\u81f4\u3002"""
pytest (3.14)	Run tests	2026-10-06T10:43:49.1679398Z >       emu = emu_factory(feed_batch_limit=4096)
pytest (3.14)	Run tests	2026-10-06T10:43:49.1680634Z               ^^^^^^^^^^^^^^^^^^^^^^^^^^^^^^^^^^
pytest (3.14)	Run tests	2026-10-06T10:43:49.1680998Z 
pytest (3.14)	Run tests	2026-10-06T10:43:49.1681195Z tests\test_terminal_emulator.py:1382: 
pytest (3.14)	Run tests	2026-10-06T10:43:49.1681799Z _ _ _ _ _ _ _ _ _ _ _ _ _ _ _ _ _ _ _ _ _ _ _ _ _ _ _ _ _ _ _ _ _ _ _ _ _ _ _ _
pytest (3.14)	Run tests	2026-10-06T10:43:49.1682489Z tests\test_terminal_emulator.py:87: in make
pytest (3.14)	Run tests	2026-10-06T10:43:49.1683060Z     emu = HeadlessEmulator(**kwargs)
pytest (3.14)	Run tests	2026-10-06T10:43:49.1683547Z           ^^^^^^^^^^^^^^^^^^^^^^^^^^
pytest (3.14)	Run tests	2026-10-06T10:43:49.1684098Z packages\core\terminal\emulator.py:747: in __init__
pytest (3.14)	Run tests	2026-10-06T10:43:49.1684710Z     self._spawn_and_handshake()
pytest (3.14)	Run tests	2026-10-06T10:43:49.1685363Z packages\core\terminal\emulator.py:838: in _spawn_and_handshake
pytest (3.14)	Run tests	2026-10-06T10:43:49.1686299Z     self._fail_startup(f"sidecar \u4e0d\u53ef\u7528\uff1a{self._startup_failure}")
pytest (3.14)	Run tests	2026-10-06T10:43:49.1687184Z _ _ _ _ _ _ _ _ _ _ _ _ _ _ _ _ _ _ _ _ _ _ _ _ _ _ _ _ _ _ _ _ _ _ _ _ _ _ _ _
pytest (3.14)	Run tests	2026-10-06T10:43:49.1687662Z 
pytest (3.14)	Run tests	2026-10-06T10:43:49.1688021Z self = <packages.core.terminal.emulator.HeadlessEmulator object at 0x000001ECC3C19400>
pytest (3.14)	Run tests	2026-10-06T10:43:49.1690042Z reason = "sidecar \u4e0d\u53ef\u7528\uff1adependency-missing:Cannot find package '@xterm/headless' imported from D:\\\\a\\\\pan\\\\pan\\\\packages\\\\core\\\\terminal\\\\emulator_sidecar\\\\sidecar.mjs"
pytest (3.14)	Run tests	2026-10-06T10:43:49.1691671Z cause = None
pytest (3.14)	Run tests	2026-10-06T10:43:49.1691877Z 
pytest (3.14)	Run tests	2026-10-06T10:43:49.1692355Z     def _fail_startup(self, reason: str, *, cause: BaseException | None = None) -> NoReturn:
pytest (3.14)	Run tests	2026-10-06T10:43:49.1693981Z         """\u6784\u9020\u5931\u8d25\u7edf\u4e00\u51fa\u53e3\uff1a\u6709\u754c\u6574 Job \u6e05\u7406 + \u643a\u5e26 owner/\u6b8b\u7559\u4fe1\u606f\u7684\u5f02\u5e38\u3002
pytest (3.14)	Run tests	2026-10-06T10:43:49.1695718Z     
pytest (3.14)	Run tests	2026-10-06T10:43:49.1696787Z         \u6e05\u7406\u987a\u5e8f\u4e0e ``close`` \u4e00\u81f4\uff08\u5148\u6e05\u6811 \u2192 join \u7ebf\u7a0b \u2192 \u5173\u6d41 \u2192 guard.close\uff09\uff0c
pytest (3.14)	Run tests	2026-10-06T10:43:49.1698646Z         \u603b\u9884\u7b97\u4e3a ``shutdown_timeout``\uff1b\u5f02\u5e38\u643a\u5e26\u53ef\u91cd\u8bd5 ``owner``\uff08``retry_cleanup``\uff09
pytest (3.14)	Run tests	2026-10-06T10:43:49.1700408Z         \u4e0e ``residual``\uff08pid/\u8eab\u4efd/\u6e05\u7406\u6838\u9a8c/stderr \u6458\u8981\uff09\uff0c\u4e0d\u4ec5\u6587\u672c\u3002
pytest (3.14)	Run tests	2026-10-06T10:43:49.1701540Z         """
pytest (3.14)	Run tests	2026-10-06T10:43:49.1701907Z         detail: list[str] = []
pytest (3.14)	Run tests	2026-10-06T10:43:49.1702397Z         owner = StartupCleanupOwner(
pytest (3.14)	Run tests	2026-10-06T10:43:49.1702912Z             proc=self._proc,
pytest (3.14)	Run tests	2026-10-06T10:43:49.1703404Z             guard=self._guard,
pytest (3.14)	Run tests	2026-10-06T10:43:49.1703872Z             pid=self._sidecar_pid,
pytest (3.14)	Run tests	2026-10-06T10:43:49.1704389Z             identity=self._sidecar_identity,
pytest (3.14)	Run tests	2026-10-06T10:43:49.1704968Z             reader=self._reader_thread,
pytest (3.14)	Run tests	2026-10-06T10:43:49.1705495Z             stderr=self._stderr_thread,
pytest (3.14)	Run tests	2026-10-06T10:43:49.1706041Z             applier=self._applier_thread,
pytest (3.14)	Run tests	2026-10-06T10:43:49.1706597Z             kill_timeout=self._kill_timeout,
pytest (3.14)	Run tests	2026-10-06T10:43:49.1707117Z         )
pytest (3.14)	Run tests	2026-10-06T10:43:49.1707501Z         outcome = _reap_process_resources(
pytest (3.14)	Run tests	2026-10-06T10:43:49.1707986Z             proc=self._proc,
pytest (3.14)	Run tests	2026-10-06T10:43:49.1708360Z             guard=self._guard,
pytest (3.14)	Run tests	2026-10-06T10:43:49.1708836Z             pid=self._sidecar_pid,
pytest (3.14)	Run tests	2026-10-06T10:43:49.1709351Z             identity=self._sidecar_identity,
pytest (3.14)	Run tests	2026-10-06T10:43:49.1709912Z             reader=self._reader_thread,
pytest (3.14)	Run tests	2026-10-06T10:43:49.1710448Z             stderr=self._stderr_thread,
pytest (3.14)	Run tests	2026-10-06T10:43:49.1711043Z             applier=self._applier_thread,
pytest (3.14)	Run tests	2026-10-06T10:43:49.1711601Z             budget=self._shutdown_timeout,
pytest (3.14)	Run tests	2026-10-06T10:43:49.1712159Z             kill_timeout=self._kill_timeout,
pytest (3.14)	Run tests	2026-10-06T10:43:49.1712703Z             detail=detail,
pytest (3.14)	Run tests	2026-10-06T10:43:49.1713117Z         )
pytest (3.14)	Run tests	2026-10-06T10:43:49.1713450Z         residual = {
pytest (3.14)	Run tests	2026-10-06T10:43:49.1713851Z             "reason": reason,
pytest (3.14)	Run tests	2026-10-06T10:43:49.1714319Z             "pid": self._sidecar_pid,
pytest (3.14)	Run tests	2026-10-06T10:43:49.1714848Z             "identity_filetime": (
pytest (3.14)	Run tests	2026-10-06T10:43:49.1716267Z                 str(self._sidecar_identity.created_at_filetime)
pytest (3.14)	Run tests	2026-10-06T10:43:49.1716943Z                 if self._sidecar_identity is not None
pytest (3.14)	Run tests	2026-10-06T10:43:49.1717489Z                 else None
pytest (3.14)	Run tests	2026-10-06T10:43:49.1717878Z             ),
pytest (3.14)	Run tests	2026-10-06T10:43:49.1718227Z             "process_exited": outcome["root_dead"],
pytest (3.14)	Run tests	2026-10-06T10:43:49.1718817Z             "job_verified": outcome["job_verified"],
pytest (3.14)	Run tests	2026-10-06T10:43:49.1719414Z             "guard_closed": outcome["guard_closed"],
pytest (3.14)	Run tests	2026-10-06T10:43:49.1720005Z             "cleanup_closed": outcome["closed"],
pytest (3.14)	Run tests	2026-10-06T10:43:49.1720772Z             "cleanup_seconds": outcome["seconds"],
pytest (3.14)	Run tests	2026-10-06T10:43:49.1721493Z             "cleanup_detail": ", ".join(detail) if detail else "ok",
pytest (3.14)	Run tests	2026-10-06T10:43:49.1722207Z             "cleanup_errors": list(outcome["errors"]),
pytest (3.14)	Run tests	2026-10-06T10:43:49.1722819Z             "stderr_digest": self._stderr_digest(),
pytest (3.14)	Run tests	2026-10-06T10:43:49.1723306Z         }
pytest (3.14)	Run tests	2026-10-06T10:43:49.1723601Z         message = (
pytest (3.14)	Run tests	2026-10-06T10:43:49.1724257Z             f"{reason}\uff1b\u6e05\u7406={'converged' if outcome['closed'] else 'retained'}"
pytest (3.14)	Run tests	2026-10-06T10:43:49.1725226Z             f"\uff08{outcome['seconds']}s, pid={self._sidecar_pid}\uff09"
pytest (3.14)	Run tests	2026-10-06T10:43:49.1725882Z         )
pytest (3.14)	Run tests	2026-10-06T10:43:49.1726530Z >       raise EmulatorStartupError(message, owner=owner, residual=residual) from cause
pytest (3.14)	Run tests	2026-10-06T10:43:49.1729324Z E       packages.core.terminal.emulator.EmulatorStartupError: sidecar \u4e0d\u53ef\u7528\uff1adependency-missing:Cannot find package '@xterm/headless' imported from D:\\a\\pan\\pan\\packages\\core\\terminal\\emulator_sidecar\\sidecar.mjs\uff1b\u6e05\u7406=converged\uff080.006s, pid=1628\uff09
pytest (3.14)	Run tests	2026-10-06T10:43:49.1731902Z 
pytest (3.14)	Run tests	2026-10-06T10:43:49.1732236Z packages\core\terminal\emulator.py:904: EmulatorStartupError
pytest (3.14)	Run tests	2026-10-06T10:43:49.1733123Z _________________ test_feed_batching_stops_at_gap_and_control _________________
pytest (3.14)	Run tests	2026-10-06T10:43:49.1733771Z 
pytest (3.14)	Run tests	2026-10-06T10:43:49.1734140Z emu_factory = <function emu_factory.<locals>.make at 0x000001ECC400F1C0>
pytest (3.14)	Run tests	2026-10-06T10:43:49.1734738Z 
pytest (3.14)	Run tests	2026-10-06T10:43:49.1735052Z     def test_feed_batching_stops_at_gap_and_control(emu_factory):
pytest (3.14)	Run tests	2026-10-06T10:43:49.1736347Z         """F2\uff1a\u5408\u5e76\u4e0d\u8de8 seq gap / duplicate\uff0c\u4e5f\u4e0d\u8de8\u63a7\u5236\u4ea4\u9519\uff08resize/snapshot/barrier/
pytest (3.14)	Run tests	2026-10-06T10:43:49.1737981Z         reset/restore\uff09\uff1bbyte \u7edd\u5bf9\u504f\u79fb\u4e0e gap \u8bca\u65ad\u8bed\u4e49\u4e0d\u53d8\u3002"""
pytest (3.14)	Run tests	2026-10-06T10:43:49.1739595Z >       emu = emu_factory(feed_batch_limit=1 << 20)  # \u5927\u4e0a\u9650\uff1a\u82e5\u4e0d\u8bbe\u8fb9\u754c\u4f1a\u5168\u90e8\u5408\u5e76
pytest (3.14)	Run tests	2026-10-06T10:43:49.1741006Z               ^^^^^^^^^^^^^^^^^^^^^^^^^^^^^^^^^^^^^
pytest (3.14)	Run tests	2026-10-06T10:43:49.1741402Z 
pytest (3.14)	Run tests	2026-10-06T10:43:49.1741591Z tests\test_terminal_emulator.py:1407: 
pytest (3.14)	Run tests	2026-10-06T10:43:49.1742204Z _ _ _ _ _ _ _ _ _ _ _ _ _ _ _ _ _ _ _ _ _ _ _ _ _ _ _ _ _ _ _ _ _ _ _ _ _ _ _ _
pytest (3.14)	Run tests	2026-10-06T10:43:49.1742867Z tests\test_terminal_emulator.py:87: in make
pytest (3.14)	Run tests	2026-10-06T10:43:49.1743395Z     emu = HeadlessEmulator(**kwargs)
pytest (3.14)	Run tests	2026-10-06T10:43:49.1743869Z           ^^^^^^^^^^^^^^^^^^^^^^^^^^
pytest (3.14)	Run tests	2026-10-06T10:43:49.1744401Z packages\core\terminal\emulator.py:747: in __init__
pytest (3.14)	Run tests	2026-10-06T10:43:49.1744989Z     self._spawn_and_handshake()
pytest (3.14)	Run tests	2026-10-06T10:43:49.1745605Z packages\core\terminal\emulator.py:838: in _spawn_and_handshake
pytest (3.14)	Run tests	2026-10-06T10:43:49.1746526Z     self._fail_startup(f"sidecar \u4e0d\u53ef\u7528\uff1a{self._startup_failure}")
pytest (3.14)	Run tests	2026-10-06T10:43:49.1747399Z _ _ _ _ _ _ _ _ _ _ _ _ _ _ _ _ _ _ _ _ _ _ _ _ _ _ _ _ _ _ _ _ _ _ _ _ _ _ _ _
pytest (3.14)	Run tests	2026-10-06T10:43:49.1747873Z 
pytest (3.14)	Run tests	2026-10-06T10:43:49.1748391Z self = <packages.core.terminal.emulator.HeadlessEmulator object at 0x000001ECC158B8C0>
pytest (3.14)	Run tests	2026-10-06T10:43:49.1750426Z reason = "sidecar \u4e0d\u53ef\u7528\uff1adependency-missing:Cannot find package '@xterm/headless' imported from D:\\\\a\\\\pan\\\\pan\\\\packages\\\\core\\\\terminal\\\\emulator_sidecar\\\\sidecar.mjs"
pytest (3.14)	Run tests	2026-10-06T10:43:49.1752823Z cause = None
pytest (3.14)	Run tests	2026-10-06T10:43:49.1753033Z 
pytest (3.14)	Run tests	2026-10-06T10:43:49.1753514Z     def _fail_startup(self, reason: str, *, cause: BaseException | None = None) -> NoReturn:
pytest (3.14)	Run tests	2026-10-06T10:43:49.1755127Z         """\u6784\u9020\u5931\u8d25\u7edf\u4e00\u51fa\u53e3\uff1a\u6709\u754c\u6574 Job \u6e05\u7406 + \u643a\u5e26 owner/\u6b8b\u7559\u4fe1\u606f\u7684\u5f02\u5e38\u3002
pytest (3.14)	Run tests	2026-10-06T10:43:49.1756420Z     
pytest (3.14)	Run tests	2026-10-06T10:43:49.1757459Z         \u6e05\u7406\u987a\u5e8f\u4e0e ``close`` \u4e00\u81f4\uff08\u5148\u6e05\u6811 \u2192 join \u7ebf\u7a0b \u2192 \u5173\u6d41 \u2192 guard.close\uff09\uff0c
pytest (3.14)	Run tests	2026-10-06T10:43:49.1759338Z         \u603b\u9884\u7b97\u4e3a ``shutdown_timeout``\uff1b\u5f02\u5e38\u643a\u5e26\u53ef\u91cd\u8bd5 ``owner``\uff08``retry_cleanup``\uff09
pytest (3.14)	Run tests	2026-10-06T10:43:49.1761392Z         \u4e0e ``residual``\uff08pid/\u8eab\u4efd/\u6e05\u7406\u6838\u9a8c/stderr \u6458\u8981\uff09\uff0c\u4e0d\u4ec5\u6587\u672c\u3002
pytest (3.14)	Run tests	2026-10-06T10:43:49.1762519Z         """
pytest (3.14)	Run tests	2026-10-06T10:43:49.1762873Z         detail: list[str] = []
pytest (3.14)	Run tests	2026-10-06T10:43:49.1763363Z         owner = StartupCleanupOwner(
pytest (3.14)	Run tests	2026-10-06T10:43:49.1763754Z             proc=self._proc,
pytest (3.14)	Run tests	2026-10-06T10:43:49.1764193Z             guard=self._guard,
pytest (3.14)	Run tests	2026-10-06T10:43:49.1764646Z             pid=self._sidecar_pid,
pytest (3.14)	Run tests	2026-10-06T10:43:49.1765152Z             identity=self._sidecar_identity,
pytest (3.14)	Run tests	2026-10-06T10:43:49.1765692Z             reader=self._reader_thread,
pytest (3.14)	Run tests	2026-10-06T10:43:49.1766218Z             stderr=self._stderr_thread,
pytest (3.14)	Run tests	2026-10-06T10:43:49.1766737Z             applier=self._applier_thread,
pytest (3.14)	Run tests	2026-10-06T10:43:49.1767276Z             kill_timeout=self._kill_timeout,
pytest (3.14)	Run tests	2026-10-06T10:43:49.1767986Z         )
pytest (3.14)	Run tests	2026-10-06T10:43:49.1768355Z         outcome = _reap_process_resources(
pytest (3.14)	Run tests	2026-10-06T10:43:49.1768884Z             proc=self._proc,
pytest (3.14)	Run tests	2026-10-06T10:43:49.1769331Z             guard=self._guard,
pytest (3.14)	Run tests	2026-10-06T10:43:49.1769790Z             pid=self._sidecar_pid,
pytest (3.14)	Run tests	2026-10-06T10:43:49.1770299Z             identity=self._sidecar_identity,
pytest (3.14)	Run tests	2026-10-06T10:43:49.1770842Z             reader=self._reader_thread,
pytest (3.14)	Run tests	2026-10-06T10:43:49.1771368Z             stderr=self._stderr_thread,
pytest (3.14)	Run tests	2026-10-06T10:43:49.1771891Z             applier=self._applier_thread,
pytest (3.14)	Run tests	2026-10-06T10:43:49.1772431Z             budget=self._shutdown_timeout,
pytest (3.14)	Run tests	2026-10-06T10:43:49.1772963Z             kill_timeout=self._kill_timeout,
pytest (3.14)	Run tests	2026-10-06T10:43:49.1773477Z             detail=detail,
pytest (3.14)	Run tests	2026-10-06T10:43:49.1773875Z         )
pytest (3.14)	Run tests	2026-10-06T10:43:49.1774203Z         residual = {
pytest (3.14)	Run tests	2026-10-06T10:43:49.1774595Z             "reason": reason,
pytest (3.14)	Run tests	2026-10-06T10:43:49.1775056Z             "pid": self._sidecar_pid,
pytest (3.14)	Run tests	2026-10-06T10:43:49.1775555Z             "identity_filetime": (
pytest (3.14)	Run tests	2026-10-06T10:43:49.1776140Z                 str(self._sidecar_identity.created_at_filetime)
pytest (3.14)	Run tests	2026-10-06T10:43:49.1776836Z                 if self._sidecar_identity is not None
pytest (3.14)	Run tests	2026-10-06T10:43:49.1777384Z                 else None
pytest (3.14)	Run tests	2026-10-06T10:43:49.1777780Z             ),
pytest (3.14)	Run tests	2026-10-06T10:43:49.1778186Z             "process_exited": outcome["root_dead"],
pytest (3.14)	Run tests	2026-10-06T10:43:49.1778793Z             "job_verified": outcome["job_verified"],
pytest (3.14)	Run tests	2026-10-06T10:43:49.1779403Z             "guard_closed": outcome["guard_closed"],
pytest (3.14)	Run tests	2026-10-06T10:43:49.1780001Z             "cleanup_closed": outcome["closed"],
pytest (3.14)	Run tests	2026-10-06T10:43:49.1780593Z             "cleanup_seconds": outcome["seconds"],
pytest (3.14)	Run tests	2026-10-06T10:43:49.1781643Z             "cleanup_detail": ", ".join(detail) if detail else "ok",
pytest (3.14)	Run tests	2026-10-06T10:43:49.1782403Z             "cleanup_errors": list(outcome["errors"]),
pytest (3.14)	Run tests	2026-10-06T10:43:49.1783009Z             "stderr_digest": self._stderr_digest(),
pytest (3.14)	Run tests	2026-10-06T10:43:49.1783529Z         }
pytest (3.14)	Run tests	2026-10-06T10:43:49.1783769Z         message = (
pytest (3.14)	Run tests	2026-10-06T10:43:49.1784395Z             f"{reason}\uff1b\u6e05\u7406={'converged' if outcome['closed'] else 'retained'}"
pytest (3.14)	Run tests	2026-10-06T10:43:49.1785361Z             f"\uff08{outcome['seconds']}s, pid={self._sidecar_pid}\uff09"
pytest (3.14)	Run tests	2026-10-06T10:43:49.1786021Z         )
pytest (3.14)	Run tests	2026-10-06T10:43:49.1786664Z >       raise EmulatorStartupError(message, owner=owner, residual=residual) from cause
pytest (3.14)	Run tests	2026-10-06T10:43:49.1789661Z E       packages.core.terminal.emulator.EmulatorStartupError: sidecar \u4e0d\u53ef\u7528\uff1adependency-missing:Cannot find package '@xterm/headless' imported from D:\\a\\pan\\pan\\packages\\core\\terminal\\emulator_sidecar\\sidecar.mjs\uff1b\u6e05\u7406=converged\uff080.006s, pid=4980\uff09
pytest (3.14)	Run tests	2026-10-06T10:43:49.1791981Z 
pytest (3.14)	Run tests	2026-10-06T10:43:49.1792312Z packages\core\terminal\emulator.py:904: EmulatorStartupError
pytest (3.14)	Run tests	2026-10-06T10:43:49.1793219Z __________ test_feed_batching_prefix_split_utf8_csi_osc_equivalence ___________
pytest (3.14)	Run tests	2026-10-06T10:43:49.1793843Z 
pytest (3.14)	Run tests	2026-10-06T10:43:49.1794217Z emu_factory = <function emu_factory.<locals>.make at 0x000001ECC402CA90>
pytest (3.14)	Run tests	2026-10-06T10:43:49.1794800Z 
pytest (3.14)	Run tests	2026-10-06T10:43:49.1795199Z     def test_feed_batching_prefix_split_utf8_csi_osc_equivalence(emu_factory):
pytest (3.14)	Run tests	2026-10-06T10:43:49.1796886Z         """F2\uff1a\u628a\u8de8\u5757 UTF-8/CSI/OSC \u5e8f\u5217\u62c6\u8fdb\u591a\u4e2a feed \u540e\u5408\u5e76\uff0c\u884c\u4e3a\u4e0e\u4e0d\u5408\u5e76\u9010\u5b57\u8282\u7b49\u4ef7
pytest (3.14)	Run tests	2026-10-06T10:43:49.1798546Z         \uff08\u534f\u8bae A \u5bf9\u62cd + clean \u8fb9\u754c\u4e0d\u53d8\uff09\u3002"""
pytest (3.14)	Run tests	2026-10-06T10:43:49.1799316Z         stream = (
pytest (3.14)	Run tests	2026-10-06T10:43:49.1799778Z             b"head-" + "\u4e2d".encode("utf-8") + b"-mid\\r\\n"
pytest (3.14)	Run tests	2026-10-06T10:43:49.1800442Z             b"\x1b[31mRED\x1b[0m \x1b[1;32mGRN\x1b[0m\r\n"
pytest (3.14)	Run tests	2026-10-06T10:43:49.1801029Z             b"\x1b]0;title-split\x07tail"
pytest (3.14)	Run tests	2026-10-06T10:43:49.1801861Z         )
pytest (3.14)	Run tests	2026-10-06T10:43:49.1802286Z >       batched = emu_factory(feed_batch_limit=1 << 20)
pytest (3.14)	Run tests	2026-10-06T10:43:49.1803100Z                   ^^^^^^^^^^^^^^^^^^^^^^^^^^^^^^^^^^^^^
pytest (3.14)	Run tests	2026-10-06T10:43:49.1803481Z 
pytest (3.14)	Run tests	2026-10-06T10:43:49.1803668Z tests\test_terminal_emulator.py:1431: 
pytest (3.14)	Run tests	2026-10-06T10:43:49.1804198Z _ _ _ _ _ _ _ _ _ _ _ _ _ _ _ _ _ _ _ _ _ _ _ _ _ _ _ _ _ _ _ _ _ _ _ _ _ _ _ _
pytest (3.14)	Run tests	2026-10-06T10:43:49.1804879Z tests\test_terminal_emulator.py:87: in make
pytest (3.14)	Run tests	2026-10-06T10:43:49.1805448Z     emu = HeadlessEmulator(**kwargs)
pytest (3.14)	Run tests	2026-10-06T10:43:49.1805941Z           ^^^^^^^^^^^^^^^^^^^^^^^^^^
pytest (3.14)	Run tests	2026-10-06T10:43:49.1806488Z packages\core\terminal\emulator.py:747: in __init__
pytest (3.14)	Run tests	2026-10-06T10:43:49.1807091Z     self._spawn_and_handshake()
pytest (3.14)	Run tests	2026-10-06T10:43:49.1807721Z packages\core\terminal\emulator.py:838: in _spawn_and_handshake
pytest (3.14)	Run tests	2026-10-06T10:43:49.1808698Z     self._fail_startup(f"sidecar \u4e0d\u53ef\u7528\uff1a{self._startup_failure}")
pytest (3.14)	Run tests	2026-10-06T10:43:49.1809589Z _ _ _ _ _ _ _ _ _ _ _ _ _ _ _ _ _ _ _ _ _ _ _ _ _ _ _ _ _ _ _ _ _ _ _ _ _ _ _ _
pytest (3.14)	Run tests	2026-10-06T10:43:49.1810055Z 
pytest (3.14)	Run tests	2026-10-06T10:43:49.1810581Z self = <packages.core.terminal.emulator.HeadlessEmulator object at 0x000001ECC158B4D0>
pytest (3.14)	Run tests	2026-10-06T10:43:49.1812626Z reason = "sidecar \u4e0d\u53ef\u7528\uff1adependency-missing:Cannot find package '@xterm/headless' imported from D:\\\\a\\\\pan\\\\pan\\\\packages\\\\core\\\\terminal\\\\emulator_sidecar\\\\sidecar.mjs"
pytest (3.14)	Run tests	2026-10-06T10:43:49.1814245Z cause = None
pytest (3.14)	Run tests	2026-10-06T10:43:49.1814466Z 
pytest (3.14)	Run tests	2026-10-06T10:43:49.1814933Z     def _fail_startup(self, reason: str, *, cause: BaseException | None = None) -> NoReturn:
pytest (3.14)	Run tests	2026-10-06T10:43:49.1816540Z         """\u6784\u9020\u5931\u8d25\u7edf\u4e00\u51fa\u53e3\uff1a\u6709\u754c\u6574 Job \u6e05\u7406 + \u643a\u5e26 owner/\u6b8b\u7559\u4fe1\u606f\u7684\u5f02\u5e38\u3002
pytest (3.14)	Run tests	2026-10-06T10:43:49.1817804Z     
pytest (3.14)	Run tests	2026-10-06T10:43:49.1818864Z         \u6e05\u7406\u987a\u5e8f\u4e0e ``close`` \u4e00\u81f4\uff08\u5148\u6e05\u6811 \u2192 join \u7ebf\u7a0b \u2192 \u5173\u6d41 \u2192 guard.close\uff09\uff0c
pytest (3.14)	Run tests	2026-10-06T10:43:49.1820729Z         \u603b\u9884\u7b97\u4e3a ``shutdown_timeout``\uff1b\u5f02\u5e38\u643a\u5e26\u53ef\u91cd\u8bd5 ``owner``\uff08``retry_cleanup``\uff09
pytest (3.14)	Run tests	2026-10-06T10:43:49.1822762Z         \u4e0e ``residual``\uff08pid/\u8eab\u4efd/\u6e05\u7406\u6838\u9a8c/stderr \u6458\u8981\uff09\uff0c\u4e0d\u4ec5\u6587\u672c\u3002
pytest (3.14)	Run tests	2026-10-06T10:43:49.1823869Z         """
pytest (3.14)	Run tests	2026-10-06T10:43:49.1824118Z         detail: list[str] = []
pytest (3.14)	Run tests	2026-10-06T10:43:49.1824803Z         owner = StartupCleanupOwner(
pytest (3.14)	Run tests	2026-10-06T10:43:49.1825306Z             proc=self._proc,
pytest (3.14)	Run tests	2026-10-06T10:43:49.1825752Z             guard=self._guard,
pytest (3.14)	Run tests	2026-10-06T10:43:49.1826213Z             pid=self._sidecar_pid,
pytest (3.14)	Run tests	2026-10-06T10:43:49.1826720Z             identity=self._sidecar_identity,
pytest (3.14)	Run tests	2026-10-06T10:43:49.1827260Z             reader=self._reader_thread,
pytest (3.14)	Run tests	2026-10-06T10:43:49.1827774Z             stderr=self._stderr_thread,
pytest (3.14)	Run tests	2026-10-06T10:43:49.1828295Z             applier=self._applier_thread,
pytest (3.14)	Run tests	2026-10-06T10:43:49.1828838Z             kill_timeout=self._kill_timeout,
pytest (3.14)	Run tests	2026-10-06T10:43:49.1829339Z         )
pytest (3.14)	Run tests	2026-10-06T10:43:49.1829710Z         outcome = _reap_process_resources(
pytest (3.14)	Run tests	2026-10-06T10:43:49.1830235Z             proc=self._proc,
pytest (3.14)	Run tests	2026-10-06T10:43:49.1830674Z             guard=self._guard,
pytest (3.14)	Run tests	2026-10-06T10:43:49.1831136Z             pid=self._sidecar_pid,
pytest (3.14)	Run tests	2026-10-06T10:43:49.1831645Z             identity=self._sidecar_identity,
pytest (3.14)	Run tests	2026-10-06T10:43:49.1832181Z             reader=self._reader_thread,
pytest (3.14)	Run tests	2026-10-06T10:43:49.1832702Z             stderr=self._stderr_thread,
pytest (3.14)	Run tests	2026-10-06T10:43:49.1833220Z             applier=self._applier_thread,
pytest (3.14)	Run tests	2026-10-06T10:43:49.1833764Z             budget=self._shutdown_timeout,
pytest (3.14)	Run tests	2026-10-06T10:43:49.1834310Z             kill_timeout=self._kill_timeout,
pytest (3.14)	Run tests	2026-10-06T10:43:49.1834826Z             detail=detail,
pytest (3.14)	Run tests	2026-10-06T10:43:49.1835224Z         )
pytest (3.14)	Run tests	2026-10-06T10:43:49.1835557Z         residual = {
pytest (3.14)	Run tests	2026-10-06T10:43:49.1835959Z             "reason": reason,
pytest (3.14)	Run tests	2026-10-06T10:43:49.1836419Z             "pid": self._sidecar_pid,
pytest (3.14)	Run tests	2026-10-06T10:43:49.1836919Z             "identity_filetime": (
pytest (3.14)	Run tests	2026-10-06T10:43:49.1837701Z                 str(self._sidecar_identity.created_at_filetime)
pytest (3.14)	Run tests	2026-10-06T10:43:49.1838389Z                 if self._sidecar_identity is not None
pytest (3.14)	Run tests	2026-10-06T10:43:49.1838938Z                 else None
pytest (3.14)	Run tests	2026-10-06T10:43:49.1839331Z             ),
pytest (3.14)	Run tests	2026-10-06T10:43:49.1839737Z             "process_exited": outcome["root_dead"],
pytest (3.14)	Run tests	2026-10-06T10:43:49.1840353Z             "job_verified": outcome["job_verified"],
pytest (3.14)	Run tests	2026-10-06T10:43:49.1840974Z             "guard_closed": outcome["guard_closed"],
pytest (3.14)	Run tests	2026-10-06T10:43:49.1841583Z             "cleanup_closed": outcome["closed"],
pytest (3.14)	Run tests	2026-10-06T10:43:49.1842498Z             "cleanup_seconds": outcome["seconds"],
pytest (3.14)	Run tests	2026-10-06T10:43:49.1843233Z             "cleanup_detail": ", ".join(detail) if detail else "ok",
pytest (3.14)	Run tests	2026-10-06T10:43:49.1843946Z             "cleanup_errors": list(outcome["errors"]),
pytest (3.14)	Run tests	2026-10-06T10:43:49.1844424Z             "stderr_digest": self._stderr_digest(),
pytest (3.14)	Run tests	2026-10-06T10:43:49.1844948Z         }
pytest (3.14)	Run tests	2026-10-06T10:43:49.1845277Z         message = (
pytest (3.14)	Run tests	2026-10-06T10:43:49.1845965Z             f"{reason}\uff1b\u6e05\u7406={'converged' if outcome['closed'] else 'retained'}"
pytest (3.14)	Run tests	2026-10-06T10:43:49.1846933Z             f"\uff08{outcome['seconds']}s, pid={self._sidecar_pid}\uff09"
pytest (3.14)	Run tests	2026-10-06T10:43:49.1847602Z         )
pytest (3.14)	Run tests	2026-10-06T10:43:49.1848246Z >       raise EmulatorStartupError(message, owner=owner, residual=residual) from cause
pytest (3.14)	Run tests	2026-10-06T10:43:49.1851034Z E       packages.core.terminal.emulator.EmulatorStartupError: sidecar \u4e0d\u53ef\u7528\uff1adependency-missing:Cannot find package '@xterm/headless' imported from D:\\a\\pan\\pan\\packages\\core\\terminal\\emulator_sidecar\\sidecar.mjs\uff1b\u6e05\u7406=converged\uff080.006s, pid=9364\uff09
pytest (3.14)	Run tests	2026-10-06T10:43:49.1853303Z 
pytest (3.14)	Run tests	2026-10-06T10:43:49.1853615Z packages\core\terminal\emulator.py:904: EmulatorStartupError
pytest (3.14)	Run tests	2026-10-06T10:43:49.1854488Z __________________ test_feed_batching_error_ack_binds_batch ___________________
pytest (3.14)	Run tests	2026-10-06T10:43:49.1855073Z 
pytest (3.14)	Run tests	2026-10-06T10:43:49.1855431Z emu_factory = <function emu_factory.<locals>.make at 0x000001ECC400DFE0>
pytest (3.14)	Run tests	2026-10-06T10:43:49.1856020Z 
pytest (3.14)	Run tests	2026-10-06T10:43:49.1856322Z     def test_feed_batching_error_ack_binds_batch(emu_factory):
pytest (3.14)	Run tests	2026-10-06T10:43:49.1857943Z         """F2\uff1a\u6279\u6b21\u5f02\u5e38 ack \u4ecd\u7ed1\u5b9a\u6279 op\uff08sticky \u964d\u7ea7\u3001\u89e3\u6790\u5faa\u73af\u7ee7\u7eed\u3001\u540e\u7eed\u6279\u6b63\u5e38\uff09\u3002"""
pytest (3.14)	Run tests	2026-10-06T10:43:49.1859683Z >       emu = emu_factory(feed_batch_limit=1 << 20)
pytest (3.14)	Run tests	2026-10-06T10:43:49.1860257Z               ^^^^^^^^^^^^^^^^^^^^^^^^^^^^^^^^^^^^^
pytest (3.14)	Run tests	2026-10-06T10:43:49.1860636Z 
pytest (3.14)	Run tests	2026-10-06T10:43:49.1860826Z tests\test_terminal_emulator.py:1452: 
pytest (3.14)	Run tests	2026-10-06T10:43:49.1861437Z _ _ _ _ _ _ _ _ _ _ _ _ _ _ _ _ _ _ _ _ _ _ _ _ _ _ _ _ _ _ _ _ _ _ _ _ _ _ _ _
pytest (3.14)	Run tests	2026-10-06T10:43:49.1862536Z tests\test_terminal_emulator.py:87: in make
pytest (3.14)	Run tests	2026-10-06T10:43:49.1863112Z     emu = HeadlessEmulator(**kwargs)
pytest (3.14)	Run tests	2026-10-06T10:43:49.1863614Z           ^^^^^^^^^^^^^^^^^^^^^^^^^^
pytest (3.14)	Run tests	2026-10-06T10:43:49.1864160Z packages\core\terminal\emulator.py:747: in __init__
pytest (3.14)	Run tests	2026-10-06T10:43:49.1864569Z     self._spawn_and_handshake()
pytest (3.14)	Run tests	2026-10-06T10:43:49.1864951Z packages\core\terminal\emulator.py:838: in _spawn_and_handshake
pytest (3.14)	Run tests	2026-10-06T10:43:49.1865374Z     self._fail_startup(f"sidecar \u4e0d\u53ef\u7528\uff1a{self._startup_failure}")
pytest (3.14)	Run tests	2026-10-06T10:43:49.1865763Z _ _ _ _ _ _ _ _ _ _ _ _ _ _ _ _ _ _ _ _ _ _ _ _ _ _ _ _ _ _ _ _ _ _ _ _ _ _ _ _
pytest (3.14)	Run tests	2026-10-06T10:43:49.1865980Z 
pytest (3.14)	Run tests	2026-10-06T10:43:49.1866207Z self = <packages.core.terminal.emulator.HeadlessEmulator object at 0x000001ECC158B380>
pytest (3.14)	Run tests	2026-10-06T10:43:49.1867047Z reason = "sidecar \u4e0d\u53ef\u7528\uff1adependency-missing:Cannot find package '@xterm/headless' imported from D:\\\\a\\\\pan\\\\pan\\\\packages\\\\core\\\\terminal\\\\emulator_sidecar\\\\sidecar.mjs"
pytest (3.14)	Run tests	2026-10-06T10:43:49.1867726Z cause = None
pytest (3.14)	Run tests	2026-10-06T10:43:49.1867826Z 
pytest (3.14)	Run tests	2026-10-06T10:43:49.1868042Z     def _fail_startup(self, reason: str, *, cause: BaseException | None = None) -> NoReturn:
pytest (3.14)	Run tests	2026-10-06T10:43:49.1869112Z         """\u6784\u9020\u5931\u8d25\u7edf\u4e00\u51fa\u53e3\uff1a\u6709\u754c\u6574 Job \u6e05\u7406 + \u643a\u5e26 owner/\u6b8b\u7559\u4fe1\u606f\u7684\u5f02\u5e38\u3002
pytest (3.14)	Run tests	2026-10-06T10:43:49.1869651Z     
pytest (3.14)	Run tests	2026-10-06T10:43:49.1870107Z         \u6e05\u7406\u987a\u5e8f\u4e0e ``close`` \u4e00\u81f4\uff08\u5148\u6e05\u6811 \u2192 join \u7ebf\u7a0b \u2192 \u5173\u6d41 \u2192 guard.close\uff09\uff0c
pytest (3.14)	Run tests	2026-10-06T10:43:49.1870894Z         \u603b\u9884\u7b97\u4e3a ``shutdown_timeout``\uff1b\u5f02\u5e38\u643a\u5e26\u53ef\u91cd\u8bd5 ``owner``\uff08``retry_cleanup``\uff09
pytest (3.14)	Run tests	2026-10-06T10:43:49.1871644Z         \u4e0e ``residual``\uff08pid/\u8eab\u4efd/\u6e05\u7406\u6838\u9a8c/stderr \u6458\u8981\uff09\uff0c\u4e0d\u4ec5\u6587\u672c\u3002
pytest (3.14)	Run tests	2026-10-06T10:43:49.1872103Z         """
pytest (3.14)	Run tests	2026-10-06T10:43:49.1872282Z         detail: list[str] = []
pytest (3.14)	Run tests	2026-10-06T10:43:49.1872509Z         owner = StartupCleanupOwner(
pytest (3.14)	Run tests	2026-10-06T10:43:49.1872741Z             proc=self._proc,
pytest (3.14)	Run tests	2026-10-06T10:43:49.1872952Z             guard=self._guard,
pytest (3.14)	Run tests	2026-10-06T10:43:49.1873168Z             pid=self._sidecar_pid,
pytest (3.14)	Run tests	2026-10-06T10:43:49.1873409Z             identity=self._sidecar_identity,
pytest (3.14)	Run tests	2026-10-06T10:43:49.1873663Z             reader=self._reader_thread,
pytest (3.14)	Run tests	2026-10-06T10:43:49.1873910Z             stderr=self._stderr_thread,
pytest (3.14)	Run tests	2026-10-06T10:43:49.1874155Z             applier=self._applier_thread,
pytest (3.14)	Run tests	2026-10-06T10:43:49.1874408Z             kill_timeout=self._kill_timeout,
pytest (3.14)	Run tests	2026-10-06T10:43:49.1874636Z         )
pytest (3.14)	Run tests	2026-10-06T10:43:49.1874817Z         outcome = _reap_process_resources(
pytest (3.14)	Run tests	2026-10-06T10:43:49.1875055Z             proc=self._proc,
pytest (3.14)	Run tests	2026-10-06T10:43:49.1875254Z             guard=self._guard,
pytest (3.14)	Run tests	2026-10-06T10:43:49.1875460Z             pid=self._sidecar_pid,
pytest (3.14)	Run tests	2026-10-06T10:43:49.1875689Z             identity=self._sidecar_identity,
pytest (3.14)	Run tests	2026-10-06T10:43:49.1875935Z             reader=self._reader_thread,
pytest (3.14)	Run tests	2026-10-06T10:43:49.1876193Z             stderr=self._stderr_thread,
pytest (3.14)	Run tests	2026-10-06T10:43:49.1876428Z             applier=self._applier_thread,
pytest (3.14)	Run tests	2026-10-06T10:43:49.1876671Z             budget=self._shutdown_timeout,
pytest (3.14)	Run tests	2026-10-06T10:43:49.1876911Z             kill_timeout=self._kill_timeout,
pytest (3.14)	Run tests	2026-10-06T10:43:49.1877145Z             detail=detail,
pytest (3.14)	Run tests	2026-10-06T10:43:49.1877335Z         )
pytest (3.14)	Run tests	2026-10-06T10:43:49.1877497Z         residual = {
pytest (3.14)	Run tests	2026-10-06T10:43:49.1877688Z             "reason": reason,
pytest (3.14)	Run tests	2026-10-06T10:43:49.1877997Z             "pid": self._sidecar_pid,
pytest (3.14)	Run tests	2026-10-06T10:43:49.1878229Z             "identity_filetime": (
pytest (3.14)	Run tests	2026-10-06T10:43:49.1878586Z                 str(self._sidecar_identity.created_at_filetime)
pytest (3.14)	Run tests	2026-10-06T10:43:49.1879013Z                 if self._sidecar_identity is not None
pytest (3.14)	Run tests	2026-10-06T10:43:49.1879272Z                 else None
pytest (3.14)	Run tests	2026-10-06T10:43:49.1879561Z             ),
pytest (3.14)	Run tests	2026-10-06T10:43:49.1880019Z             "process_exited": outcome["root_dead"],
pytest (3.14)	Run tests	2026-10-06T10:43:49.1880311Z             "job_verified": outcome["job_verified"],
pytest (3.14)	Run tests	2026-10-06T10:43:49.1880590Z             "guard_closed": outcome["guard_closed"],
pytest (3.14)	Run tests	2026-10-06T10:43:49.1880873Z             "cleanup_closed": outcome["closed"],
pytest (3.14)	Run tests	2026-10-06T10:43:49.1881143Z             "cleanup_seconds": outcome["seconds"],
pytest (3.14)	Run tests	2026-10-06T10:43:49.1881463Z             "cleanup_detail": ", ".join(detail) if detail else "ok",
pytest (3.14)	Run tests	2026-10-06T10:43:49.1881794Z             "cleanup_errors": list(outcome["errors"]),
pytest (3.14)	Run tests	2026-10-06T10:43:49.1882068Z             "stderr_digest": self._stderr_digest(),
pytest (3.14)	Run tests	2026-10-06T10:43:49.1882303Z         }
pytest (3.14)	Run tests	2026-10-06T10:43:49.1882458Z         message = (
pytest (3.14)	Run tests	2026-10-06T10:43:49.1882755Z             f"{reason}\uff1b\u6e05\u7406={'converged' if outcome['closed'] else 'retained'}"
pytest (3.14)	Run tests	2026-10-06T10:43:49.1883171Z             f"\uff08{outcome['seconds']}s, pid={self._sidecar_pid}\uff09"
pytest (3.14)	Run tests	2026-10-06T10:43:49.1883461Z         )
pytest (3.14)	Run tests	2026-10-06T10:43:49.1883747Z >       raise EmulatorStartupError(message, owner=owner, residual=residual) from cause
pytest (3.14)	Run tests	2026-10-06T10:43:49.1884866Z E       packages.core.terminal.emulator.EmulatorStartupError: sidecar \u4e0d\u53ef\u7528\uff1adependency-missing:Cannot find package '@xterm/headless' imported from D:\\a\\pan\\pan\\packages\\core\\terminal\\emulator_sidecar\\sidecar.mjs\uff1b\u6e05\u7406=converged\uff080.006s, pid=7660\uff09
pytest (3.14)	Run tests	2026-10-06T10:43:49.1885865Z 
pytest (3.14)	Run tests	2026-10-06T10:43:49.1886020Z packages\core\terminal\emulator.py:904: EmulatorStartupError
pytest (3.14)	Run tests	2026-10-06T10:43:49.1886418Z ______________ test_feed_batching_accounting_in_flight_and_close ______________
pytest (3.14)	Run tests	2026-10-06T10:43:49.1886683Z 
pytest (3.14)	Run tests	2026-10-06T10:43:49.1886844Z emu_factory = <function emu_factory.<locals>.make at 0x000001ECC3BF9BC0>
pytest (3.14)	Run tests	2026-10-06T10:43:49.1887273Z monkeypatch = <_pytest.monkeypatch.MonkeyPatch object at 0x000001ECC3BE3310>
pytest (3.14)	Run tests	2026-10-06T10:43:49.1887543Z 
pytest (3.14)	Run tests	2026-10-06T10:43:49.1887739Z     def test_feed_batching_accounting_in_flight_and_close(emu_factory, monkeypatch):
pytest (3.14)	Run tests	2026-10-06T10:43:49.1888390Z         """F2\uff1a\u5728\u9014\u5408\u5e76 buffer \u8ba1\u8d26\u5728\u539f FIFO \u9884\u7b97\u5185\uff08\u53d1\u9001\u65f6\u672a\u63d0\u524d\u91ca\u653e\uff09\uff1b
pytest (3.14)	Run tests	2026-10-06T10:43:49.1889146Z         \u961f\u5217\u6ea2\u51fa/close \u5728\u9014\u4fdd\u6301\u539f\u8bed\u4e49\uff08sticky/\u4fdd owner/\u6536\u655b\uff09\u3002"""
pytest (3.14)	Run tests	2026-10-06T10:43:49.1889619Z >       emu = emu_factory(feed_batch_limit=1 << 20)
pytest (3.14)	Run tests	2026-10-06T10:43:49.1889876Z               ^^^^^^^^^^^^^^^^^^^^^^^^^^^^^^^^^^^^^
pytest (3.14)	Run tests	2026-10-06T10:43:49.1890040Z 
pytest (3.14)	Run tests	2026-10-06T10:43:49.1890131Z tests\test_terminal_emulator.py:1469: 
pytest (3.14)	Run tests	2026-10-06T10:43:49.1890410Z _ _ _ _ _ _ _ _ _ _ _ _ _ _ _ _ _ _ _ _ _ _ _ _ _ _ _ _ _ _ _ _ _ _ _ _ _ _ _ _
pytest (3.14)	Run tests	2026-10-06T10:43:49.1890711Z tests\test_terminal_emulator.py:87: in make
pytest (3.14)	Run tests	2026-10-06T10:43:49.1890969Z     emu = HeadlessEmulator(**kwargs)
pytest (3.14)	Run tests	2026-10-06T10:43:49.1891201Z           ^^^^^^^^^^^^^^^^^^^^^^^^^^
pytest (3.14)	Run tests	2026-10-06T10:43:49.1891450Z packages\core\terminal\emulator.py:747: in __init__
pytest (3.14)	Run tests	2026-10-06T10:43:49.1891719Z     self._spawn_and_handshake()
pytest (3.14)	Run tests	2026-10-06T10:43:49.1892009Z packages\core\terminal\emulator.py:838: in _spawn_and_handshake
pytest (3.14)	Run tests	2026-10-06T10:43:49.1892415Z     self._fail_startup(f"sidecar \u4e0d\u53ef\u7528\uff1a{self._startup_failure}")
pytest (3.14)	Run tests	2026-10-06T10:43:49.1892805Z _ _ _ _ _ _ _ _ _ _ _ _ _ _ _ _ _ _ _ _ _ _ _ _ _ _ _ _ _ _ _ _ _ _ _ _ _ _ _ _
pytest (3.14)	Run tests	2026-10-06T10:43:49.1893013Z 
pytest (3.14)	Run tests	2026-10-06T10:43:49.1893228Z self = <packages.core.terminal.emulator.HeadlessEmulator object at 0x000001ECC1588440>
pytest (3.14)	Run tests	2026-10-06T10:43:49.1894046Z reason = "sidecar \u4e0d\u53ef\u7528\uff1adependency-missing:Cannot find package '@xterm/headless' imported from D:\\\\a\\\\pan\\\\pan\\\\packages\\\\core\\\\terminal\\\\emulator_sidecar\\\\sidecar.mjs"
pytest (3.14)	Run tests	2026-10-06T10:43:49.1894802Z cause = None
pytest (3.14)	Run tests	2026-10-06T10:43:49.1894902Z 
pytest (3.14)	Run tests	2026-10-06T10:43:49.1895125Z     def _fail_startup(self, reason: str, *, cause: BaseException | None = None) -> NoReturn:
pytest (3.14)	Run tests	2026-10-06T10:43:49.1895799Z         """\u6784\u9020\u5931\u8d25\u7edf\u4e00\u51fa\u53e3\uff1a\u6709\u754c\u6574 Job \u6e05\u7406 + \u643a\u5e26 owner/\u6b8b\u7559\u4fe1\u606f\u7684\u5f02\u5e38\u3002
pytest (3.14)	Run tests	2026-10-06T10:43:49.1896323Z     
pytest (3.14)	Run tests	2026-10-06T10:43:49.1896758Z         \u6e05\u7406\u987a\u5e8f\u4e0e ``close`` \u4e00\u81f4\uff08\u5148\u6e05\u6811 \u2192 join \u7ebf\u7a0b \u2192 \u5173\u6d41 \u2192 guard.close\uff09\uff0c
pytest (3.14)	Run tests	2026-10-06T10:43:49.1897531Z         \u603b\u9884\u7b97\u4e3a ``shutdown_timeout``\uff1b\u5f02\u5e38\u643a\u5e26\u53ef\u91cd\u8bd5 ``owner``\uff08``retry_cleanup``\uff09
pytest (3.14)	Run tests	2026-10-06T10:43:49.1898257Z         \u4e0e ``residual``\uff08pid/\u8eab\u4efd/\u6e05\u7406\u6838\u9a8c/stderr \u6458\u8981\uff09\uff0c\u4e0d\u4ec5\u6587\u672c\u3002
pytest (3.14)	Run tests	2026-10-06T10:43:49.1898714Z         """
pytest (3.14)	Run tests	2026-10-06T10:43:49.1898890Z         detail: list[str] = []
pytest (3.14)	Run tests	2026-10-06T10:43:49.1899113Z         owner = StartupCleanupOwner(
pytest (3.14)	Run tests	2026-10-06T10:43:49.1899411Z             proc=self._proc,
pytest (3.14)	Run tests	2026-10-06T10:43:49.1899885Z             guard=self._guard,
pytest (3.14)	Run tests	2026-10-06T10:43:49.1900205Z             pid=self._sidecar_pid,
pytest (3.14)	Run tests	2026-10-06T10:43:49.1900522Z             identity=self._sidecar_identity,
pytest (3.14)	Run tests	2026-10-06T10:43:49.1900820Z             reader=self._reader_thread,
pytest (3.14)	Run tests	2026-10-06T10:43:49.1901057Z             stderr=self._stderr_thread,
pytest (3.14)	Run tests	2026-10-06T10:43:49.1901412Z             applier=self._applier_thread,
pytest (3.14)	Run tests	2026-10-06T10:43:49.1901658Z             kill_timeout=self._kill_timeout,
pytest (3.14)	Run tests	2026-10-06T10:43:49.1901883Z         )
pytest (3.14)	Run tests	2026-10-06T10:43:49.1902062Z         outcome = _reap_process_resources(
pytest (3.14)	Run tests	2026-10-06T10:43:49.1902305Z             proc=self._proc,
pytest (3.14)	Run tests	2026-10-06T10:43:49.1902527Z             guard=self._guard,
pytest (3.14)	Run tests	2026-10-06T10:43:49.1902734Z             pid=self._sidecar_pid,
pytest (3.14)	Run tests	2026-10-06T10:43:49.1903042Z             identity=self._sidecar_identity,
pytest (3.14)	Run tests	2026-10-06T10:43:49.1903411Z             reader=self._reader_thread,
pytest (3.14)	Run tests	2026-10-06T10:43:49.1903769Z             stderr=self._stderr_thread,
pytest (3.14)	Run tests	2026-10-06T10:43:49.1904132Z             applier=self._applier_thread,
pytest (3.14)	Run tests	2026-10-06T10:43:49.1904481Z             budget=self._shutdown_timeout,
pytest (3.14)	Run tests	2026-10-06T10:43:49.1904814Z             kill_timeout=self._kill_timeout,
pytest (3.14)	Run tests	2026-10-06T10:43:49.1905159Z             detail=detail,
pytest (3.14)	Run tests	2026-10-06T10:43:49.1905432Z         )
pytest (3.14)	Run tests	2026-10-06T10:43:49.1905650Z         residual = {
pytest (3.14)	Run tests	2026-10-06T10:43:49.1905909Z             "reason": reason,
pytest (3.14)	Run tests	2026-10-06T10:43:49.1906229Z             "pid": self._sidecar_pid,
pytest (3.14)	Run tests	2026-10-06T10:43:49.1906569Z             "identity_filetime": (
pytest (3.14)	Run tests	2026-10-06T10:43:49.1907029Z                 str(self._sidecar_identity.created_at_filetime)
pytest (3.14)	Run tests	2026-10-06T10:43:49.1907506Z                 if self._sidecar_identity is not None
pytest (3.14)	Run tests	2026-10-06T10:43:49.1907890Z                 else None
pytest (3.14)	Run tests	2026-10-06T10:43:49.1908161Z             ),
pytest (3.14)	Run tests	2026-10-06T10:43:49.1908305Z             "process_exited": outcome["root_dead"],
pytest (3.14)	Run tests	2026-10-06T10:43:49.1908466Z             "job_verified": outcome["job_verified"],
pytest (3.14)	Run tests	2026-10-06T10:43:49.1908612Z             "guard_closed": outcome["guard_closed"],
pytest (3.14)	Run tests	2026-10-06T10:43:49.1908759Z             "cleanup_closed": outcome["closed"],
pytest (3.14)	Run tests	2026-10-06T10:43:49.1908908Z             "cleanup_seconds": outcome["seconds"],
pytest (3.14)	Run tests	2026-10-06T10:43:49.1909111Z             "cleanup_detail": ", ".join(detail) if detail else "ok",
pytest (3.14)	Run tests	2026-10-06T10:43:49.1909278Z             "cleanup_errors": list(outcome["errors"]),
pytest (3.14)	Run tests	2026-10-06T10:43:49.1909432Z             "stderr_digest": self._stderr_digest(),
pytest (3.14)	Run tests	2026-10-06T10:43:49.1909532Z         }
pytest (3.14)	Run tests	2026-10-06T10:43:49.1909631Z         message = (
pytest (3.14)	Run tests	2026-10-06T10:43:49.1909944Z             f"{reason}\uff1b\u6e05\u7406={'converged' if outcome['closed'] else 'retained'}"
pytest (3.14)	Run tests	2026-10-06T10:43:49.1910291Z             f"\uff08{outcome['seconds']}s, pid={self._sidecar_pid}\uff09"
pytest (3.14)	Run tests	2026-10-06T10:43:49.1910383Z         )
pytest (3.14)	Run tests	2026-10-06T10:43:49.1910685Z >       raise EmulatorStartupError(message, owner=owner, residual=residual) from cause
pytest (3.14)	Run tests	2026-10-06T10:43:49.1911929Z E       packages.core.terminal.emulator.EmulatorStartupError: sidecar \u4e0d\u53ef\u7528\uff1adependency-missing:Cannot find package '@xterm/headless' imported from D:\\a\\pan\\pan\\packages\\core\\terminal\\emulator_sidecar\\sidecar.mjs\uff1b\u6e05\u7406=converged\uff080.006s, pid=2656\uff09
pytest (3.14)	Run tests	2026-10-06T10:43:49.1911955Z 
pytest (3.14)	Run tests	2026-10-06T10:43:49.1912161Z packages\core\terminal\emulator.py:904: EmulatorStartupError
pytest (3.14)	Run tests	2026-10-06T10:43:49.1912406Z _______________________ test_probe_unknown_is_not_dead ________________________
pytest (3.14)	Run tests	2026-10-06T10:43:49.1912417Z 
pytest (3.14)	Run tests	2026-10-06T10:43:49.1912512Z     def test_probe_unknown_is_not_dead():
pytest (3.14)	Run tests	2026-10-06T10:43:49.1913003Z         """\u67e5\u4e0d\u5230/\u6253\u4e0d\u5f00/\u4ee5\u53ca\u201c\u73b0\u67e5\u964c\u751f PID \u7684 signaled\u201d\u4e00\u5f8b UNKNOWN\uff0c\u7edd\u4e0d\u5f53 dead\uff08r3 \xa713.4\uff09\u3002"""
pytest (3.14)	Run tests	2026-10-06T10:43:49.1913215Z         # PID 4\uff08System\uff09\u4e0d\u53ef\u6253\u5f00\uff1aopen \u5931\u8d25 -> UNKNOWN
pytest (3.14)	Run tests	2026-10-06T10:43:49.1913306Z         probe = identity.probe_process(4)
pytest (3.14)	Run tests	2026-10-06T10:43:49.1913430Z >       assert probe.status is ProcessStatus.UNKNOWN
pytest (3.14)	Run tests	2026-10-06T10:43:49.1913676Z E       AssertionError: assert <ProcessStatus.ALIVE: 'alive'> is <ProcessStatus.UNKNOWN: 'unknown'>
pytest (3.14)	Run tests	2026-10-06T10:43:49.1914280Z E        +  where <ProcessStatus.ALIVE: 'alive'> = ProcessProbe(status=<ProcessStatus.ALIVE: 'alive'>, identity=ProcessIdentity(pid=4, created_at_filetime=134357561198231296, created_at=None, image=None), detail='').status
pytest (3.14)	Run tests	2026-10-06T10:43:49.1914569Z E        +  and   <ProcessStatus.UNKNOWN: 'unknown'> = ProcessStatus.UNKNOWN
pytest (3.14)	Run tests	2026-10-06T10:43:49.1914575Z 
pytest (3.14)	Run tests	2026-10-06T10:43:49.1914692Z tests\test_terminal_identity.py:123: AssertionError
pytest (3.14)	Run tests	2026-10-06T10:43:49.1914881Z _______ test_f9_concurrent_writes_and_identity_updates_preserve_fields ________
pytest (3.14)	Run tests	2026-10-06T10:43:49.1914887Z 
pytest (3.14)	Run tests	2026-10-06T10:43:49.1915094Z store = <packages.core.terminal.secret_store.SecretStore object at 0x000001ECC3A365D0>
pytest (3.14)	Run tests	2026-10-06T10:43:49.1915099Z 
pytest (3.14)	Run tests	2026-10-06T10:43:49.1915182Z     @windows_only
pytest (3.14)	Run tests	2026-10-06T10:43:49.1915369Z     def test_f9_concurrent_writes_and_identity_updates_preserve_fields(store):
pytest (3.14)	Run tests	2026-10-06T10:43:49.1915836Z         """\u771f\u5b9e\u5e76\u53d1\uff1a\u5199\u5165/\u8eab\u4efd\u66f4\u65b0\u5168\u90e8\u6b63\u786e\u63d0\u4ea4\uff0ctoken/created_at/pipe \u4e0d\u4e22\u3001\u7ed3\u679c\u53ef\u89e3\u6790\u3002"""
pytest (3.14)	Run tests	2026-10-06T10:43:49.1915938Z         terminal_id = "term_f9_concurrent"
pytest (3.14)	Run tests	2026-10-06T10:43:49.1916048Z         identity = win_pipe.current_process_identity()
pytest (3.14)	Run tests	2026-10-06T10:43:49.1916142Z         token = _sentinel_token()
pytest (3.14)	Run tests	2026-10-06T10:43:49.1916328Z         store.write_secret(_payload(terminal_id, token, identity, created_at=4242.0))
pytest (3.14)	Run tests	2026-10-06T10:43:49.1916418Z         errors: list = []
pytest (3.14)	Run tests	2026-10-06T10:43:49.1916637Z         filetimes: list[int] = [identity.created_at_filetime + step for step in range(1, 7)]
pytest (3.14)	Run tests	2026-10-06T10:43:49.1916726Z         barrier = threading.Barrier(8)
pytest (3.14)	Run tests	2026-10-06T10:43:49.1916796Z     
pytest (3.14)	Run tests	2026-10-06T10:43:49.1916884Z         def updater(filetime: int) -> None:
pytest (3.14)	Run tests	2026-10-06T10:43:49.1916955Z             try:
pytest (3.14)	Run tests	2026-10-06T10:43:49.1917036Z                 barrier.wait(timeout=10)
pytest (3.14)	Run tests	2026-10-06T10:43:49.1917263Z                 store.update_runner_identity(terminal_id, pid=int(identity.pid), filetime=filetime)
pytest (3.14)	Run tests	2026-10-06T10:43:49.1917371Z             except Exception as exc:  # noqa: BLE001
pytest (3.14)	Run tests	2026-10-06T10:43:49.1917456Z                 errors.append(exc)
pytest (3.14)	Run tests	2026-10-06T10:43:49.1917526Z     
pytest (3.14)	Run tests	2026-10-06T10:43:49.1917603Z         def reader() -> None:
pytest (3.14)	Run tests	2026-10-06T10:43:49.1917675Z             try:
pytest (3.14)	Run tests	2026-10-06T10:43:49.1917755Z                 barrier.wait(timeout=10)
pytest (3.14)	Run tests	2026-10-06T10:43:49.1917838Z                 for _ in range(20):
pytest (3.14)	Run tests	2026-10-06T10:43:49.1918042Z                     payload = store.read_secret(terminal_id)
pytest (3.14)	Run tests	2026-10-06T10:43:49.1918375Z                     assert payload.token == token, "\u5e76\u53d1\u8bfb\u4e0d\u5f97\u770b\u5230\u4e22\u5b57\u6bb5/\u7a7a token \u7684\u4e2d\u95f4\u6001"
pytest (3.14)	Run tests	2026-10-06T10:43:49.1918492Z                     assert payload.created_at == 4242.0
pytest (3.14)	Run tests	2026-10-06T10:43:49.1918658Z                     assert payload.pipe_name == win_pipe.pipe_name_for(terminal_id)
pytest (3.14)	Run tests	2026-10-06T10:43:49.1918769Z             except Exception as exc:  # noqa: BLE001
pytest (3.14)	Run tests	2026-10-06T10:43:49.1918857Z                 errors.append(exc)
pytest (3.14)	Run tests	2026-10-06T10:43:49.1918917Z     
pytest (3.14)	Run tests	2026-10-06T10:43:49.1919147Z         threads = [threading.Thread(target=updater, args=(filetime,)) for filetime in filetimes]
pytest (3.14)	Run tests	2026-10-06T10:43:49.1919295Z         threads += [threading.Thread(target=reader) for _ in range(2)]
pytest (3.14)	Run tests	2026-10-06T10:43:49.1919382Z         for thread in threads:
pytest (3.14)	Run tests	2026-10-06T10:43:49.1919458Z             thread.start()
pytest (3.14)	Run tests	2026-10-06T10:43:49.1919544Z         for thread in threads:
pytest (3.14)	Run tests	2026-10-06T10:43:49.1919676Z             thread.join(30)
pytest (3.14)	Run tests	2026-10-06T10:43:49.1920038Z             assert not thread.is_alive()
pytest (3.14)	Run tests	2026-10-06T10:43:49.1920318Z >       assert errors == [], f"\u5e76\u53d1\u5199/\u8bfb\u4e0d\u5f97\u5931\u8d25\u6216\u4e22\u5b57\u6bb5: {errors!r}"
pytest (3.14)	Run tests	2026-10-06T10:43:49.1920737Z E       AssertionError: \u5e76\u53d1\u5199/\u8bfb\u4e0d\u5f97\u5931\u8d25\u6216\u4e22\u5b57\u6bb5: [SecretStoreError('cannot read secret file: term_f9_concurrent.secret')]
pytest (3.14)	Run tests	2026-10-06T10:43:49.1920861Z E       assert [SecretStoreE...rent.secret')] == []
pytest (3.14)	Run tests	2026-10-06T10:43:49.1920924Z E         
pytest (3.14)	Run tests	2026-10-06T10:43:49.1921192Z E         Left contains one more item: SecretStoreError('cannot read secret file: term_f9_concurrent.secret')
pytest (3.14)	Run tests	2026-10-06T10:43:49.1921350Z E         
pytest (3.14)	Run tests	2026-10-06T10:43:49.1921421Z E         Full diff:
pytest (3.14)	Run tests	2026-10-06T10:43:49.1921498Z E         - []
pytest (3.14)	Run tests	2026-10-06T10:43:49.1921561Z E         + [
pytest (3.14)	Run tests	2026-10-06T10:43:49.1921757Z E         +     SecretStoreError('cannot read secret file: term_f9_concurrent.secret'),
pytest (3.14)	Run tests	2026-10-06T10:43:49.1921826Z E         + ]
pytest (3.14)	Run tests	2026-10-06T10:43:49.1921831Z 
pytest (3.14)	Run tests	2026-10-06T10:43:49.1921971Z tests\test_terminal_secret_store.py:1043: AssertionError
pytest (3.14)	Run tests	2026-10-06T10:43:49.1922143Z ____________________ test_real_stdio_mcp_conpty_roundtrip _____________________
pytest (3.14)	Run tests	2026-10-06T10:43:49.1922258Z   + Exception Group Traceback (most recent call last):
pytest (3.14)	Run tests	2026-10-06T10:43:49.1922523Z   |   File "D:\a\pan\pan\tests\test_terminal_tools_api.py", line 240, in test_real_stdio_mcp_conpty_roundtrip
pytest (3.14)	Run tests	2026-10-06T10:43:49.1922603Z   |     asyncio.run(run())
pytest (3.14)	Run tests	2026-10-06T10:43:49.1922686Z   |     ~~~~~~~~~~~^^^^^^^
pytest (3.14)	Run tests	2026-10-06T10:43:49.1922922Z   |   File "C:\hostedtoolcache\windows\Python\3.14.7\x64\Lib\asyncio\runners.py", line 205, in run
pytest (3.14)	Run tests	2026-10-06T10:43:49.1923011Z   |     return runner.run(main)
pytest (3.14)	Run tests	2026-10-06T10:43:49.1923090Z   |            ~~~~~~~~~~^^^^^^
pytest (3.14)	Run tests	2026-10-06T10:43:49.1923307Z   |   File "C:\hostedtoolcache\windows\Python\3.14.7\x64\Lib\asyncio\runners.py", line 128, in run
pytest (3.14)	Run tests	2026-10-06T10:43:49.1923423Z   |     return self._loop.run_until_complete(task)
pytest (3.14)	Run tests	2026-10-06T10:43:49.1923501Z   |            ~~~~~~~~~~~~~~~~~~~~~~~~~~~~~^^^^^^
pytest (3.14)	Run tests	2026-10-06T10:43:49.1923786Z   |   File "C:\hostedtoolcache\windows\Python\3.14.7\x64\Lib\asyncio\base_events.py", line 720, in run_until_complete
pytest (3.14)	Run tests	2026-10-06T10:43:49.1923878Z   |     return future.result()
pytest (3.14)	Run tests	2026-10-06T10:43:49.1923947Z   |            ~~~~~~~~~~~~~^^
pytest (3.14)	Run tests	2026-10-06T10:43:49.1924111Z   |   File "D:\a\pan\pan\tests\test_terminal_tools_api.py", line 198, in run
pytest (3.14)	Run tests	2026-10-06T10:43:49.1924237Z   |     async with stdio_client(params) as (reader, writer):
pytest (3.14)	Run tests	2026-10-06T10:43:49.1924325Z   |                ~~~~~~~~~~~~^^^^^^^^
pytest (3.14)	Run tests	2026-10-06T10:43:49.1924545Z   |   File "C:\hostedtoolcache\windows\Python\3.14.7\x64\Lib\contextlib.py", line 235, in __aexit__
pytest (3.14)	Run tests	2026-10-06T10:43:49.1924641Z   |     await self.gen.athrow(value)
pytest (3.14)	Run tests	2026-10-06T10:43:49.1924962Z   |   File "C:\hostedtoolcache\windows\Python\3.14.7\x64\Lib\site-packages\mcp\client\stdio\__init__.py", line 183, in stdio_client
pytest (3.14)	Run tests	2026-10-06T10:43:49.1925124Z   |     anyio.create_task_group() as tg,
pytest (3.14)	Run tests	2026-10-06T10:43:49.1925205Z   |     ~~~~~~~~~~~~~~~~~~~~~~~^^
pytest (3.14)	Run tests	2026-10-06T10:43:49.1925509Z   |   File "C:\hostedtoolcache\windows\Python\3.14.7\x64\Lib\site-packages\anyio\_backends\_asyncio.py", line 847, in __aexit__
pytest (3.14)	Run tests	2026-10-06T10:43:49.1925605Z   |     raise BaseExceptionGroup(
pytest (3.14)	Run tests	2026-10-06T10:43:49.1925739Z   |         "unhandled errors in a TaskGroup", self._exceptions
pytest (3.14)	Run tests	2026-10-06T10:43:49.1925807Z   |     ) from None
pytest (3.14)	Run tests	2026-10-06T10:43:49.1925975Z   | ExceptionGroup: unhandled errors in a TaskGroup (1 sub-exception)
pytest (3.14)	Run tests	2026-10-06T10:43:49.1926063Z   +-+---------------- 1 ----------------
pytest (3.14)	Run tests	2026-10-06T10:43:49.1926214Z     | Exception Group Traceback (most recent call last):
pytest (3.14)	Run tests	2026-10-06T10:43:49.1926527Z     |   File "C:\hostedtoolcache\windows\Python\3.14.7\x64\Lib\site-packages\mcp\client\stdio\__init__.py", line 189, in stdio_client
pytest (3.14)	Run tests	2026-10-06T10:43:49.1926629Z     |     yield read_stream, write_stream
pytest (3.14)	Run tests	2026-10-06T10:43:49.1926801Z     |   File "D:\a\pan\pan\tests\test_terminal_tools_api.py", line 199, in run
pytest (3.14)	Run tests	2026-10-06T10:43:49.1926928Z     |     async with ClientSession(reader, writer) as client:
pytest (3.14)	Run tests	2026-10-06T10:43:49.1927018Z     |                ~~~~~~~~~~~~~^^^^^^^^^^^^^^^^
pytest (3.14)	Run tests	2026-10-06T10:43:49.1927301Z     |   File "C:\hostedtoolcache\windows\Python\3.14.7\x64\Lib\site-packages\mcp\shared\session.py", line 238, in __aexit__
pytest (3.14)	Run tests	2026-10-06T10:43:49.1927470Z     |     return await self._task_group.__aexit__(exc_type, exc_val, exc_tb)
pytest (3.14)	Run tests	2026-10-06T10:43:49.1927578Z     |            ^^^^^^^^^^^^^^^^^^^^^^^^^^^^^^^^^^^^^^^^^^^^^^^^^^^^^^^^^^^
pytest (3.14)	Run tests	2026-10-06T10:43:49.1927955Z     |   File "C:\hostedtoolcache\windows\Python\3.14.7\x64\Lib\site-packages\anyio\_backends\_asyncio.py", line 847, in __aexit__
pytest (3.14)	Run tests	2026-10-06T10:43:49.1928055Z     |     raise BaseExceptionGroup(
pytest (3.14)	Run tests	2026-10-06T10:43:49.1928180Z     |         "unhandled errors in a TaskGroup", self._exceptions
pytest (3.14)	Run tests	2026-10-06T10:43:49.1928263Z     |     ) from None
pytest (3.14)	Run tests	2026-10-06T10:43:49.1928426Z     | ExceptionGroup: unhandled errors in a TaskGroup (1 sub-exception)
pytest (3.14)	Run tests	2026-10-06T10:43:49.1928520Z     +-+---------------- 1 ----------------
pytest (3.14)	Run tests	2026-10-06T10:43:49.1928616Z       | Traceback (most recent call last):
pytest (3.14)	Run tests	2026-10-06T10:43:49.1928774Z       |   File "D:\a\pan\pan\tests\test_terminal_tools_api.py", line 206, in run
pytest (3.14)	Run tests	2026-10-06T10:43:49.1928866Z       |     assert created["ok"], created
pytest (3.14)	Run tests	2026-10-06T10:43:49.1929037Z       | AssertionError: {'ok': False, 'error': {'code': 'terminal-tool-failed'}}
pytest (3.14)	Run tests	2026-10-06T10:43:49.1929117Z       | assert False
pytest (3.14)	Run tests	2026-10-06T10:43:49.1929198Z       +------------------------------------
pytest (3.14)	Run tests	2026-10-06T10:43:49.1929365Z ---------------------------- Captured stderr call -----------------------------
pytest (3.14)	Run tests	2026-10-06T10:43:49.1930521Z C:\hostedtoolcache\windows\Python\3.14.7\x64\Lib\site-packages\pydantic_settings\sources\utils.py:47: IncompleteFieldDefinitionWarning: Field 'lifespan' has an incomplete definition: its annotation contains an unresolved forward reference, so settings sources may fail to correctly resolve its value. Call `model_rebuild()` on the model where the field is defined, once all the referenced types are defined.
pytest (3.14)	Run tests	2026-10-06T10:43:49.1930533Z 
pytest (3.14)	Run tests	2026-10-06T10:43:49.1930609Z   warnings.warn(
pytest (3.14)	Run tests	2026-10-06T10:43:49.1930614Z 
pytest (3.14)	Run tests	2026-10-06T10:43:49.1930718Z Processing request of type CallToolRequest
pytest (3.14)	Run tests	2026-10-06T10:43:49.1930723Z 
pytest (3.14)	Run tests	2026-10-06T10:43:49.1930831Z Processing request of type ListToolsRequest
pytest (3.14)	Run tests	2026-10-06T10:43:49.1930835Z 
pytest (3.14)	Run tests	2026-10-06T10:43:49.1930986Z ___________________ test_ctrl_c_input_channel_and_survival ____________________
pytest (3.14)	Run tests	2026-10-06T10:43:49.1930994Z 
pytest (3.14)	Run tests	2026-10-06T10:43:49.1931352Z tmp_path = WindowsPath('C:/Users/runneradmin/AppData/Local/Temp/pytest-of-runneradmin/pytest-0/test_ctrl_c_input_channel_and_0')
pytest (3.14)	Run tests	2026-10-06T10:43:49.1931357Z 
pytest (3.14)	Run tests	2026-10-06T10:43:49.1931487Z     def test_ctrl_c_input_channel_and_survival(tmp_path):
pytest (3.14)	Run tests	2026-10-06T10:43:49.1931661Z         """Ctrl-C \u57fa\u672c\uff08\u672c\u673a\u5b9e\u6d4b\u8fb9\u754c\uff09\uff1a
pytest (3.14)	Run tests	2026-10-06T10:43:49.1931802Z     
pytest (3.14)	Run tests	2026-10-06T10:43:49.1932091Z         - ``\\\\x03`` \u6ce8\u5165\u5230\u8f93\u5165\u901a\u9053\uff1a\u963b\u585e\u5728 ReadConsole \u7684\u8bfb\u53d6\u88ab\u91ca\u653e
pytest (3.14)	Run tests	2026-10-06T10:43:49.1932257Z           \uff08\u5b50\u8fdb\u7a0b\u89c2\u5bdf\u5230 INPUT-RELEASED\uff09\uff1b
pytest (3.14)	Run tests	2026-10-06T10:43:49.1932431Z         - \u901a\u9053\u968f\u540e\u4ecd\u53ef\u7528\uff08PING \u5f80\u8fd4\uff09\uff1b
pytest (3.14)	Run tests	2026-10-06T10:43:49.1932770Z         - **\u672a\u8bc1\u5b9e** OS \u7ea7 CTRL_C_EVENT\uff08\u672c\u673a build 26200\uff1a\u5bf9\u672a\u963b\u585e\u8bfb\u8f93\u5165\u7684\u8fdb\u7a0b
pytest (3.14)	Run tests	2026-10-06T10:43:49.1933199Z           \u65e0\u6548\uff1bwin32-input-mode \u5e8f\u5217\u540c\u6837\u65e0\u6548\uff09\u2014\u2014\u4e0d\u5f97\u636e\u6b64\u5ba3\u79f0\u5df2\u5b9e\u73b0 Ctrl-C \u8bed\u4e49\u3002
pytest (3.14)	Run tests	2026-10-06T10:43:49.1933262Z         """
pytest (3.14)	Run tests	2026-10-06T10:43:49.1933348Z         child = write_script(
pytest (3.14)	Run tests	2026-10-06T10:43:49.1933418Z             tmp_path,
pytest (3.14)	Run tests	2026-10-06T10:43:49.1933506Z             "ctrl_c_child.py",
pytest (3.14)	Run tests	2026-10-06T10:43:49.1933591Z             "import sys\n"
pytest (3.14)	Run tests	2026-10-06T10:43:49.1933675Z             "print('READY', flush=True)\n"
pytest (3.14)	Run tests	2026-10-06T10:43:49.1933757Z             "while True:\n"
pytest (3.14)	Run tests	2026-10-06T10:43:49.1933851Z             "    line = sys.stdin.readline()\n"
pytest (3.14)	Run tests	2026-10-06T10:43:49.1933937Z             "    if line == '':\n"
pytest (3.14)	Run tests	2026-10-06T10:43:49.1934045Z             "        print('INPUT-RELEASED', flush=True)\n"
pytest (3.14)	Run tests	2026-10-06T10:43:49.1934128Z             "        continue\n"
pytest (3.14)	Run tests	2026-10-06T10:43:49.1934214Z             "    if line.strip() == 'quit':\n"
pytest (3.14)	Run tests	2026-10-06T10:43:49.1934313Z             "        print('QUIT', flush=True)\n"
pytest (3.14)	Run tests	2026-10-06T10:43:49.1934468Z             "        break\n"
pytest (3.14)	Run tests	2026-10-06T10:43:49.1934585Z             "    print('LINE ' + line.strip(), flush=True)\n",
pytest (3.14)	Run tests	2026-10-06T10:43:49.1934654Z         )
pytest (3.14)	Run tests	2026-10-06T10:43:49.1934840Z         b = ConPtyBackend.spawn([PYTHON, child], cwd=str(tmp_path), rows=30, cols=100)
pytest (3.14)	Run tests	2026-10-06T10:43:49.1934916Z         try:
pytest (3.14)	Run tests	2026-10-06T10:43:49.1935009Z             buf, why = read_until(b, b"READY")
pytest (3.14)	Run tests	2026-10-06T10:43:49.1935099Z             assert why == "found"
pytest (3.14)	Run tests	2026-10-06T10:43:49.1935188Z             b.write(b"\x03")
pytest (3.14)	Run tests	2026-10-06T10:43:49.1935302Z             buf2, why2 = read_until(b, b"INPUT-RELEASED")
pytest (3.14)	Run tests	2026-10-06T10:43:49.1935408Z >           assert why2 == "found", buf2[-200:]
pytest (3.14)	Run tests	2026-10-06T10:43:49.1935899Z E           AssertionError: b'ppData\\Local\\Temp\\pytest-of-runneradmin\\pytest-0\\test_ctrl_c_input_channel_and_0\\ctrl_c_child.py"\x1b[m, line \x1b[35m4\x1b[m, in \x1b[35m<module>\x1b[m\r
pytest (3.14)	Run tests	2026-10-06T10:43:49.1936032Z E                 line = sys.stdin.readline()\x1b[35m\x1b[1m\r
pytest (3.14)	Run tests	2026-10-06T10:43:49.1936128Z E             KeyboardInterrupt\r
pytest (3.14)	Run tests	2026-10-06T10:43:49.1936194Z E             '
pytest (3.14)	Run tests	2026-10-06T10:43:49.1936292Z E           assert 'timeout' == 'found'
pytest (3.14)	Run tests	2026-10-06T10:43:49.1936353Z E             
pytest (3.14)	Run tests	2026-10-06T10:43:49.1936431Z E             - found
pytest (3.14)	Run tests	2026-10-06T10:43:49.1936497Z E             + timeout
pytest (3.14)	Run tests	2026-10-06T10:43:49.1936505Z 
pytest (3.14)	Run tests	2026-10-06T10:43:49.1936655Z tests\test_terminal_windows_backend.py:262: AssertionError
pytest (3.14)	Run tests	2026-10-06T10:43:49.1936792Z ============================== warnings summary ===============================
pytest (3.14)	Run tests	2026-10-06T10:43:49.1937040Z C:\hostedtoolcache\windows\Python\3.14.7\x64\Lib\site-packages\pydantic_settings\sources\utils.py:47
pytest (3.14)	Run tests	2026-10-06T10:43:49.1938173Z   C:\hostedtoolcache\windows\Python\3.14.7\x64\Lib\site-packages\pydantic_settings\sources\utils.py:47: IncompleteFieldDefinitionWarning: Field 'lifespan' has an incomplete definition: its annotation contains an unresolved forward reference, so settings sources may fail to correctly resolve its value. Call `model_rebuild()` on the model where the field is defined, once all the referenced types are defined.
pytest (3.14)	Run tests	2026-10-06T10:43:49.1938254Z     warnings.warn(
pytest (3.14)	Run tests	2026-10-06T10:43:49.1938268Z 
pytest (3.14)	Run tests	2026-10-06T10:43:49.1938470Z C:\hostedtoolcache\windows\Python\3.14.7\x64\Lib\site-packages\fastapi\testclient.py:1
pytest (3.14)	Run tests	2026-10-06T10:43:49.1939011Z   C:\hostedtoolcache\windows\Python\3.14.7\x64\Lib\site-packages\fastapi\testclient.py:1: StarletteDeprecationWarning: Using `httpx` with `starlette.testclient` is deprecated; install `httpx2` instead.
pytest (3.14)	Run tests	2026-10-06T10:43:49.1939247Z     from starlette.testclient import TestClient as TestClient  # noqa
pytest (3.14)	Run tests	2026-10-06T10:43:49.1939253Z 
pytest (3.14)	Run tests	2026-10-06T10:43:49.1939457Z -- Docs: https://docs.pytest.org/en/stable/how-to/capture-warnings.html
pytest (3.14)	Run tests	2026-10-06T10:43:49.1939584Z =========================== short test summary info ===========================
pytest (3.14)	Run tests	2026-10-06T10:43:49.1941077Z FAILED tests/test_terminal_composition.py::test_composition_r2_engine_close_budget_owner_retryable - packages.core.terminal.emulator.EmulatorStartupError: sidecar \u4e0d\u53ef\u7528\uff1adependency-missing:Cannot find package '@xterm/headless' imported from D:\\a\\pan\\pan\\packages\\core\\terminal\\emulator_sidecar\\sidecar.mjs\uff1b\u6e05\u7406=converged\uff080.006s, pid=3500\uff09
pytest (3.14)	Run tests	2026-10-06T10:43:49.1942134Z FAILED tests/test_terminal_emulator.py::test_construct_ready_identity_and_close - packages.core.terminal.emulator.EmulatorStartupError: sidecar \u4e0d\u53ef\u7528\uff1adependency-missing:Cannot find package '@xterm/headless' imported from D:\\a\\pan\\pan\\packages\\core\\terminal\\emulator_sidecar\\sidecar.mjs\uff1b\u6e05\u7406=converged\uff080.006s, pid=5156\uff09
pytest (3.14)	Run tests	2026-10-06T10:43:49.1943196Z FAILED tests/test_terminal_emulator.py::test_start_cursor_beyond_53_bits_travels_as_string - packages.core.terminal.emulator.EmulatorStartupError: sidecar \u4e0d\u53ef\u7528\uff1adependency-missing:Cannot find package '@xterm/headless' imported from D:\\a\\pan\\pan\\packages\\core\\terminal\\emulator_sidecar\\sidecar.mjs\uff1b\u6e05\u7406=converged\uff080.006s, pid=9264\uff09
pytest (3.14)	Run tests	2026-10-06T10:43:49.1944314Z FAILED tests/test_terminal_emulator.py::test_main_screen_matrix_and_recovery - packages.core.terminal.emulator.EmulatorStartupError: sidecar \u4e0d\u53ef\u7528\uff1adependency-missing:Cannot find package '@xterm/headless' imported from D:\\a\\pan\\pan\\packages\\core\\terminal\\emulator_sidecar\\sidecar.mjs\uff1b\u6e05\u7406=converged\uff080.006s, pid=2428\uff09
pytest (3.14)	Run tests	2026-10-06T10:43:49.1945376Z FAILED tests/test_terminal_emulator.py::test_alternate_screen_matrix_and_recovery - packages.core.terminal.emulator.EmulatorStartupError: sidecar \u4e0d\u53ef\u7528\uff1adependency-missing:Cannot find package '@xterm/headless' imported from D:\\a\\pan\\pan\\packages\\core\\terminal\\emulator_sidecar\\sidecar.mjs\uff1b\u6e05\u7406=converged\uff080.006s, pid=5624\uff09
pytest (3.14)	Run tests	2026-10-06T10:43:49.1946401Z FAILED tests/test_terminal_emulator.py::test_split_utf8_1_4_rest_matches_continuous - packages.core.terminal.emulator.EmulatorStartupError: sidecar \u4e0d\u53ef\u7528\uff1adependency-missing:Cannot find package '@xterm/headless' imported from D:\\a\\pan\\pan\\packages\\core\\terminal\\emulator_sidecar\\sidecar.mjs\uff1b\u6e05\u7406=converged\uff080.008s, pid=8440\uff09
pytest (3.14)	Run tests	2026-10-06T10:43:49.1947473Z FAILED tests/test_terminal_emulator.py::test_holdback_split_csi_and_protocol_a_recovery - packages.core.terminal.emulator.EmulatorStartupError: sidecar \u4e0d\u53ef\u7528\uff1adependency-missing:Cannot find package '@xterm/headless' imported from D:\\a\\pan\\pan\\packages\\core\\terminal\\emulator_sidecar\\sidecar.mjs\uff1b\u6e05\u7406=converged\uff080.006s, pid=8772\uff09
pytest (3.14)	Run tests	2026-10-06T10:43:49.1948552Z FAILED tests/test_terminal_emulator.py::test_holdback_split_osc_degrades_partial_and_recovers - packages.core.terminal.emulator.EmulatorStartupError: sidecar \u4e0d\u53ef\u7528\uff1adependency-missing:Cannot find package '@xterm/headless' imported from D:\\a\\pan\\pan\\packages\\core\\terminal\\emulator_sidecar\\sidecar.mjs\uff1b\u6e05\u7406=converged\uff080.006s, pid=2636\uff09
pytest (3.14)	Run tests	2026-10-06T10:43:49.1949588Z FAILED tests/test_terminal_emulator.py::test_snapshot_cursor_excludes_pending_tail - packages.core.terminal.emulator.EmulatorStartupError: sidecar \u4e0d\u53ef\u7528\uff1adependency-missing:Cannot find package '@xterm/headless' imported from D:\\a\\pan\\pan\\packages\\core\\terminal\\emulator_sidecar\\sidecar.mjs\uff1b\u6e05\u7406=converged\uff080.006s, pid=6996\uff09
pytest (3.14)	Run tests	2026-10-06T10:43:49.1950694Z FAILED tests/test_terminal_emulator.py::test_resize_queue_ordering_matches_reference - packages.core.terminal.emulator.EmulatorStartupError: sidecar \u4e0d\u53ef\u7528\uff1adependency-missing:Cannot find package '@xterm/headless' imported from D:\\a\\pan\\pan\\packages\\core\\terminal\\emulator_sidecar\\sidecar.mjs\uff1b\u6e05\u7406=converged\uff080.006s, pid=3808\uff09
pytest (3.14)	Run tests	2026-10-06T10:43:49.1951757Z FAILED tests/test_terminal_emulator.py::test_browserless_large_output_and_log_cursor_eviction - packages.core.terminal.emulator.EmulatorStartupError: sidecar \u4e0d\u53ef\u7528\uff1adependency-missing:Cannot find package '@xterm/headless' imported from D:\\a\\pan\\pan\\packages\\core\\terminal\\emulator_sidecar\\sidecar.mjs\uff1b\u6e05\u7406=converged\uff080.006s, pid=4968\uff09
pytest (3.14)	Run tests	2026-10-06T10:43:49.1952838Z FAILED tests/test_terminal_emulator.py::test_snapshot_cursor_is_applied_not_producer_frontier - packages.core.terminal.emulator.EmulatorStartupError: sidecar \u4e0d\u53ef\u7528\uff1adependency-missing:Cannot find package '@xterm/headless' imported from D:\\a\\pan\\pan\\packages\\core\\terminal\\emulator_sidecar\\sidecar.mjs\uff1b\u6e05\u7406=converged\uff080.006s, pid=4376\uff09
pytest (3.14)	Run tests	2026-10-06T10:43:49.1953870Z FAILED tests/test_terminal_emulator.py::test_expired_control_never_executes_late - packages.core.terminal.emulator.EmulatorStartupError: sidecar \u4e0d\u53ef\u7528\uff1adependency-missing:Cannot find package '@xterm/headless' imported from D:\\a\\pan\\pan\\packages\\core\\terminal\\emulator_sidecar\\sidecar.mjs\uff1b\u6e05\u7406=converged\uff080.006s, pid=9944\uff09
pytest (3.14)	Run tests	2026-10-06T10:43:49.1954947Z FAILED tests/test_terminal_emulator.py::test_feed_enqueue_never_waits_for_node - packages.core.terminal.emulator.EmulatorStartupError: sidecar \u4e0d\u53ef\u7528\uff1adependency-missing:Cannot find package '@xterm/headless' imported from D:\\a\\pan\\pan\\packages\\core\\terminal\\emulator_sidecar\\sidecar.mjs\uff1b\u6e05\u7406=converged\uff080.006s, pid=5908\uff09
pytest (3.14)	Run tests	2026-10-06T10:43:49.1955984Z FAILED tests/test_terminal_emulator.py::test_feed_overflow_is_sticky_degraded_and_bounded - packages.core.terminal.emulator.EmulatorStartupError: sidecar \u4e0d\u53ef\u7528\uff1adependency-missing:Cannot find package '@xterm/headless' imported from D:\\a\\pan\\pan\\packages\\core\\terminal\\emulator_sidecar\\sidecar.mjs\uff1b\u6e05\u7406=converged\uff080.006s, pid=8636\uff09
pytest (3.14)	Run tests	2026-10-06T10:43:49.1956997Z FAILED tests/test_terminal_emulator.py::test_control_queue_overflow_is_visible - packages.core.terminal.emulator.EmulatorStartupError: sidecar \u4e0d\u53ef\u7528\uff1adependency-missing:Cannot find package '@xterm/headless' imported from D:\\a\\pan\\pan\\packages\\core\\terminal\\emulator_sidecar\\sidecar.mjs\uff1b\u6e05\u7406=converged\uff080.006s, pid=1692\uff09
pytest (3.14)	Run tests	2026-10-06T10:43:49.1958087Z FAILED tests/test_terminal_emulator.py::test_unknown_sequence_after_event_saturation_is_detected - packages.core.terminal.emulator.EmulatorStartupError: sidecar \u4e0d\u53ef\u7528\uff1adependency-missing:Cannot find package '@xterm/headless' imported from D:\\a\\pan\\pan\\packages\\core\\terminal\\emulator_sidecar\\sidecar.mjs\uff1b\u6e05\u7406=converged\uff080.006s, pid=7712\uff09
pytest (3.14)	Run tests	2026-10-06T10:43:49.1959102Z FAILED tests/test_terminal_emulator.py::test_engine_op_error_is_sticky_degraded - packages.core.terminal.emulator.EmulatorStartupError: sidecar \u4e0d\u53ef\u7528\uff1adependency-missing:Cannot find package '@xterm/headless' imported from D:\\a\\pan\\pan\\packages\\core\\terminal\\emulator_sidecar\\sidecar.mjs\uff1b\u6e05\u7406=converged\uff080.006s, pid=1912\uff09
pytest (3.14)	Run tests	2026-10-06T10:43:49.1960416Z FAILED tests/test_terminal_emulator.py::test_reset_baseline_uses_execution_position_not_future_frontier - packages.core.terminal.emulator.EmulatorStartupError: sidecar \u4e0d\u53ef\u7528\uff1adependency-missing:Cannot find package '@xterm/headless' imported from D:\\a\\pan\\pan\\packages\\core\\terminal\\emulator_sidecar\\sidecar.mjs\uff1b\u6e05\u7406=converged\uff080.006s, pid=9032\uff09
pytest (3.14)	Run tests	2026-10-06T10:43:49.1962919Z FAILED tests/test_terminal_emulator.py::test_reset_clears_old_gap_and_never_fakes_full - packages.core.terminal.emulator.EmulatorStartupError: sidecar \u4e0d\u53ef\u7528\uff1adependency-missing:Cannot find package '@xterm/headless' imported from D:\\a\\pan\\pan\\packages\\core\\terminal\\emulator_sidecar\\sidecar.mjs\uff1b\u6e05\u7406=converged\uff080.006s, pid=4364\uff09
pytest (3.14)	Run tests	2026-10-06T10:43:49.1964303Z FAILED tests/test_terminal_emulator.py::test_duplicate_feed_bytes_not_double_consumed - packages.core.terminal.emulator.EmulatorStartupError: sidecar \u4e0d\u53ef\u7528\uff1adependency-missing:Cannot find package '@xterm/headless' imported from D:\\a\\pan\\pan\\packages\\core\\terminal\\emulator_sidecar\\sidecar.mjs\uff1b\u6e05\u7406=converged\uff080.006s, pid=5028\uff09
pytest (3.14)	Run tests	2026-10-06T10:43:49.1965411Z FAILED tests/test_terminal_emulator.py::test_sidecar_crash_is_visible_and_close_converges - packages.core.terminal.emulator.EmulatorStartupError: sidecar \u4e0d\u53ef\u7528\uff1adependency-missing:Cannot find package '@xterm/headless' imported from D:\\a\\pan\\pan\\packages\\core\\terminal\\emulator_sidecar\\sidecar.mjs\uff1b\u6e05\u7406=converged\uff080.006s, pid=5320\uff09
pytest (3.14)	Run tests	2026-10-06T10:43:49.1966888Z FAILED tests/test_terminal_emulator.py::test_close_failure_retains_resources_then_retry_converges - packages.core.terminal.emulator.EmulatorStartupError: sidecar \u4e0d\u53ef\u7528\uff1adependency-missing:Cannot find package '@xterm/headless' imported from D:\\a\\pan\\pan\\packages\\core\\terminal\\emulator_sidecar\\sidecar.mjs\uff1b\u6e05\u7406=converged\uff080.006s, pid=2292\uff09
pytest (3.14)	Run tests	2026-10-06T10:43:49.1968208Z FAILED tests/test_terminal_emulator.py::test_guard_close_failure_is_retryable - packages.core.terminal.emulator.EmulatorStartupError: sidecar \u4e0d\u53ef\u7528\uff1adependency-missing:Cannot find package '@xterm/headless' imported from D:\\a\\pan\\pan\\packages\\core\\terminal\\emulator_sidecar\\sidecar.mjs\uff1b\u6e05\u7406=converged\uff080.006s, pid=6452\uff09
pytest (3.14)	Run tests	2026-10-06T10:43:49.1968598Z FAILED tests/test_terminal_emulator.py::test_runner_hard_death_kills_sidecar_via_job - AssertionError: al\emulator.py", line 747, in __init__
pytest (3.14)	Run tests	2026-10-06T10:43:49.1968605Z 
pytest (3.14)	Run tests	2026-10-06T10:43:49.1968697Z       self._spawn_and_handshake()
pytest (3.14)	Run tests	2026-10-06T10:43:49.1968702Z 
pytest (3.14)	Run tests	2026-10-06T10:43:49.1968795Z       ~~~~~~~~~~~~~~~~~~~~~~~~~^^
pytest (3.14)	Run tests	2026-10-06T10:43:49.1968800Z 
pytest (3.14)	Run tests	2026-10-06T10:43:49.1975889Z     File "D:\a\pan\pan\packages\core\terminal\emulator.py", line 838, in _spawn_and_handshake
pytest (3.14)	Run tests	2026-10-06T10:43:49.1975962Z 
pytest (3.14)	Run tests	2026-10-06T10:43:49.1976185Z       self._fail_startup(f"sidecar \u4e0d\u53ef\u7528\uff1a{self._startup_failure}")
pytest (3.14)	Run tests	2026-10-06T10:43:49.1976216Z 
pytest (3.14)	Run tests	2026-10-06T10:43:49.1976332Z       ~~~~~~~~~~~~~~~~~~^^^^^^^^^^^^^^^^^^^^^^^^^^^^^^^^^^^^^^^^^^^^
pytest (3.14)	Run tests	2026-10-06T10:43:49.1976339Z 
pytest (3.14)	Run tests	2026-10-06T10:43:49.1976582Z     File "D:\a\pan\pan\packages\core\terminal\emulator.py", line 904, in _fail_startup
pytest (3.14)	Run tests	2026-10-06T10:43:49.1976590Z 
pytest (3.14)	Run tests	2026-10-06T10:43:49.1976795Z       raise EmulatorStartupError(message, owner=owner, residual=residual) from cause
pytest (3.14)	Run tests	2026-10-06T10:43:49.1976814Z 
pytest (3.14)	Run tests	2026-10-06T10:43:49.1977642Z   packages.core.terminal.emulator.EmulatorStartupError: sidecar \u4e0d\u53ef\u7528\uff1adependency-missing:Cannot find package '@xterm/headless' imported from D:\a\pan\pan\packages\core\terminal\emulator_sidecar\sidecar.mjs\uff1b\u6e05\u7406=converged\uff080.006s, pid=5024\uff09
pytest (3.14)	Run tests	2026-10-06T10:43:49.1977650Z 
pytest (3.14)	Run tests	2026-10-06T10:43:49.1977730Z   
pytest (3.14)	Run tests	2026-10-06T10:43:49.1977804Z assert 1 == 7
pytest (3.14)	Run tests	2026-10-06T10:43:49.1978534Z  +  where 1 = CompletedProcess(args=['C:\\hostedtoolcache\\windows\\Python\\3.14.7\\x64\\python.exe', '-c', "import json, os, sys\ns...kages\\core\\terminal\\emulator_sidecar\\sidecar.mjs\\uff1b\\u6e05\\u7406=converged\\uff080.006s, pid=5024\\uff09\r\n').returncode
pytest (3.14)	Run tests	2026-10-06T10:43:49.1979640Z FAILED tests/test_terminal_emulator.py::test_no_process_leaks_after_close - packages.core.terminal.emulator.EmulatorStartupError: sidecar \u4e0d\u53ef\u7528\uff1adependency-missing:Cannot find package '@xterm/headless' imported from D:\\a\\pan\\pan\\packages\\core\\terminal\\emulator_sidecar\\sidecar.mjs\uff1b\u6e05\u7406=converged\uff080.006s, pid=9956\uff09
pytest (3.14)	Run tests	2026-10-06T10:43:49.1981455Z FAILED tests/test_terminal_emulator.py::test_stderr_join_failure_is_accounted_and_retryable - packages.core.terminal.emulator.EmulatorStartupError: sidecar \u4e0d\u53ef\u7528\uff1adependency-missing:Cannot find package '@xterm/headless' imported from D:\\a\\pan\\pan\\packages\\core\\terminal\\emulator_sidecar\\sidecar.mjs\uff1b\u6e05\u7406=converged\uff080.006s, pid=3288\uff09
pytest (3.14)	Run tests	2026-10-06T10:43:49.1982602Z FAILED tests/test_terminal_emulator.py::test_stream_close_failure_is_accounted_and_retryable - packages.core.terminal.emulator.EmulatorStartupError: sidecar \u4e0d\u53ef\u7528\uff1adependency-missing:Cannot find package '@xterm/headless' imported from D:\\a\\pan\\pan\\packages\\core\\terminal\\emulator_sidecar\\sidecar.mjs\uff1b\u6e05\u7406=converged\uff080.006s, pid=8300\uff09
pytest (3.14)	Run tests	2026-10-06T10:43:49.1983683Z FAILED tests/test_terminal_emulator.py::test_resize_wait_confirmation_surface - packages.core.terminal.emulator.EmulatorStartupError: sidecar \u4e0d\u53ef\u7528\uff1adependency-missing:Cannot find package '@xterm/headless' imported from D:\\a\\pan\\pan\\packages\\core\\terminal\\emulator_sidecar\\sidecar.mjs\uff1b\u6e05\u7406=converged\uff080.006s, pid=1192\uff09
pytest (3.14)	Run tests	2026-10-06T10:43:49.1984864Z FAILED tests/test_terminal_emulator.py::test_close_timeout_bounds_total_call_including_lock_wait - packages.core.terminal.emulator.EmulatorStartupError: sidecar \u4e0d\u53ef\u7528\uff1adependency-missing:Cannot find package '@xterm/headless' imported from D:\\a\\pan\\pan\\packages\\core\\terminal\\emulator_sidecar\\sidecar.mjs\uff1b\u6e05\u7406=converged\uff080.006s, pid=6752\uff09
pytest (3.14)	Run tests	2026-10-06T10:43:49.1986050Z FAILED tests/test_terminal_emulator.py::test_kill_timeout_wired_to_remaining_budget - packages.core.terminal.emulator.EmulatorStartupError: sidecar \u4e0d\u53ef\u7528\uff1adependency-missing:Cannot find package '@xterm/headless' imported from D:\\a\\pan\\pan\\packages\\core\\terminal\\emulator_sidecar\\sidecar.mjs\uff1b\u6e05\u7406=converged\uff080.006s, pid=8684\uff09
pytest (3.14)	Run tests	2026-10-06T10:43:49.1987136Z FAILED tests/test_terminal_emulator.py::test_feed_batching_merges_adjacent_feeds - packages.core.terminal.emulator.EmulatorStartupError: sidecar \u4e0d\u53ef\u7528\uff1adependency-missing:Cannot find package '@xterm/headless' imported from D:\\a\\pan\\pan\\packages\\core\\terminal\\emulator_sidecar\\sidecar.mjs\uff1b\u6e05\u7406=converged\uff080.006s, pid=1628\uff09
pytest (3.14)	Run tests	2026-10-06T10:43:49.1988253Z FAILED tests/test_terminal_emulator.py::test_feed_batching_stops_at_gap_and_control - packages.core.terminal.emulator.EmulatorStartupError: sidecar \u4e0d\u53ef\u7528\uff1adependency-missing:Cannot find package '@xterm/headless' imported from D:\\a\\pan\\pan\\packages\\core\\terminal\\emulator_sidecar\\sidecar.mjs\uff1b\u6e05\u7406=converged\uff080.006s, pid=4980\uff09
pytest (3.14)	Run tests	2026-10-06T10:43:49.1989373Z FAILED tests/test_terminal_emulator.py::test_feed_batching_prefix_split_utf8_csi_osc_equivalence - packages.core.terminal.emulator.EmulatorStartupError: sidecar \u4e0d\u53ef\u7528\uff1adependency-missing:Cannot find package '@xterm/headless' imported from D:\\a\\pan\\pan\\packages\\core\\terminal\\emulator_sidecar\\sidecar.mjs\uff1b\u6e05\u7406=converged\uff080.006s, pid=9364\uff09
pytest (3.14)	Run tests	2026-10-06T10:43:49.1990493Z FAILED tests/test_terminal_emulator.py::test_feed_batching_error_ack_binds_batch - packages.core.terminal.emulator.EmulatorStartupError: sidecar \u4e0d\u53ef\u7528\uff1adependency-missing:Cannot find package '@xterm/headless' imported from D:\\a\\pan\\pan\\packages\\core\\terminal\\emulator_sidecar\\sidecar.mjs\uff1b\u6e05\u7406=converged\uff080.006s, pid=7660\uff09
pytest (3.14)	Run tests	2026-10-06T10:43:49.1991627Z FAILED tests/test_terminal_emulator.py::test_feed_batching_accounting_in_flight_and_close - packages.core.terminal.emulator.EmulatorStartupError: sidecar \u4e0d\u53ef\u7528\uff1adependency-missing:Cannot find package '@xterm/headless' imported from D:\\a\\pan\\pan\\packages\\core\\terminal\\emulator_sidecar\\sidecar.mjs\uff1b\u6e05\u7406=converged\uff080.006s, pid=2656\uff09
pytest (3.14)	Run tests	2026-10-06T10:43:49.1992189Z FAILED tests/test_terminal_identity.py::test_probe_unknown_is_not_dead - AssertionError: assert <ProcessStatus.ALIVE: 'alive'> is <ProcessStatus.UNKNOWN: 'unknown'>
pytest (3.14)	Run tests	2026-10-06T10:43:49.1992801Z  +  where <ProcessStatus.ALIVE: 'alive'> = ProcessProbe(status=<ProcessStatus.ALIVE: 'alive'>, identity=ProcessIdentity(pid=4, created_at_filetime=134357561198231296, created_at=None, image=None), detail='').status
pytest (3.14)	Run tests	2026-10-06T10:43:49.1992980Z  +  and   <ProcessStatus.UNKNOWN: 'unknown'> = ProcessStatus.UNKNOWN
pytest (3.14)	Run tests	2026-10-06T10:43:49.1994594Z FAILED tests/test_terminal_secret_store.py::test_f9_concurrent_writes_and_identity_updates_preserve_fields - AssertionError: \u5e76\u53d1\u5199/\u8bfb\u4e0d\u5f97\u5931\u8d25\u6216\u4e22\u5b57\u6bb5: [SecretStoreError('cannot read secret file: term_f9_concurrent.secret')]\nassert [SecretStoreE...rent.secret')] == []\n  \n  Left contains one more item: SecretStoreError('cannot read secret file: term_f9_concurrent.secret')\n  \n  Full diff:\n  - []\n  + [\n  +     SecretStoreError('cannot read secret file: term_f9_concurrent.secret'),\n  + ]
pytest (3.14)	Run tests	2026-10-06T10:43:49.1995179Z FAILED tests/test_terminal_tools_api.py::test_real_stdio_mcp_conpty_roundtrip - AssertionError("{'ok': False, 'error': {'code': 'terminal-tool-failed'}}\nassert False") [single exception in ExceptionGroup]
pytest (3.14)	Run tests	2026-10-06T10:43:49.1995967Z FAILED tests/test_terminal_windows_backend.py::test_ctrl_c_input_channel_and_survival - AssertionError: b'ppData\\Local\\Temp\\pytest-of-runneradmin\\pytest-0\\test_ctrl_c_input_channel_and_0\\ctrl_c_child.py"\x1b[m, line \x1b[35m4\x1b[m, in \x1b[35m<module>\x1b[m\r
pytest (3.14)	Run tests	2026-10-06T10:43:49.1996172Z       line = sys.stdin.readline()\x1b[35m\x1b[1m\r
pytest (3.14)	Run tests	2026-10-06T10:43:49.1996262Z   KeyboardInterrupt\r
pytest (3.14)	Run tests	2026-10-06T10:43:49.1996336Z   '
pytest (3.14)	Run tests	2026-10-06T10:43:49.1996423Z assert 'timeout' == 'found'
pytest (3.14)	Run tests	2026-10-06T10:43:49.1996502Z   
pytest (3.14)	Run tests	2026-10-06T10:43:49.1996575Z   - found
pytest (3.14)	Run tests	2026-10-06T10:43:49.1996658Z   + timeout
pytest (3.14)	Run tests	2026-10-06T10:43:50.0468226Z ##[error]Process completed with exit code 1.
pytest (3.14)	Post Run actions/checkout@v4	﻿2026-10-06T10:43:50.0727805Z Post job cleanup.
pytest (3.14)	Post Run actions/checkout@v4	2026-10-06T10:43:50.2506672Z [command]"C:\Program Files\Git\bin\git.exe" version
pytest (3.14)	Post Run actions/checkout@v4	2026-10-06T10:43:50.2803527Z git version 2.55.0.windows.5
pytest (3.14)	Post Run actions/checkout@v4	2026-10-06T10:43:50.2882931Z Temporarily overriding HOME='D:\a\_temp\bf5af043-917a-45fa-ae76-044be47a065b' before making global git config changes
pytest (3.14)	Post Run actions/checkout@v4	2026-10-06T10:43:50.2884017Z Adding repository directory to the temporary git global config as a safe directory
pytest (3.14)	Post Run actions/checkout@v4	2026-10-06T10:43:50.2892634Z [command]"C:\Program Files\Git\bin\git.exe" config --global --add safe.directory D:\a\pan\pan
pytest (3.14)	Post Run actions/checkout@v4	2026-10-06T10:43:50.3221627Z [command]"C:\Program Files\Git\bin\git.exe" config --local --name-only --get-regexp core\.sshCommand
pytest (3.14)	Post Run actions/checkout@v4	2026-10-06T10:43:50.3527767Z [command]"C:\Program Files\Git\bin\git.exe" submodule foreach --recursive "sh -c \"git config --local --name-only --get-regexp 'core\.sshCommand' && git config --local --unset-all 'core.sshCommand' || :\""
pytest (3.14)	Post Run actions/checkout@v4	2026-10-06T10:43:50.9500547Z [command]"C:\Program Files\Git\bin\git.exe" config --local --name-only --get-regexp http\.https\:\/\/github\.com\/\.extraheader
pytest (3.14)	Post Run actions/checkout@v4	2026-10-06T10:43:50.9754025Z http.https://github.com/.extraheader
pytest (3.14)	Post Run actions/checkout@v4	2026-10-06T10:43:50.9799602Z [command]"C:\Program Files\Git\bin\git.exe" config --local --unset-all http.https://github.com/.extraheader
pytest (3.14)	Post Run actions/checkout@v4	2026-10-06T10:43:51.0100298Z [command]"C:\Program Files\Git\bin\git.exe" submodule foreach --recursive "sh -c \"git config --local --name-only --get-regexp 'http\.https\:\/\/github\.com\/\.extraheader' && git config --local --unset-all 'http.https://github.com/.extraheader' || :\""
pytest (3.14)	Post Run actions/checkout@v4	2026-10-06T10:43:51.5525626Z [command]"C:\Program Files\Git\bin\git.exe" config --local --name-only --get-regexp ^includeIf\.gitdir:
pytest (3.14)	Post Run actions/checkout@v4	2026-10-06T10:43:51.5822183Z [command]"C:\Program Files\Git\bin\git.exe" submodule foreach --recursive "git config --local --show-origin --name-only --get-regexp remote.origin.url"
pytest (3.14)	Complete job	﻿2026-10-06T10:43:52.1549114Z Cleaning up orphan processes
pytest (3.14)	Complete job	2026-10-06T10:43:52.1919193Z ##[warning]Node.js 20 is deprecated. The following actions target Node.js 20 but are being forced to run on Node.js 24: actions/checkout@v4, actions/setup-python@v5. For more information see: https://github.blog/changelog/2025-09-19-deprecation-of-node-20-on-github-actions-runners/
